# Blender 4.0.0
# www.blender.org
o Mesh0
v 0.078044 0.859098 0.792459
v 0.066247 0.857430 0.783376
v 0.043425 0.874053 0.789409
v 0.024010 0.867548 0.797393
v 0.027093 0.890739 0.775232
v 0.025797 0.882327 0.799901
v 0.021891 0.834412 0.742802
v 0.034729 0.836871 0.733892
v 0.036668 0.874386 0.753278
v 0.015551 0.885958 0.767986
v 0.030061 0.851079 0.806716
v 0.016000 0.895864 0.799357
v 0.006973 0.882105 0.809266
v 0.015162 0.906091 0.797607
v 0.032409 0.837119 0.794275
v -0.000148 0.895463 0.822216
v 0.036278 0.822306 0.718205
v -0.011185 0.835474 0.700169
v 0.010368 0.804870 0.714550
v -0.014164 0.893492 0.799500
v 0.037783 0.916271 0.768962
v 0.043005 0.811389 0.839867
v 0.048458 0.792350 0.831421
v -0.003981 0.911282 0.827084
v -0.009560 0.818201 0.699340
v -0.005254 0.799531 0.739899
v 0.006379 0.805550 0.704230
v -0.022123 0.854827 0.712550
v 0.047677 0.923190 0.777682
v 0.028804 0.819667 0.837775
v 0.049805 0.767874 0.818320
v -0.017968 0.861685 0.849419
v -0.038864 0.899537 0.822683
v -0.033108 0.903613 0.835880
v 0.014538 0.788852 0.712708
v 0.020124 0.924844 0.825473
v -0.053693 0.900756 0.815899
v -0.050916 0.910573 0.828618
v -0.027038 0.871172 0.708849
v 0.014108 0.869283 0.701593
v -0.049897 0.836719 0.747189
v 0.008142 0.932541 0.743236
v 0.037196 0.797156 0.840559
v -0.037064 0.853344 0.845439
v -0.033055 0.906729 0.837600
v -0.051094 0.841853 0.695278
v -0.021441 0.921614 0.746762
v -0.010585 0.944875 0.751363
v 0.057236 0.771354 0.810948
v -0.016877 0.831336 0.855042
v -0.053349 0.913188 0.799810
v -0.073016 0.925591 0.847012
v 0.049510 0.785833 0.697238
v 0.023469 0.785729 0.739101
v -0.063136 0.836161 0.702093
v 0.008201 0.950478 0.737251
v -0.018997 0.913490 0.739993
v 0.031771 0.770485 0.760672
v -0.027513 0.831789 0.866672
v -0.092315 0.800140 0.815319
v -0.042551 0.832777 0.852879
v -0.082168 0.902656 0.801950
v -0.065000 0.905293 0.799673
v -0.093531 0.922263 0.846188
v 0.043958 0.791205 0.711371
v 0.041532 0.780330 0.666501
v 0.036819 0.814519 0.663800
v 0.014394 0.757720 0.707811
v -0.035403 0.798509 0.697681
v -0.053048 0.855797 0.709579
v 0.012335 0.900898 0.706326
v 0.052563 0.838467 0.675348
v -0.024034 0.920671 0.762299
v -0.031865 0.924929 0.731857
v 0.023766 0.736527 0.858987
v 0.023052 0.744548 0.843049
v 0.051333 0.732205 0.791297
v 0.094383 0.809962 0.806274
v 0.104333 0.804658 0.794207
v -0.050469 0.932359 0.820692
v -0.095922 0.921120 0.838209
v -0.114650 0.907701 0.829157
v 0.048480 0.828224 0.668781
v 0.036111 0.741727 0.746277
v 0.023007 0.741053 0.729269
v -0.060987 0.849169 0.687955
v -0.074422 0.860031 0.717086
v 0.026187 0.899406 0.709034
v -0.037482 0.907666 0.718305
v 0.002046 0.925542 0.711395
v 0.057055 0.847277 0.681135
v 0.067317 0.769905 0.740383
v 0.023712 0.758981 0.810785
v -0.080310 0.803861 0.791270
v -0.074524 0.798290 0.833084
v -0.083239 0.784537 0.805116
v -0.109297 0.765407 0.838613
v -0.053411 0.922354 0.810606
v -0.112562 0.922436 0.829700
v 0.044514 0.756633 0.666215
v 0.028315 0.743674 0.699772
v 0.028369 0.753228 0.711190
v -0.063895 0.843563 0.656565
v -0.072019 0.838848 0.693556
v -0.080021 0.839416 0.746414
v 0.057525 0.829903 0.667688
v 0.055804 0.849019 0.683316
v -0.018376 0.935539 0.710080
v -0.034799 0.944117 0.735132
v 0.019804 0.724143 0.881234
v 0.005907 0.741696 0.872062
v -0.023337 0.799292 0.873628
v -0.082324 0.796063 0.848282
v -0.044798 0.819932 0.828759
v -0.040695 0.945246 0.823679
v -0.083732 0.885467 0.770806
v -0.126038 0.920074 0.848005
v 0.020160 0.743377 0.650054
v 0.026662 0.749808 0.743065
v -0.061438 0.805479 0.656687
v -0.072314 0.858292 0.720988
v -0.060145 0.781549 0.686767
v -0.071651 0.798083 0.675777
v 0.058611 0.766591 0.714367
v -0.082743 0.862597 0.762981
v -0.084239 0.839762 0.666161
v -0.093308 0.820328 0.754788
v -0.085033 0.854666 0.752147
v 0.018546 0.900575 0.688053
v 0.035156 0.721654 0.778775
v -0.018062 0.755411 0.857388
v -0.090307 0.861523 0.820410
v -0.099867 0.857134 0.827815
v -0.091636 0.803707 0.761092
v -0.106473 0.876257 0.774137
v -0.030173 0.960233 0.819740
v 0.003566 0.784678 0.618853
v -0.062196 0.780383 0.675208
v -0.083774 0.815237 0.659479
v -0.074573 0.796138 0.649178
v -0.068342 0.762875 0.726766
v -0.086277 0.793489 0.683087
v 0.041002 0.873558 0.685173
v -0.109103 0.827540 0.844566
v -0.093481 0.797693 0.661787
v -0.009684 0.753410 0.728680
v -0.008533 0.740641 0.717048
v -0.016746 0.765309 0.765411
v -0.073908 0.761872 0.721493
v -0.094955 0.803028 0.678203
v -0.100982 0.791429 0.751668
v -0.097933 0.865099 0.823901
v -0.089214 0.777192 0.715698
v -0.078106 0.747045 0.710014
v -0.000323 0.705480 0.684767
v -0.003871 0.716724 0.696442
v -0.081242 0.738891 0.686933
v -0.084170 0.760689 0.649868
v -0.091835 0.760632 0.716413
v -0.044967 0.722373 0.736577
v -0.043092 0.712148 0.725703
v -0.070876 0.733559 0.709294
v -0.062093 0.723204 0.720977
v -0.063747 0.707694 0.697078
v -0.060976 0.747467 0.792387
v -0.117610 0.781747 0.786088
v -0.120305 0.793195 0.790184
v -0.024768 0.691223 0.728212
v -0.076402 0.751501 0.796871
v -0.026603 0.679404 0.749642
v -0.071350 0.695303 0.735655
v -0.104209 0.747057 0.790820
v -0.116329 0.754722 0.798542
v -0.072254 0.703374 0.749669
v -0.079931 0.741256 0.816919
v -0.053846 0.712857 0.805432
v -0.026295 0.720139 0.773077
v -0.038839 0.698275 0.808857
v -0.032894 0.704335 0.785408
v -0.023262 0.729613 0.769161
v -0.090914 0.739386 0.861859
v -0.079151 0.729059 0.868802
v -0.091709 0.732918 0.874080
v -0.039771 0.693076 0.839893
v -0.051401 0.695806 0.851546
v -0.063082 0.703959 0.864443
v -0.034748 0.695936 0.839874
v -0.027394 0.706008 0.873631
v -0.092988 0.750742 -0.137788
v -0.081236 0.774128 -0.132459
v -0.103176 0.756295 -0.139220
v -0.082848 0.750317 -0.151120
v -0.063408 0.788731 -0.144936
v -0.117068 0.753950 -0.147901
v -0.079443 0.776566 -0.148464
v -0.097354 0.764957 -0.170755
v -0.115771 0.741878 -0.195823
v -0.099931 0.777857 -0.251193
v -0.120134 0.775041 -0.232771
v -0.074114 0.637589 -0.238143
v -0.081077 0.521653 -0.189157
v -0.059759 0.621060 -0.231922
v -0.124442 0.506399 -0.188670
v -0.056777 0.519763 -0.198371
v -0.073382 0.565876 -0.291968
v -0.062061 0.603903 -0.315769
v -0.077108 0.519983 -0.305148
v 0.052618 0.723647 -0.511083
v 0.061224 0.645626 -0.229307
v 0.062598 0.633718 -0.260304
v -0.009272 0.786418 -0.506911
v -0.122252 0.505689 -0.112060
v 0.002714 0.527990 -0.180227
v -0.124626 0.500513 -0.301077
v -0.002963 0.672736 -0.500396
v 0.060548 0.613174 -0.255268
v -0.138340 0.472929 -0.086970
v -0.031044 0.524012 -0.306361
v -0.040026 0.723407 -0.520654
v 0.012515 0.505367 -0.123986
v 0.060419 0.493045 -0.153481
v 0.058981 0.600336 -0.233594
v 0.070856 0.657887 -0.157174
v 0.060448 0.519002 -0.198694
v 0.025912 0.529551 -0.307653
v 0.073912 0.520623 -0.293795
v -0.245743 0.470760 -0.065109
v 0.080827 0.753900 -0.172696
v 0.073996 0.758368 -0.157531
v 0.091058 0.793990 -0.291894
v 0.105146 0.781697 -0.220172
v 0.105807 0.790191 -0.290019
v 0.118534 0.509295 -0.288966
v 0.109756 0.767134 -0.236005
v -0.002825 0.500535 -0.480549
v 0.026662 0.508720 -0.447867
v 0.109798 0.487535 -0.355224
v -0.418074 0.511041 -0.281129
v -0.088710 0.488149 0.208344
v -0.490440 0.504229 -0.157268
v -0.376082 0.512706 -0.393217
v -0.212710 0.507907 0.163350
v -0.191764 0.508355 -0.594603
v -0.472054 0.513292 -0.285716
v -0.445881 0.507018 -0.008856
v -0.101994 0.512754 -0.630949
v -0.423143 0.600870 -0.275884
v -0.428380 0.602847 -0.176297
v -0.343901 0.507820 0.080014
v 0.002134 0.504411 -0.644282
v -0.274032 0.515539 -0.546330
v -0.250073 0.501784 0.206796
v -0.000525 0.501935 0.222779
v -0.076892 0.502779 0.261363
v -0.215322 0.511739 -0.640049
v -0.343553 0.500745 -0.475244
v -0.485971 0.589873 -0.164587
v -0.355008 0.511608 0.093464
v -0.090493 0.594186 0.207631
v -0.111605 0.515352 -0.682845
v 0.014890 0.504804 -0.679611
v -0.312581 0.510644 -0.566525
v -0.444451 0.510866 -0.397351
v -0.472059 0.598557 -0.283520
v -0.412764 0.606462 -0.014195
v -0.000351 0.503423 0.264114
v 0.407831 0.510176 -0.093648
v -0.197459 0.601768 0.164445
v 0.019869 0.540738 0.225521
v 0.082938 0.508921 -0.629344
v -0.202491 0.604532 -0.608763
v -0.377566 0.505331 -0.490994
v -0.394041 0.608179 -0.384888
v -0.359140 0.602208 0.070215
v -0.438370 0.601813 0.002704
v 0.017078 0.560126 0.220933
v -0.112420 0.601899 0.259974
v -0.095827 0.595924 -0.632329
v 0.453155 0.509346 -0.095870
v 0.419169 0.494499 -0.177113
v -0.013446 0.599322 -0.650745
v -0.233763 0.603809 -0.641844
v -0.236595 0.600892 0.205410
v 0.140288 0.499161 0.197602
v -0.102032 0.601529 -0.670711
v -0.266749 0.606716 -0.574429
v -0.441447 0.607649 -0.402681
v -0.444467 0.355605 -0.098346
v -0.381022 0.599309 0.087213
v 0.051898 0.604452 0.211339
v 0.209346 0.514008 0.167103
v 0.362996 0.521173 0.009431
v 0.241944 0.485055 -0.553562
v 0.116721 0.516027 -0.662984
v -0.312308 0.601682 -0.578230
v 0.390309 0.510859 -0.379360
v -0.362775 0.600048 -0.455633
v 0.041469 0.593353 0.219249
v -0.008212 0.602059 -0.686518
v 0.418553 0.497858 -0.303136
v 0.168334 0.503648 0.240881
v 0.226797 0.509017 0.200369
v 0.399145 0.603058 -0.082271
v 0.281846 0.498818 -0.520611
v -0.234446 0.360551 0.211131
v 0.128998 0.587732 0.204811
v 0.323113 0.500598 0.084898
v 0.482614 0.511442 -0.182072
v 0.110870 0.598322 -0.618802
v -0.392115 0.605826 -0.491129
v -0.416815 0.356494 -0.302936
v 0.407588 0.506726 0.044508
v 0.453587 0.602160 -0.074851
v 0.242097 0.504286 -0.619770
v -0.434172 0.356824 -0.264033
v -0.413774 0.368170 -0.070965
v 0.368495 0.600161 0.009375
v 0.423320 0.602562 -0.184357
v 0.118673 0.602296 -0.660162
v 0.013823 0.360939 -0.667623
v -0.362083 0.350025 0.075121
v 0.338087 0.529269 0.117603
v 0.471675 0.604834 -0.167589
v 0.194762 0.604888 -0.577491
v 0.472250 0.508579 -0.298458
v 0.346121 0.502627 -0.532372
v 0.380496 0.599268 -0.388327
v -0.381151 0.366109 0.016565
v -0.380087 0.345234 0.060964
v 0.136930 0.604781 0.246643
v 0.114342 0.381222 -0.706824
v -0.016801 0.369055 -0.645567
v 0.413635 0.598302 -0.282490
v -0.184566 0.349865 0.197596
v 0.123326 0.382762 -0.691504
v -0.300471 0.358589 -0.510487
v 0.325963 0.596005 -0.484458
v -0.361649 0.346125 0.034009
v -0.173605 0.366201 0.182040
v 0.424439 0.594429 0.035673
v 0.427286 0.603866 -0.415328
v 0.317368 0.599015 0.113245
v 0.234856 0.607529 -0.623109
v -0.312302 0.370512 -0.499779
v 0.469710 0.600528 -0.295027
v 0.328771 0.601616 0.128299
v 0.427306 0.346608 -0.087922
v 0.361899 0.601673 -0.512074
v -0.317763 0.289966 0.047112
v -0.319835 0.310249 0.027011
v 0.148543 0.367806 0.245867
v -0.363070 0.362439 -0.419697
v 0.098009 0.367121 0.219419
v 0.366582 0.366401 0.116811
v 0.404221 0.368947 -0.127058
v -0.347636 0.360042 -0.411061
v 0.105611 0.349467 0.231249
v 0.419368 0.367406 -0.021404
v -0.333777 0.267994 -0.009237
v 0.139331 0.351489 0.225251
v 0.160337 0.348739 -0.593901
v -0.235194 0.257662 -0.496716
v -0.216903 0.270409 -0.494037
v 0.364929 0.346795 0.062118
v 0.410533 0.366386 -0.215289
v 0.409864 0.343867 -0.227294
v 0.172521 0.366330 -0.592390
v 0.341588 0.361359 -0.460045
v 0.328490 0.367688 -0.441171
v -0.385508 -0.048505 -0.132059
v -0.370521 -0.066228 -0.238147
v -0.039751 -0.084077 0.194004
v 0.000965 -0.070630 0.187199
v -0.316196 -0.067637 -0.134319
v -0.000337 -0.059472 -0.568815
v 0.034492 -0.063833 -0.567450
v -0.003707 -0.077509 0.133205
v -0.306783 -0.049596 -0.213442
v -0.389214 -0.191862 -0.147244
v -0.025810 -0.063053 0.123687
v -0.299781 -0.056117 -0.224588
v -0.005415 -0.197173 0.195006
v -0.370147 -0.208210 -0.247097
v -0.316730 -0.013465 -0.240735
v -0.031691 -0.026747 0.141842
v -0.314500 -0.218370 -0.125914
v 0.386473 -0.067372 -0.159572
v 0.382918 -0.053052 -0.221748
v 0.026224 -0.114214 0.136324
v -0.035787 -0.191161 0.118841
v -0.015169 -0.216652 -0.554965
v 0.062256 -0.075788 -0.489886
v -0.304812 -0.227210 -0.223112
v 0.041244 -0.140528 0.145626
v 0.049584 -0.214845 -0.558388
v 0.011563 -0.208155 0.133915
v 0.310089 -0.059186 -0.204128
v -0.040667 -0.229487 0.118349
v 0.317145 -0.058002 -0.147869
v 0.387669 -0.199746 -0.139131
v 0.059236 -0.230914 -0.486677
v -0.015488 -0.217635 -0.484164
v -0.188621 -0.380573 0.171253
v -0.162217 -0.309077 -0.525436
v 0.374197 -0.199557 -0.216003
v -0.175441 -0.407228 0.184129
v 0.383523 -0.256311 -0.139471
v 0.323038 -0.211068 -0.136954
v -0.316949 0.260331 -0.204009
v 0.312089 -0.212317 -0.224905
v 0.379728 -0.241504 -0.255416
v 0.397650 -0.239127 -0.245254
v 0.313144 -0.261445 -0.134528
v 0.374400 -0.259373 -0.228194
v -0.398299 -0.531498 -0.159077
v 0.305543 -0.239685 -0.216332
v -0.334656 -0.506688 -0.387962
v -0.061544 -0.540682 0.203217
v -0.379875 -0.532163 -0.230799
v -0.256587 0.268484 -0.159785
v 0.021756 -0.449592 -0.587390
v -0.341964 -0.528660 -0.157222
v 0.389398 -0.394776 -0.129070
v -0.333652 -0.530500 -0.226186
v 0.057330 0.267104 -0.468740
v -0.398843 -0.656665 -0.158187
v -0.124888 -0.661958 0.236401
v 0.312161 -0.437326 -0.135767
v -0.397277 -0.667890 -0.245022
v 0.385903 -0.421137 -0.231375
v -0.349207 -0.652861 -0.163676
v 0.089786 -0.571764 0.204650
v 0.032106 0.298694 -0.459965
v -0.035265 -0.650994 0.187025
v 0.013384 -0.589864 -0.716198
v 0.386625 -0.513979 -0.159314
v 0.301227 -0.430440 -0.220222
v -0.341690 -0.670005 -0.206690
v 0.386474 -0.537077 -0.201797
v 0.049476 -0.664969 0.190161
v 0.333218 -0.545488 -0.152946
v -0.125352 -0.676715 -0.690489
v 0.239849 0.275355 -0.325017
v 0.335329 -0.540802 -0.203705
v -0.308632 -0.698957 -0.479511
v -0.403677 -0.780028 -0.391811
v 0.158130 0.268238 -0.029691
v 0.351965 -0.630296 -0.366412
v -0.271537 -0.699644 -0.518950
v 0.391148 -0.651784 -0.154424
v 0.254417 0.299221 -0.345166
v 0.175725 -0.706272 -0.593105
v -0.429461 -0.776948 -0.414595
v 0.297130 -0.663449 -0.471658
v 0.392204 -0.656012 -0.195917
v -0.265296 -0.729888 -0.604974
v -0.319769 -0.770151 -0.576164
v -0.416176 -0.755643 -0.501676
v -0.434914 -0.886990 -0.289955
v 0.204860 -0.795682 0.165693
v 0.341337 -0.676696 -0.186320
v -0.472950 -0.834185 -0.462889
v 0.087872 -0.826887 -0.644671
v -0.341511 -0.780741 -0.573986
v 0.361564 -0.752759 -0.425299
v -0.467804 -0.821225 -0.515896
v -0.106231 -0.931198 0.229644
v -0.105764 -0.939378 0.208533
v 0.281424 -0.746378 -0.573417
v 0.387170 -0.750508 -0.334846
v 0.331426 -0.777250 -0.528297
v -0.037979 -0.849705 -0.829327
v -0.482473 -0.859540 -0.519518
v -0.455688 -0.819298 -0.537250
v 0.102403 -0.927071 0.233567
v 0.448364 -0.788211 -0.002674
v -0.233106 -0.847959 -0.786537
v -0.460567 -0.834995 -0.542359
v 0.082602 -0.934160 0.193742
v -0.185092 -0.919056 0.284764
v 0.339155 -0.816244 0.068382
v 0.475366 -0.813165 -0.041201
v 0.459812 -0.836455 -0.111781
v 0.306211 -0.781570 -0.619304
v -0.277738 -0.936201 -0.318183
v -0.551169 -0.925179 -0.477348
v 0.154204 -0.943069 0.242186
v 0.184785 -0.929848 0.187585
v -0.050060 -0.891133 -0.513998
v -0.031230 -0.898501 -0.520230
v -0.091557 0.437420 -0.494936
v 0.166669 -0.934510 0.194299
v -0.176686 -0.888439 -0.825682
v -0.269628 -0.885704 -0.742121
v 0.392592 -0.809533 -0.490866
v -0.260725 -0.930645 0.293809
v 0.316191 -0.848252 0.139407
v -0.222891 -0.930858 -0.323090
v -0.558587 -0.942831 -0.337279
v 0.498420 -0.889571 0.032993
v -0.011366 -0.878340 -0.466010
v 0.300703 -0.839115 -0.629643
v -0.180844 -0.936573 0.352662
v -0.174604 -0.941890 0.365360
v -0.166204 -0.939773 0.351403
v 0.485878 -0.886346 -0.211597
v -0.226295 0.307322 -0.162336
v -0.282362 -0.902763 -0.742853
v -0.246808 -0.916595 -0.757890
v -0.262360 -0.935549 0.353732
v 0.521466 -0.894603 -0.150127
v -0.044124 -0.867863 -0.446128
v -0.011824 -0.854558 -0.448392
v -0.208055 -0.901038 -0.348334
v -0.226481 -0.928440 -0.813803
v 0.094104 0.436968 -0.315804
v 0.487410 -0.868422 -0.345104
v -0.224315 -0.938338 -0.333876
v 0.297694 -0.862940 0.289556
v -0.181951 -0.989151 0.341491
v -0.169567 -0.991002 0.332595
v -0.204750 -0.957462 0.382508
v -0.178718 -0.989160 0.354115
v -0.081982 0.314310 -0.066334
v 0.449677 -0.912106 -0.521724
v -0.167496 -0.920602 -0.297763
v -0.205700 -0.931318 -0.343524
v -0.041979 -0.890029 -0.418244
v 0.299082 -0.945867 -0.715042
v 0.109860 0.307470 0.001035
v -0.151624 -0.926767 -0.314868
v -0.204719 -0.991701 0.334508
v -0.206591 -0.986169 0.361139
v 0.321974 -0.928520 0.335731
v -0.028726 -0.945272 0.022471
v 0.415192 -0.934973 0.271489
v 0.457056 -0.896398 0.161430
v 0.265070 -0.946331 -0.174946
v 0.376066 -0.948801 0.299673
v 0.319611 -0.958245 -0.709435
v 0.308115 -0.964678 -0.731585
v 0.320836 -0.978012 -0.737352
v 0.311104 -0.970363 -0.709029
v 0.322696 -0.959737 -0.740802
v 0.390749 -0.960974 0.306636
v 0.387731 -0.979534 0.281709
v 0.363180 -0.991521 0.298142
v 0.394000 -0.984439 0.306596
v -0.389436 -0.993785 -0.449238
v 0.102663 0.437609 -0.020911
v 0.275435 -0.997633 0.126066
v -0.212363 0.437705 -0.059841
v -0.082153 0.729698 0.868768
v 0.058231 0.854246 0.771879
v 0.059683 0.861791 0.773173
v 0.059037 0.870867 0.794911
v 0.060509 0.861737 0.788066
v 0.054301 0.861343 0.781200
v 0.051151 0.866554 0.788322
v 0.026129 0.864569 0.778578
v 0.041182 0.866937 0.783651
v 0.026693 0.869620 0.810861
v 0.051910 0.860263 0.759632
v 0.040100 0.876793 0.768936
v 0.006671 0.872537 0.792007
v 0.010223 0.865328 0.773182
v 0.020524 0.868241 0.814636
v 0.028308 0.854041 0.817482
v 0.031937 0.855377 0.816107
v 0.039703 0.892917 0.760712
v 0.014728 0.887406 0.785743
v 0.046454 0.906768 0.764551
v 0.043419 0.907818 0.782958
v 0.025939 0.899226 0.769054
v 0.039367 0.847455 0.751761
v 0.030700 0.856116 0.764093
v 0.015463 0.854447 0.756290
v 0.000408 0.847357 0.735481
v 0.001354 0.839738 0.723458
v 0.015913 0.823639 0.731099
v -0.002687 0.856575 0.751845
v 0.013165 0.807511 0.736120
v 0.016862 0.809571 0.747703
v 0.046618 0.855119 0.744980
v 0.029418 0.829127 0.752870
v 0.041208 0.821511 0.745176
v 0.022330 0.814310 0.759318
v 0.030733 0.858488 0.732941
v 0.051144 0.812974 0.734859
v 0.026162 0.845940 0.716286
v 0.019810 0.869547 0.739806
v 0.028206 0.883203 0.754850
v 0.033648 0.897899 0.758537
v -0.000344 0.884923 0.775910
v 0.004010 0.892538 0.789766
v 0.008176 0.874822 0.748992
v -0.004365 0.875462 0.757875
v 0.038130 0.841401 0.820157
v 0.038257 0.839770 0.806824
v 0.029357 0.837265 0.808714
v 0.032573 0.839917 0.821171
v 0.029308 0.912563 0.807107
v 0.031890 0.908224 0.771428
v 0.011253 0.911788 0.823475
v -0.015404 0.880411 0.804096
v -0.013249 0.872185 0.788525
v -0.021993 0.889554 0.818850
v -0.002916 0.906480 0.807746
v 0.010076 0.919254 0.816391
v 0.029318 0.923469 0.801724
v 0.046181 0.824797 0.811576
v 0.055220 0.823259 0.793001
v 0.028800 0.819716 0.800588
v 0.031654 0.823420 0.814911
v 0.053021 0.822846 0.775286
v 0.034523 0.831606 0.777393
v 0.025767 0.817502 0.784116
v -0.012778 0.902019 0.832554
v -0.027950 0.897332 0.829458
v 0.027747 0.825788 0.698534
v 0.017865 0.842351 0.704412
v 0.045678 0.806421 0.708358
v 0.034186 0.811349 0.690346
v 0.060518 0.804266 0.725479
v 0.003676 0.826173 0.712653
v -0.016157 0.842207 0.717386
v -0.020606 0.827035 0.721844
v 0.011763 0.814106 0.722109
v 0.009069 0.796431 0.719053
v 0.009864 0.802444 0.726475
v -0.017538 0.880948 0.782879
v -0.029046 0.866704 0.792575
v -0.033007 0.865029 0.809584
v -0.023083 0.864968 0.808932
v -0.023474 0.861472 0.791038
v -0.026497 0.895645 0.813063
v -0.014000 0.905057 0.818933
v 0.039175 0.918607 0.759057
v 0.037982 0.908284 0.760613
v 0.032584 0.932916 0.756888
v 0.033435 0.928758 0.752423
v 0.043648 0.921781 0.773768
v 0.040511 0.939723 0.761428
v 0.042863 0.827865 0.827162
v 0.035469 0.827806 0.827816
v 0.048386 0.807654 0.820713
v 0.023620 0.810631 0.843964
v 0.048971 0.788537 0.807480
v 0.048121 0.804499 0.801044
v 0.044722 0.772926 0.837201
v -0.017683 0.909396 0.835788
v -0.019657 0.903893 0.838032
v -0.025637 0.906326 0.830431
v -0.001571 0.805322 0.683484
v 0.007040 0.795149 0.689883
v -0.012827 0.805958 0.710451
v -0.010292 0.797684 0.691594
v -0.013908 0.816277 0.729420
v -0.003055 0.810021 0.750932
v 0.006879 0.807359 0.750355
v 0.003623 0.803210 0.738100
v 0.003648 0.796994 0.731995
v 0.002674 0.795997 0.745319
v -0.014474 0.823263 0.746063
v -0.012920 0.791907 0.719274
v -0.009689 0.797402 0.758927
v -0.011193 0.784827 0.758871
v -0.006813 0.778818 0.740712
v -0.003986 0.774970 0.722352
v 0.000558 0.798039 0.760675
v 0.017430 0.786852 0.694139
v -0.014612 0.860311 0.726631
v -0.002158 0.859839 0.717102
v -0.003827 0.863638 0.703778
v -0.033187 0.847922 0.727067
v -0.027061 0.856903 0.737678
v -0.042160 0.850406 0.704069
v -0.036482 0.843415 0.707918
v -0.036188 0.837131 0.718533
v -0.005262 0.887717 0.709165
v 0.045462 0.942539 0.760484
v 0.045171 0.919064 0.760240
v 0.039324 0.935826 0.754103
v 0.036814 0.922759 0.808555
v 0.023724 0.817998 0.821305
v 0.009278 0.825455 0.826810
v 0.014345 0.827099 0.842727
v 0.011946 0.820789 0.847910
v 0.044167 0.751824 0.834587
v 0.044194 0.744676 0.817272
v 0.050346 0.752284 0.793168
v 0.060255 0.761681 0.791677
v -0.021487 0.866482 0.829146
v -0.034648 0.860554 0.829612
v -0.011004 0.850181 0.849047
v -0.013340 0.852187 0.830221
v -0.047000 0.902574 0.829249
v -0.060158 0.902543 0.822551
v -0.043477 0.907155 0.837239
v -0.027526 0.906745 0.838385
v 0.032303 0.788446 0.712013
v 0.034444 0.797222 0.732753
v 0.010976 0.790933 0.734462
v 0.032257 0.785066 0.696156
v -0.066635 0.899314 0.807756
v -0.058712 0.896946 0.800053
v -0.052222 0.905923 0.806601
v -0.074041 0.905007 0.822618
v -0.051344 0.920319 0.815057
v -0.062747 0.912650 0.834604
v -0.051436 0.928663 0.831089
v -0.058850 0.926628 0.840440
v -0.020464 0.897793 0.723894
v -0.028623 0.896487 0.726010
v -0.039370 0.877282 0.714555
v 0.009571 0.855258 0.711838
v 0.019828 0.851821 0.692849
v 0.038687 0.864314 0.697447
v 0.034473 0.879670 0.706834
v -0.039600 0.841845 0.737337
v -0.039803 0.831734 0.729934
v -0.041656 0.827727 0.743157
v -0.038788 0.828215 0.755542
v -0.040091 0.839389 0.755110
v -0.035737 0.849661 0.747940
v 0.007588 0.943295 0.753549
v -0.006306 0.927955 0.744663
v 0.026201 0.946020 0.748061
v 0.021767 0.933117 0.747349
v 0.022145 0.939106 0.754872
v -0.006950 0.921630 0.732836
v 0.001829 0.931720 0.727125
v -0.006834 0.942761 0.723857
v 0.021310 0.805545 0.834663
v 0.035355 0.791017 0.830981
v -0.037553 0.843602 0.832449
v -0.002053 0.779647 0.674351
v 0.000474 0.793871 0.672780
v -0.008801 0.791203 0.680521
v -0.009058 0.780599 0.684174
v -0.040136 0.833357 0.701488
v -0.048053 0.834426 0.687220
v -0.040954 0.823966 0.693355
v -0.065879 0.844387 0.690398
v -0.022553 0.935045 0.746022
v -0.032099 0.908789 0.737685
v -0.019349 0.926920 0.762209
v -0.038820 0.912844 0.770759
v -0.028643 0.930834 0.780559
v 0.009913 0.959371 0.757980
v -0.004941 0.963115 0.758067
v -0.016991 0.968045 0.760163
v -0.023256 0.955663 0.756187
v -0.029495 0.945784 0.749871
v 0.061771 0.771408 0.787765
v 0.053973 0.773128 0.790938
v 0.045884 0.784981 0.789834
v -0.002798 0.831830 0.852605
v 0.000319 0.838763 0.847370
v -0.025549 0.814875 0.870778
v -0.016501 0.808473 0.859658
v -0.015108 0.800512 0.841558
v -0.016130 0.821740 0.837262
v -0.006484 0.825428 0.836025
v -0.050652 0.898996 0.786525
v -0.039387 0.912258 0.781420
v -0.048632 0.910690 0.787025
v -0.082741 0.914382 0.807716
v -0.069935 0.919199 0.815026
v -0.059284 0.924952 0.818276
v -0.074474 0.915249 0.839524
v -0.051545 0.942043 0.844952
v -0.059259 0.942265 0.847272
v -0.056402 0.939297 0.833664
v -0.068456 0.928851 0.831393
v -0.083425 0.922775 0.825533
v 0.060456 0.787527 0.690866
v 0.072733 0.787210 0.712651
v 0.063528 0.790992 0.720519
v 0.049172 0.797736 0.727932
v 0.040515 0.770792 0.668491
v 0.030420 0.778474 0.677173
v 0.042598 0.803000 0.750484
v 0.034599 0.789177 0.756340
v 0.022146 0.785119 0.756029
v 0.011305 0.790802 0.750741
v -0.066732 0.845452 0.718400
v -0.071951 0.829681 0.716882
v -0.072726 0.819248 0.719916
v -0.068838 0.815452 0.701861
v -0.071222 0.817083 0.688455
v 0.011966 0.964372 0.749276
v 0.030283 0.957905 0.755070
v -0.011291 0.956478 0.736444
v -0.004382 0.967994 0.747530
v -0.021953 0.944111 0.726656
v -0.007118 0.911777 0.719818
v 0.040552 0.795240 0.770890
v 0.040466 0.780263 0.776025
v 0.050999 0.771545 0.777138
v 0.048778 0.768191 0.763191
v 0.046447 0.766632 0.748558
v 0.024415 0.751224 0.759223
v 0.021767 0.755918 0.770917
v 0.026335 0.770828 0.769813
v 0.020898 0.784761 0.766716
v -0.029904 0.815669 0.853763
v -0.090838 0.780826 0.819296
v -0.096579 0.781479 0.833999
v -0.087705 0.795334 0.828357
v -0.075450 0.804963 0.816191
v -0.082506 0.824910 0.785685
v -0.090122 0.826998 0.807076
v -0.099100 0.835693 0.828392
v -0.102735 0.810639 0.834425
v -0.107373 0.822518 0.817232
v -0.101634 0.814956 0.803465
v -0.091058 0.795515 0.797428
v -0.096346 0.808458 0.789183
v -0.030758 0.815061 0.831792
v -0.048110 0.829191 0.825927
v -0.103489 0.901444 0.805059
v -0.105067 0.891060 0.788493
v -0.086530 0.894903 0.786586
v -0.089200 0.908768 0.824342
v -0.101730 0.911331 0.824520
v -0.093499 0.908227 0.784267
v -0.090378 0.912425 0.799591
v 0.041976 0.800647 0.679722
v 0.054497 0.796084 0.698582
v 0.026871 0.797616 0.652673
v 0.026320 0.768691 0.650871
v 0.016358 0.785676 0.643825
v 0.042930 0.764429 0.664835
v 0.032011 0.755657 0.655115
v 0.044830 0.837198 0.676169
v 0.031716 0.823319 0.676518
v 0.012431 0.812301 0.644210
v 0.021463 0.827090 0.653398
v 0.030935 0.840915 0.663773
v 0.008128 0.758533 0.724084
v 0.025208 0.740368 0.710560
v -0.001310 0.772740 0.706219
v 0.015842 0.766187 0.693325
v 0.001296 0.773596 0.689099
v 0.028839 0.762550 0.695899
v -0.036308 0.815568 0.704827
v -0.040948 0.810977 0.684029
v -0.047113 0.793100 0.675194
v -0.040554 0.782761 0.685630
v -0.038126 0.797194 0.717528
v -0.035483 0.809377 0.720446
v -0.028036 0.778031 0.703976
v -0.028657 0.784309 0.720127
v -0.032296 0.768381 0.691320
v -0.055618 0.867525 0.705385
v -0.064432 0.860205 0.706712
v -0.045399 0.885142 0.710799
v 0.029293 0.899614 0.700189
v 0.018175 0.911076 0.699692
v 0.058437 0.850746 0.678770
v 0.058721 0.860894 0.684795
v 0.041222 0.848592 0.684663
v -0.015921 0.933697 0.770878
v -0.028573 0.934306 0.719110
v -0.036460 0.926057 0.712125
v 0.034356 0.727472 0.848323
v 0.041560 0.742171 0.846046
v 0.021887 0.720187 0.860437
v 0.023217 0.716305 0.845255
v 0.017640 0.734741 0.871508
v 0.008983 0.740959 0.856674
v 0.007472 0.739493 0.843202
v 0.028372 0.752868 0.835137
v 0.022152 0.746755 0.825837
v 0.017063 0.744068 0.826514
v 0.006592 0.738538 0.827908
v 0.036956 0.755886 0.842654
v 0.050790 0.731812 0.818687
v 0.055037 0.728793 0.801000
v 0.047270 0.733395 0.769057
v 0.046371 0.747346 0.775312
v 0.054934 0.721067 0.782078
v 0.051823 0.721262 0.766341
v 0.081356 0.819619 0.810743
v 0.082018 0.808142 0.794248
v 0.098540 0.802887 0.796824
v 0.095350 0.811731 0.797680
v 0.076471 0.820704 0.804688
v 0.107379 0.797398 0.780150
v 0.092126 0.809288 0.783049
v 0.101676 0.794541 0.779744
v -0.044547 0.942514 0.830918
v -0.043821 0.954188 0.832411
v -0.096764 0.922972 0.816315
v -0.114874 0.896038 0.810695
v -0.123846 0.889565 0.856188
v -0.115102 0.878855 0.833780
v -0.123765 0.910869 0.833581
v -0.105226 0.861074 0.815086
v 0.038055 0.855031 0.673723
v 0.052015 0.851198 0.676341
v 0.014449 0.751995 0.750094
v 0.038457 0.722292 0.744231
v 0.032042 0.722852 0.725504
v 0.044519 0.749394 0.756540
v 0.044443 0.751099 0.745314
v 0.003158 0.766092 0.743525
v 0.029775 0.723020 0.711851
v -0.053165 0.830429 0.668061
v -0.046411 0.819896 0.675415
v -0.052873 0.871081 0.691594
v -0.065565 0.880250 0.688217
v -0.069929 0.861114 0.683098
v -0.078182 0.837384 0.729888
v 0.044474 0.888108 0.700645
v -0.049902 0.923727 0.703599
v -0.047350 0.909576 0.701835
v -0.047803 0.891405 0.695884
v 0.009764 0.921273 0.689527
v -0.014663 0.923526 0.688973
v 0.062758 0.768814 0.751758
v 0.058045 0.761062 0.750690
v 0.057268 0.761147 0.738216
v 0.043954 0.765039 0.734383
v 0.054999 0.760227 0.724996
v 0.032753 0.766341 0.826345
v 0.032455 0.786362 0.821124
v 0.031950 0.781339 0.807278
v 0.027788 0.777216 0.793911
v 0.022274 0.760368 0.795365
v 0.005513 0.768803 0.793129
v 0.005255 0.771132 0.808326
v 0.050495 0.722071 0.794922
v -0.059296 0.812138 0.808276
v -0.052173 0.814574 0.795908
v -0.054490 0.804663 0.795440
v -0.057764 0.806748 0.807918
v -0.070927 0.793177 0.805580
v -0.071009 0.795623 0.788466
v -0.068473 0.792176 0.767780
v -0.075305 0.804880 0.766920
v -0.078456 0.828071 0.766888
v -0.061383 0.813498 0.824421
v -0.072625 0.794336 0.820893
v -0.060019 0.809671 0.821649
v -0.089123 0.778214 0.839026
v -0.086381 0.778753 0.820454
v -0.093565 0.779568 0.853706
v -0.101363 0.765362 0.818438
v -0.087670 0.792984 0.780387
v -0.077996 0.786593 0.784884
v -0.115086 0.771618 0.864694
v -0.098481 0.783230 0.850652
v -0.102450 0.922278 0.803200
v -0.117574 0.922183 0.809922
v -0.124030 0.908375 0.814030
v 0.059257 0.769693 0.680310
v 0.048027 0.760897 0.679101
v 0.040387 0.748520 0.678147
v 0.038851 0.747816 0.664201
v 0.027308 0.721299 0.699999
v 0.025608 0.719198 0.689198
v 0.032751 0.738158 0.688818
v 0.043031 0.752340 0.705165
v 0.043961 0.752506 0.719177
v 0.041462 0.750405 0.690761
v 0.024892 0.750744 0.732215
v 0.043079 0.763639 0.713979
v 0.043858 0.751733 0.733011
v 0.042549 0.765468 0.697056
v -0.081562 0.865738 0.683160
v -0.078801 0.848510 0.672054
v -0.052310 0.824230 0.648441
v -0.059495 0.861077 0.658953
v -0.039316 0.867933 0.658739
v -0.042286 0.853544 0.648990
v -0.043179 0.837993 0.639802
v -0.073208 0.853101 0.658877
v -0.085204 0.833337 0.683943
v -0.093903 0.848938 0.699123
v -0.078485 0.820680 0.677873
v -0.083601 0.866736 0.728296
v -0.076197 0.859078 0.748308
v -0.087246 0.843336 0.745684
v -0.076408 0.848869 0.766487
v -0.094282 0.852112 0.753552
v -0.093944 0.817519 0.767839
v -0.095837 0.823596 0.780277
v -0.086900 0.843008 0.770991
v -0.035745 0.931246 0.703892
v -0.035355 0.922933 0.688846
v -0.041249 0.956436 0.758466
v -0.044411 0.950129 0.745238
v -0.025816 0.957171 0.741450
v -0.040833 0.961751 0.752237
v 0.013676 0.731525 0.872030
v 0.014314 0.727265 0.859198
v -0.013693 0.774712 0.855025
v -0.026838 0.796977 0.853120
v -0.023072 0.771076 0.849202
v -0.022853 0.760750 0.849122
v -0.043487 0.814718 0.810627
v -0.031597 0.813446 0.813448
v -0.035533 0.950519 0.818272
v -0.036096 0.954363 0.826750
v -0.035963 0.951649 0.810208
v -0.100026 0.862318 0.761994
v -0.094270 0.905002 0.768601
v -0.085421 0.887240 0.751386
v -0.094429 0.903705 0.753503
v -0.080649 0.872225 0.749133
v -0.124176 0.890013 0.835965
v 0.030940 0.735268 0.664155
v 0.015454 0.760980 0.643473
v 0.010236 0.719901 0.650384
v 0.003056 0.720822 0.636651
v 0.010336 0.737087 0.637139
v 0.017331 0.716623 0.664735
v 0.005157 0.752993 0.633149
v -0.052299 0.801068 0.665062
v -0.053767 0.806820 0.640946
v -0.088094 0.806711 0.659208
v -0.098639 0.863079 0.711408
v -0.062869 0.783652 0.706533
v -0.058217 0.767389 0.709450
v -0.053740 0.769397 0.695047
v -0.048836 0.771964 0.685281
v -0.067728 0.799218 0.687536
v -0.066167 0.799197 0.703684
v -0.079779 0.776211 0.691603
v -0.082678 0.777534 0.698659
v -0.082769 0.780150 0.670337
v -0.084424 0.828803 0.734513
v -0.073855 0.806417 0.746993
v -0.068880 0.800633 0.723821
v -0.027490 0.969997 0.762540
v -0.032347 0.970552 0.758059
v -0.047463 0.972431 0.765824
v -0.035097 0.965601 0.761980
v -0.046005 0.966067 0.759003
v 0.051812 0.760141 0.694102
v -0.002979 0.768718 0.630495
v 0.014313 0.769552 0.611190
v 0.006820 0.775714 0.638336
v -0.086300 0.862574 0.665441
v -0.085995 0.841446 0.668596
v -0.093377 0.832661 0.673047
v -0.106834 0.829631 0.677485
v -0.113542 0.851864 0.682815
v -0.092428 0.804385 0.774713
v -0.105219 0.828675 0.763440
v -0.106074 0.809811 0.767542
v 0.038178 0.885446 0.691904
v 0.031762 0.879396 0.684756
v 0.012199 0.888921 0.679869
v -0.011017 0.907585 0.681967
v -0.012366 0.894988 0.676342
v 0.027611 0.721021 0.806123
v 0.012565 0.722242 0.803825
v 0.014170 0.725074 0.775093
v 0.043388 0.722753 0.814214
v 0.028199 0.723027 0.749406
v 0.013444 0.728473 0.750148
v -0.022634 0.750423 0.849042
v -0.020797 0.745002 0.852499
v -0.082680 0.864877 0.795048
v -0.095415 0.856414 0.793539
v -0.100637 0.862280 0.806428
v -0.101243 0.866567 0.814122
v -0.085406 0.847233 0.803095
v -0.115314 0.862716 0.849742
v -0.110205 0.844707 0.848065
v -0.099259 0.861401 0.825076
v -0.085169 0.790243 0.764033
v -0.119709 0.887008 0.789754
v -0.118799 0.879459 0.780038
v -0.117835 0.868532 0.782066
v -0.114086 0.861591 0.777375
v -0.108202 0.853465 0.767626
v -0.091844 0.848545 0.783645
v -0.083009 0.857511 0.780989
v -0.078964 0.845470 0.783734
v -0.027429 0.972575 0.831738
v -0.041138 0.957111 0.843997
v -0.007426 0.797778 0.608511
v -0.005495 0.809741 0.627445
v 0.004500 0.800627 0.636611
v -0.002687 0.774389 0.804509
v 0.001453 0.767679 0.809158
v 0.004227 0.773166 0.825128
v -0.080205 0.764874 0.674691
v -0.102448 0.816919 0.677248
v -0.057008 0.793126 0.632181
v -0.074291 0.780635 0.638995
v -0.091018 0.782819 0.657615
v -0.066022 0.785450 0.726065
v -0.052573 0.751958 0.734287
v -0.047979 0.755959 0.715100
v -0.062966 0.750855 0.751656
v -0.055884 0.747892 0.753442
v -0.070019 0.789328 0.748394
v -0.073060 0.779193 0.750147
v -0.099086 0.794012 0.702206
v -0.101695 0.807814 0.699083
v -0.092163 0.780442 0.668852
v 0.048567 0.876079 0.689783
v 0.053164 0.864127 0.684026
v 0.040542 0.865408 0.680434
v 0.026502 0.870787 0.678058
v -0.116598 0.852453 0.827529
v -0.113022 0.837978 0.824261
v -0.081920 0.778839 0.731865
v -0.079563 0.772032 0.718628
v -0.083392 0.785441 0.751508
v -0.032060 0.941573 0.797261
v -0.025398 0.945322 0.787833
v -0.014338 0.754102 0.729264
v -0.001587 0.740468 0.729163
v 0.002395 0.740063 0.748014
v -0.005866 0.753676 0.741422
v -0.020530 0.750670 0.712970
v -0.021806 0.741390 0.703801
v -0.011867 0.731706 0.706000
v -0.020658 0.760719 0.728443
v 0.003678 0.722898 0.703773
v 0.006822 0.726996 0.715397
v 0.009714 0.728933 0.729814
v -0.019963 0.762089 0.757821
v -0.010759 0.769958 0.756089
v -0.006349 0.773952 0.773911
v -0.078542 0.767246 0.707918
v -0.070007 0.751219 0.718712
v -0.062187 0.743558 0.736151
v -0.104473 0.821195 0.697594
v -0.078549 0.756342 0.692457
v -0.077963 0.763012 0.699799
v -0.061476 0.739859 0.753689
v -0.107387 0.796951 0.768916
v -0.110104 0.778369 0.772929
v -0.105143 0.775440 0.757680
v -0.099233 0.769755 0.740196
v -0.093178 0.783447 0.733817
v -0.093912 0.763866 0.721033
v -0.102567 0.778456 0.718628
v -0.086142 0.735731 0.701410
v -0.057347 0.728025 0.727163
v -0.088711 0.732773 0.724617
v -0.104246 0.746580 0.717659
v -0.083499 0.750831 0.712751
v -0.002715 0.703206 0.667303
v 0.021922 0.716862 0.678172
v 0.009387 0.711450 0.693752
v -0.007094 0.702582 0.700238
v -0.025097 0.695404 0.705643
v -0.023504 0.696998 0.686834
v -0.024017 0.697116 0.669716
v 0.014224 0.714836 0.703318
v -0.017491 0.723096 0.702187
v -0.009374 0.709572 0.714711
v -0.005190 0.699189 0.718181
v -0.079958 0.735001 0.670426
v -0.065126 0.711794 0.673864
v -0.086739 0.760211 0.668228
v -0.061974 0.706343 0.718267
v -0.073581 0.765579 0.620078
v -0.076730 0.746568 0.625542
v -0.072043 0.725892 0.629146
v -0.076744 0.732491 0.653126
v -0.104201 0.792582 0.719095
v -0.091765 0.750871 0.726406
v -0.026356 0.709370 0.725637
v -0.039853 0.725048 0.722875
v -0.048123 0.720198 0.754569
v -0.054296 0.725970 0.753257
v -0.055066 0.728325 0.738247
v -0.045931 0.740585 0.719586
v -0.047810 0.737218 0.736117
v -0.050161 0.732567 0.754553
v -0.049889 0.708633 0.713099
v -0.036150 0.700965 0.725739
v -0.033699 0.701629 0.737803
v -0.039660 0.700400 0.708176
v -0.082508 0.737325 0.732052
v -0.044630 0.700862 0.672184
v -0.042535 0.701080 0.691530
v -0.073409 0.726498 0.735844
v -0.059544 0.748809 0.782555
v -0.071212 0.748159 0.781870
v -0.052880 0.723002 0.797396
v -0.051532 0.726309 0.783619
v -0.061357 0.759151 0.808518
v -0.064156 0.758602 0.823427
v -0.072065 0.760997 0.812638
v -0.113896 0.800969 0.783785
v -0.116779 0.764965 0.792666
v -0.110344 0.761551 0.780957
v -0.121373 0.805374 0.788885
v -0.118138 0.791590 0.774171
v -0.117261 0.776908 0.774213
v -0.117780 0.762268 0.776518
v -0.120111 0.806018 0.774146
v -0.012371 0.693163 0.746870
v -0.013897 0.697617 0.734822
v -0.017679 0.697098 0.745504
v -0.030655 0.689459 0.744811
v -0.080777 0.746237 0.821260
v -0.081788 0.754474 0.825795
v -0.063072 0.736455 0.785870
v -0.020980 0.711000 0.745149
v -0.021123 0.702884 0.761574
v -0.034890 0.692000 0.762144
v -0.074747 0.709897 0.751604
v -0.074500 0.709050 0.734272
v -0.053893 0.717293 0.788507
v -0.059063 0.709650 0.830468
v -0.066032 0.721777 0.833631
v -0.096691 0.743942 0.770209
v -0.104343 0.757786 0.763782
v -0.114504 0.749044 0.811917
v -0.100921 0.742450 0.808408
v -0.087826 0.734316 0.791815
v -0.085572 0.732369 0.774794
v -0.086379 0.734566 0.805996
v -0.118992 0.747244 0.776470
v -0.107234 0.736297 0.794809
v -0.112161 0.738563 0.812281
v -0.100422 0.733589 0.778673
v -0.079703 0.728873 0.755138
v -0.075027 0.718416 0.764439
v -0.074146 0.714860 0.770100
v -0.067780 0.757591 0.835822
v -0.076666 0.738554 0.831626
v -0.081949 0.726467 0.831645
v -0.080211 0.726406 0.818446
v -0.081985 0.726138 0.806208
v -0.095417 0.740460 0.821058
v -0.090274 0.738217 0.831977
v -0.047284 0.706574 0.787744
v -0.047060 0.699178 0.806156
v -0.049928 0.695247 0.828626
v -0.047336 0.700674 0.811064
v -0.069761 0.765730 0.823680
v -0.020798 0.710153 0.781872
v -0.019361 0.729542 0.777510
v -0.023874 0.722652 0.786425
v -0.028695 0.710896 0.797520
v -0.024591 0.699132 0.807825
v -0.025947 0.690247 0.804570
v -0.027815 0.714752 0.777546
v -0.023247 0.727423 0.781316
v -0.024708 0.721325 0.760155
v -0.024702 0.719446 0.756600
v -0.037274 0.687035 0.805360
v -0.041138 0.684528 0.824406
v -0.033511 0.701569 0.812835
v -0.036290 0.694878 0.784266
v -0.036896 0.699342 0.753818
v -0.022078 0.733338 0.768368
v -0.017954 0.732901 0.775748
v -0.016598 0.734584 0.772357
v -0.015249 0.737734 0.769925
v -0.087403 0.750053 0.854611
v -0.093955 0.738779 0.847502
v -0.101116 0.739031 0.851960
v -0.090444 0.737002 0.876024
v -0.081188 0.746415 0.865564
v -0.077232 0.753027 0.859720
v -0.094730 0.731439 0.848344
v -0.091581 0.730966 0.861010
v -0.083230 0.740819 0.866482
v -0.072006 0.723362 0.852569
v -0.064809 0.710733 0.851326
v -0.068737 0.713351 0.864129
v -0.066244 0.715761 0.865303
v -0.061810 0.715111 0.852692
v -0.082338 0.728896 0.857075
v -0.056282 0.711828 0.838397
v -0.028581 0.683792 0.822853
v -0.030024 0.687280 0.843535
v -0.029222 0.695179 0.860926
v -0.031061 0.706618 0.871563
v -0.028419 0.701486 0.862227
v -0.047967 0.704092 0.822271
v -0.026561 0.697445 0.820064
v -0.029180 0.711841 0.872542
v -0.025136 0.724318 0.874291
v -0.025513 0.721464 0.880964
v -0.026152 0.718011 0.890556
v -0.092692 0.772877 -0.140909
v -0.082334 0.737886 -0.123332
v -0.083052 0.734379 -0.078118
v -0.080576 0.755041 -0.083251
v -0.071383 0.775090 -0.087162
v -0.106495 0.732074 -0.143989
v -0.097703 0.730855 -0.148470
v -0.106532 0.752866 -0.152845
v -0.055340 0.791402 -0.092269
v -0.116583 0.732821 -0.152552
v -0.076426 0.721095 -0.159164
v -0.078380 0.715858 -0.120731
v -0.075677 0.749119 -0.201123
v -0.075467 0.723593 -0.203409
v -0.066376 0.771596 -0.199462
v -0.031279 0.804824 -0.095763
v -0.033160 0.800601 -0.149411
v -0.026002 0.800474 -0.201929
v -0.051521 0.788936 -0.199972
v -0.116075 0.737879 -0.163247
v -0.097607 0.754761 -0.164981
v -0.109372 0.750762 -0.181071
v -0.113297 0.744517 -0.169699
v -0.094501 0.735453 -0.168367
v -0.101002 0.753514 -0.187333
v -0.093941 0.739860 -0.178497
v -0.093540 0.742476 -0.189959
v -0.118822 0.732184 -0.183324
v -0.124231 0.723141 -0.208287
v -0.125389 0.716059 -0.194277
v -0.118071 0.745390 -0.212308
v -0.123275 0.729511 -0.223275
v -0.102395 0.753000 -0.196119
v -0.106309 0.755026 -0.207765
v -0.091234 0.772017 -0.242506
v -0.085613 0.756322 -0.261451
v -0.095050 0.766260 -0.268270
v -0.107236 0.764580 -0.268350
v -0.110913 0.775997 -0.247107
v -0.108052 0.779108 -0.232733
v -0.120384 0.766841 -0.243467
v -0.123739 0.757310 -0.234957
v -0.117920 0.767747 -0.224583
v -0.100883 0.771410 -0.224853
v -0.079175 0.634633 -0.221015
v -0.076365 0.600545 -0.236172
v -0.072588 0.606583 -0.251961
v -0.082565 0.671023 -0.221797
v -0.083621 0.665996 -0.206629
v -0.066382 0.602461 -0.252047
v -0.058252 0.645966 -0.238328
v -0.075348 0.655860 -0.244446
v -0.081915 0.679543 -0.234430
v -0.091194 0.543057 -0.202358
v -0.109613 0.540687 -0.200976
v -0.107349 0.517075 -0.184861
v -0.063304 0.517743 -0.212457
v -0.077860 0.525592 -0.213783
v -0.080042 0.543640 -0.214081
v -0.115623 0.509801 -0.147638
v -0.090102 0.509183 -0.149231
v -0.058306 0.507802 -0.143511
v -0.046711 0.517287 -0.168855
v -0.027555 0.524381 -0.186164
v -0.046666 0.627475 -0.215584
v -0.042986 0.648583 -0.227498
v -0.056307 0.599320 -0.223231
v -0.044405 0.606704 -0.209349
v -0.062568 0.586998 -0.242263
v -0.125776 0.536789 -0.208402
v -0.131458 0.495636 -0.143580
v -0.134181 0.479621 -0.185809
v -0.140084 0.473021 -0.141081
v -0.129391 0.506527 -0.226806
v -0.132246 0.482289 -0.224787
v -0.127478 0.534445 -0.233477
v -0.027296 0.533451 -0.208196
v -0.040104 0.523691 -0.216370
v -0.012837 0.539661 -0.195543
v -0.074550 0.556309 -0.271122
v -0.074383 0.533530 -0.271258
v -0.074404 0.538825 -0.289560
v -0.085606 0.539486 -0.300777
v -0.092827 0.559686 -0.298176
v -0.099919 0.584733 -0.296891
v -0.084097 0.590426 -0.305341
v -0.056742 0.574729 -0.311687
v -0.050919 0.558200 -0.302179
v -0.060267 0.562916 -0.282012
v -0.067653 0.585407 -0.272227
v -0.073185 0.580933 -0.264715
v -0.062936 0.574665 -0.262256
v -0.083860 0.624404 -0.315643
v -0.071960 0.635852 -0.309507
v -0.051596 0.627053 -0.313902
v -0.022537 0.627273 -0.321106
v -0.028614 0.603515 -0.325181
v -0.097993 0.616284 -0.309972
v -0.030507 0.579959 -0.324069
v -0.072072 0.519079 -0.286345
v -0.054162 0.516220 -0.285952
v -0.053383 0.516563 -0.304776
v -0.104447 0.520636 -0.314615
v -0.109135 0.534994 -0.304611
v -0.072607 0.500322 -0.328755
v -0.099324 0.504817 -0.332831
v -0.054808 0.513938 -0.330070
v 0.044157 0.708179 -0.514595
v 0.030001 0.721941 -0.525611
v 0.046881 0.738872 -0.517873
v 0.056178 0.748944 -0.486642
v 0.058566 0.726648 -0.484712
v 0.053234 0.704933 -0.483981
v 0.049575 0.644546 -0.220427
v 0.049689 0.613185 -0.213763
v 0.061855 0.649344 -0.236424
v 0.048911 0.651078 -0.235040
v 0.061736 0.600166 -0.220688
v 0.062968 0.637024 -0.213423
v 0.063460 0.668121 -0.220396
v 0.064894 0.671055 -0.234894
v 0.062973 0.662234 -0.204352
v 0.062226 0.639582 -0.253055
v 0.068642 0.669524 -0.263238
v 0.071277 0.667723 -0.276479
v 0.055876 0.636325 -0.272358
v 0.052437 0.645947 -0.261988
v 0.076996 0.665941 -0.292079
v 0.071641 0.633490 -0.277857
v 0.057361 0.617326 -0.278104
v 0.068907 0.604317 -0.269339
v 0.005838 0.782775 -0.514684
v -0.011955 0.762383 -0.525141
v -0.027156 0.772176 -0.512558
v -0.013350 0.789823 -0.484579
v 0.009192 0.791154 -0.486008
v -0.035492 0.775707 -0.484509
v -0.094340 0.504182 -0.111273
v -0.135340 0.490959 -0.101687
v -0.102471 0.485529 -0.088667
v -0.016174 0.521053 -0.157869
v 0.023505 0.516207 -0.169955
v 0.039042 0.512379 -0.184158
v 0.020889 0.525171 -0.193265
v 0.007632 0.517687 -0.147885
v 0.013382 0.541664 -0.194876
v 0.001797 0.541227 -0.186592
v -0.123516 0.523299 -0.290079
v -0.128941 0.488058 -0.262711
v -0.127044 0.511893 -0.261139
v -0.143499 0.471378 -0.301132
v -0.150439 0.471564 -0.264070
v -0.122237 0.492914 -0.331922
v -0.136850 0.472074 -0.334039
v -0.002126 0.671160 -0.480003
v -0.022405 0.675583 -0.480277
v -0.016072 0.677840 -0.505470
v 0.013047 0.678318 -0.508844
v 0.019741 0.674586 -0.481180
v -0.001727 0.689172 -0.521353
v 0.056823 0.591442 -0.256891
v 0.056949 0.596690 -0.279201
v 0.066112 0.569958 -0.266702
v 0.064583 0.571876 -0.252596
v -0.103859 0.472766 -0.063872
v -0.150574 0.470938 -0.023097
v -0.109996 0.470532 -0.009901
v -0.172907 0.471602 -0.091632
v -0.187298 0.471071 -0.036770
v -0.166056 0.471460 -0.140352
v -0.035759 0.523988 -0.283891
v -0.035646 0.536469 -0.285023
v -0.024160 0.537657 -0.300623
v -0.002141 0.536077 -0.312495
v -0.004254 0.527260 -0.317466
v -0.034984 0.522916 -0.329562
v -0.007957 0.522079 -0.332820
v -0.049420 0.724920 -0.507745
v -0.042760 0.750615 -0.510738
v -0.028771 0.742204 -0.525335
v -0.031150 0.712071 -0.524360
v -0.043963 0.704541 -0.506308
v -0.013555 0.730519 -0.529345
v -0.003847 0.513148 -0.125726
v -0.007632 0.499503 -0.100839
v 0.013015 0.492244 -0.109458
v 0.025508 0.506256 -0.139749
v 0.034579 0.490267 -0.129284
v 0.042134 0.506960 -0.161814
v 0.070112 0.511097 -0.171714
v 0.056361 0.510990 -0.177527
v 0.073586 0.473102 -0.124873
v 0.098420 0.473223 -0.135483
v 0.089875 0.491450 -0.156742
v 0.089502 0.510239 -0.167932
v 0.046814 0.472505 -0.105300
v 0.048003 0.591075 -0.214109
v 0.054902 0.587795 -0.234903
v 0.063891 0.567483 -0.235904
v 0.063882 0.566525 -0.222610
v 0.072338 0.644575 -0.176433
v 0.083579 0.643421 -0.170532
v 0.085895 0.660611 -0.153474
v 0.064260 0.669343 -0.176800
v 0.064734 0.652807 -0.189006
v 0.081358 0.679090 -0.138962
v 0.064932 0.679356 -0.148315
v 0.062527 0.686319 -0.167985
v 0.066421 0.524623 -0.187436
v 0.033361 0.521141 -0.205379
v 0.060643 0.516459 -0.216347
v 0.041903 0.515334 -0.218442
v 0.064346 0.541951 -0.204437
v 0.064497 0.539444 -0.219690
v 0.066936 0.543751 -0.193376
v 0.022252 0.521224 -0.319070
v 0.045473 0.511599 -0.299506
v 0.044414 0.509242 -0.315505
v 0.035692 0.527435 -0.288525
v 0.048759 0.511275 -0.284744
v -0.001458 0.549753 -0.314419
v 0.024060 0.547228 -0.310709
v 0.039926 0.544113 -0.294205
v 0.080106 0.546460 -0.289498
v 0.099919 0.548824 -0.287328
v 0.099192 0.530508 -0.294744
v 0.097590 0.515387 -0.306399
v 0.072138 0.505614 -0.310946
v 0.067627 0.519369 -0.280716
v 0.069880 0.543689 -0.282282
v -0.220713 0.470961 -0.052122
v -0.205203 0.471022 -0.095374
v -0.242454 0.470658 -0.096695
v -0.273316 0.470630 -0.045910
v -0.245936 0.470647 -0.012378
v -0.285830 0.470576 -0.087321
v 0.067693 0.741712 -0.178399
v 0.065668 0.735726 -0.162013
v 0.069346 0.749313 -0.159870
v 0.081879 0.761739 -0.189162
v 0.068900 0.751972 -0.193925
v 0.084551 0.749588 -0.159844
v 0.090593 0.738054 -0.162188
v 0.091613 0.744337 -0.177650
v 0.094587 0.754032 -0.192526
v 0.067193 0.745848 -0.145614
v 0.067006 0.755354 -0.147018
v 0.083647 0.758400 -0.146842
v 0.087382 0.746963 -0.143855
v 0.088418 0.771736 -0.296424
v 0.074190 0.769670 -0.285187
v 0.085504 0.786661 -0.278923
v 0.104199 0.771726 -0.296826
v 0.099481 0.782863 -0.277774
v 0.075526 0.755936 -0.139292
v 0.089933 0.784214 -0.222617
v 0.084988 0.773707 -0.203651
v 0.098605 0.766461 -0.207649
v 0.093028 0.781575 -0.243003
v 0.106150 0.754311 -0.215701
v 0.106841 0.768624 -0.280978
v 0.113046 0.528844 -0.278377
v 0.113435 0.520845 -0.256669
v 0.117776 0.500657 -0.256198
v 0.123021 0.477860 -0.253689
v 0.125191 0.481483 -0.286785
v 0.126882 0.483805 -0.324231
v 0.117352 0.503852 -0.319191
v 0.099510 0.501800 -0.329871
v 0.106202 0.766814 -0.260806
v 0.094971 0.779346 -0.262415
v 0.110932 0.746011 -0.242743
v 0.110988 0.749567 -0.263561
v 0.108865 0.738515 -0.223480
v -0.020282 0.499691 -0.464413
v -0.008164 0.508455 -0.461882
v 0.008365 0.497691 -0.479124
v -0.007808 0.483176 -0.484813
v -0.029930 0.482514 -0.468606
v 0.011147 0.482370 -0.487696
v 0.016824 0.509392 -0.456234
v 0.002508 0.516516 -0.420292
v 0.021914 0.510898 -0.418295
v 0.041832 0.497985 -0.419348
v 0.038799 0.499252 -0.454081
v 0.029870 0.499223 -0.468971
v 0.070152 0.487666 -0.352832
v 0.069870 0.498310 -0.331693
v 0.100389 0.474058 -0.384404
v 0.066841 0.481961 -0.383166
v 0.147792 0.470857 -0.324444
v 0.140502 0.472550 -0.358078
v 0.130161 0.471968 -0.391743
v -0.429741 0.493319 -0.157274
v -0.428694 0.508271 -0.161755
v -0.445791 0.508366 -0.157329
v -0.434295 0.501045 -0.128340
v -0.428239 0.483066 -0.113465
v -0.428555 0.479836 -0.167979
v -0.462522 0.508524 -0.157091
v -0.450707 0.505561 -0.113169
v -0.422792 0.509611 -0.226418
v -0.421644 0.493356 -0.231905
v -0.392928 0.501031 -0.289637
v -0.420754 0.529472 -0.262755
v -0.423070 0.526769 -0.222244
v -0.422120 0.511463 -0.303413
v -0.425503 0.528825 -0.280178
v -0.410493 0.502197 -0.040896
v -0.429429 0.504466 -0.048045
v -0.415937 0.520179 -0.020305
v -0.396424 0.521337 -0.021820
v -0.372151 0.529093 0.021195
v -0.372609 0.509526 0.021895
v -0.372978 0.496319 0.023627
v -0.408594 0.487843 -0.039958
v -0.115111 0.507994 0.197222
v -0.090979 0.510342 0.213549
v -0.063342 0.493345 0.227640
v -0.157761 0.489869 0.179448
v -0.164413 0.507750 0.179985
v -0.086314 0.475184 0.194961
v -0.154154 0.477348 0.171957
v -0.011043 0.483348 0.219997
v -0.016526 0.472187 0.203606
v -0.477111 0.507700 -0.156408
v -0.480369 0.531606 -0.159988
v -0.489633 0.532955 -0.170511
v -0.481252 0.500538 -0.096103
v -0.467409 0.504346 -0.102307
v -0.489656 0.484986 -0.139364
v -0.480372 0.484001 -0.090854
v -0.486005 0.536951 -0.193625
v -0.487810 0.513210 -0.185813
v -0.490352 0.490557 -0.175434
v -0.377501 0.510157 -0.344396
v -0.371621 0.495086 -0.353201
v -0.372320 0.496616 -0.407707
v -0.371976 0.536504 -0.407464
v -0.382154 0.537089 -0.389277
v -0.390026 0.513649 -0.376168
v -0.396103 0.512348 -0.337023
v -0.213911 0.487815 0.159277
v -0.271696 0.486367 0.123448
v -0.270987 0.504723 0.123687
v -0.280730 0.504690 0.135360
v -0.232491 0.506022 0.169487
v -0.197379 0.525038 0.166694
v -0.165232 0.524893 0.179665
v -0.217135 0.524601 0.174912
v -0.114840 0.509664 -0.636268
v -0.174132 0.507739 -0.616177
v -0.191081 0.488297 -0.593420
v -0.109625 0.493452 -0.621189
v -0.266678 0.497554 -0.548512
v -0.263136 0.479911 -0.548566
v -0.203580 0.524802 -0.602877
v -0.218480 0.525273 -0.581212
v -0.460883 0.520637 -0.287614
v -0.456580 0.508107 -0.317669
v -0.469120 0.501937 -0.321324
v -0.477950 0.484605 -0.322212
v -0.480632 0.489934 -0.287051
v -0.480030 0.517511 -0.251650
v -0.478619 0.540669 -0.255938
v -0.474972 0.539727 -0.281365
v -0.462632 0.541403 -0.289180
v -0.482956 0.493496 -0.249120
v -0.465975 0.500693 -0.044422
v -0.465729 0.484662 -0.044920
v -0.450402 0.485371 -0.008508
v -0.432633 0.515091 -0.015281
v -0.449580 0.504431 -0.047200
v -0.435610 0.487017 0.020860
v -0.434052 0.507819 0.020547
v -0.433403 0.529970 0.021897
v -0.442548 0.531711 -0.000719
v -0.433316 0.535519 -0.013769
v -0.048969 0.511970 -0.628206
v -0.049719 0.531356 -0.626147
v -0.080496 0.534728 -0.627458
v -0.096448 0.535183 -0.637923
v -0.049038 0.495326 -0.630455
v -0.423918 0.602338 -0.257435
v -0.420779 0.583976 -0.261554
v -0.425389 0.583662 -0.280648
v -0.442342 0.583309 -0.285840
v -0.441334 0.602901 -0.280233
v -0.443364 0.605530 -0.257502
v -0.426427 0.588003 -0.172263
v -0.423739 0.584465 -0.207028
v -0.426024 0.604023 -0.206117
v -0.445749 0.605081 -0.206326
v -0.447000 0.605001 -0.181049
v -0.446698 0.590295 -0.168398
v -0.332481 0.504246 0.080200
v -0.290307 0.504061 0.148376
v -0.353752 0.535652 0.061380
v -0.361595 0.538203 0.085770
v 0.005497 0.494937 -0.636265
v 0.077585 0.495612 -0.626768
v 0.071797 0.507656 -0.645611
v 0.017145 0.505659 -0.655865
v -0.002589 0.533317 -0.653110
v -0.016901 0.531702 -0.634736
v -0.334493 0.483336 -0.483864
v -0.290650 0.512441 -0.547336
v -0.333178 0.505301 -0.502466
v -0.220929 0.543410 -0.580375
v -0.251293 0.540862 -0.557957
v -0.277223 0.538690 -0.550605
v -0.249852 0.504255 0.192327
v -0.294649 0.502241 0.167490
v -0.295540 0.492238 0.177506
v -0.294088 0.471641 0.181252
v -0.253370 0.476882 0.208989
v -0.219207 0.476728 0.229281
v -0.214276 0.498647 0.228025
v -0.206014 0.520288 0.227472
v -0.228147 0.522440 0.213436
v -0.232782 0.523741 0.200641
v -0.061491 0.499834 0.238546
v -0.010351 0.506512 0.238152
v 0.011951 0.522596 0.232636
v 0.027057 0.517412 0.216109
v 0.066431 0.492437 0.207443
v 0.060211 0.477139 0.207131
v 0.073335 0.507148 0.206425
v -0.105765 0.519981 0.249177
v -0.127586 0.519938 0.255538
v -0.120678 0.499436 0.258348
v -0.113982 0.477928 0.261579
v -0.064459 0.480399 0.266621
v -0.065168 0.503169 0.249645
v -0.097375 0.515684 0.239635
v -0.165523 0.504474 -0.664990
v -0.163142 0.490443 -0.677052
v -0.208314 0.493005 -0.655371
v -0.242841 0.494465 -0.636467
v -0.247523 0.515203 -0.632586
v -0.229675 0.540274 -0.636202
v -0.215521 0.541277 -0.628793
v -0.211938 0.518722 -0.628341
v -0.253291 0.538894 -0.629008
v -0.168188 0.506325 -0.649925
v -0.371168 0.480951 -0.416959
v -0.363624 0.516640 -0.466421
v -0.359565 0.516096 -0.440758
v -0.484311 0.573822 -0.162442
v -0.465907 0.572207 -0.162368
v -0.466549 0.591172 -0.167062
v -0.466653 0.604769 -0.182355
v -0.483046 0.592822 -0.181791
v -0.488297 0.575097 -0.180540
v -0.375233 0.522173 0.095992
v -0.373317 0.503879 0.105592
v -0.343195 0.502106 0.129108
v -0.375019 0.539079 0.097600
v -0.095271 0.600528 0.225227
v -0.096982 0.585105 0.228757
v -0.091252 0.581932 0.210528
v -0.115176 0.598487 0.196984
v -0.121155 0.608784 0.211355
v -0.112796 0.581796 0.196038
v -0.114614 0.512490 -0.667367
v -0.112938 0.495596 -0.691644
v -0.095957 0.537020 -0.686682
v -0.068410 0.533203 -0.693738
v -0.071323 0.515584 -0.695489
v -0.072808 0.497067 -0.696932
v -0.106253 0.536922 -0.670885
v 0.001127 0.536898 -0.685825
v 0.000065 0.534152 -0.670395
v 0.019550 0.505032 -0.666809
v 0.032739 0.492556 -0.694660
v -0.004414 0.500019 -0.696391
v -0.011761 0.519673 -0.693045
v -0.018475 0.543697 -0.692549
v -0.301620 0.511622 -0.553865
v -0.294135 0.538086 -0.560772
v -0.307776 0.537869 -0.574336
v -0.345969 0.504714 -0.530705
v -0.338360 0.506734 -0.517107
v -0.327110 0.494324 -0.571992
v -0.354191 0.491122 -0.543389
v -0.300782 0.514648 -0.595607
v -0.302949 0.494398 -0.593827
v -0.299622 0.537851 -0.597043
v -0.436577 0.510655 -0.387359
v -0.436820 0.535318 -0.397662
v -0.440821 0.536623 -0.410945
v -0.460322 0.500113 -0.357743
v -0.448648 0.507349 -0.353872
v -0.452482 0.488075 -0.395805
v -0.467987 0.482789 -0.359144
v -0.429505 0.537111 -0.433857
v -0.432463 0.513696 -0.428907
v -0.436228 0.490405 -0.426423
v -0.474068 0.581538 -0.282984
v -0.477019 0.580280 -0.257994
v -0.473771 0.597861 -0.258675
v -0.458373 0.602993 -0.283344
v -0.459904 0.582658 -0.289167
v -0.460709 0.606219 -0.258285
v -0.412530 0.592900 -0.018930
v -0.430750 0.591889 -0.014101
v -0.426184 0.606599 -0.006357
v -0.402067 0.606369 -0.000415
v -0.395483 0.596499 -0.019387
v -0.417745 0.606740 0.012063
v -0.009607 0.505622 0.250295
v -0.002453 0.482491 0.272889
v 0.052640 0.482877 0.276943
v 0.055426 0.503570 0.274474
v 0.029107 0.521627 0.264907
v 0.015473 0.522039 0.249467
v 0.062317 0.521727 0.270823
v 0.407194 0.493184 -0.101314
v 0.379938 0.495995 -0.040976
v 0.381390 0.515149 -0.041259
v 0.396626 0.536585 -0.085677
v 0.421720 0.540294 -0.086862
v 0.427944 0.522113 -0.089546
v 0.381358 0.536901 -0.037023
v 0.441869 0.505145 -0.122217
v 0.429633 0.503190 -0.138943
v 0.422926 0.500845 -0.153140
v -0.197706 0.591546 0.162137
v -0.219959 0.592791 0.171363
v -0.206518 0.605019 0.182867
v -0.183512 0.607423 0.198821
v -0.175274 0.605027 0.181904
v -0.170502 0.594962 0.174291
v 0.020269 0.538679 0.253576
v 0.017731 0.556009 0.236962
v 0.028118 0.553953 0.214750
v 0.020927 0.552801 0.260606
v 0.040552 0.532475 0.212130
v 0.049637 0.547180 0.209672
v 0.136279 0.493518 -0.604545
v 0.133924 0.509716 -0.604201
v 0.139362 0.526877 -0.600897
v 0.106621 0.529672 -0.614248
v 0.095459 0.530672 -0.629892
v -0.221886 0.601886 -0.586509
v -0.221278 0.583701 -0.582485
v -0.203221 0.583535 -0.602322
v -0.205046 0.583341 -0.620304
v -0.213621 0.603328 -0.616980
v -0.232112 0.607502 -0.599777
v -0.381839 0.533566 -0.483691
v -0.370912 0.535431 -0.473349
v -0.368816 0.512845 -0.477429
v -0.380419 0.489373 -0.510810
v -0.399887 0.490052 -0.487207
v -0.399043 0.510146 -0.487947
v -0.397820 0.532467 -0.491049
v -0.383920 0.605855 -0.399055
v -0.399692 0.609791 -0.406888
v -0.409616 0.608821 -0.390530
v -0.395090 0.584314 -0.383178
v -0.381169 0.584794 -0.396171
v -0.411004 0.584266 -0.387636
v -0.368677 0.599737 0.044865
v -0.381687 0.605292 0.052753
v -0.372058 0.599890 0.078384
v -0.358112 0.586111 0.071533
v -0.363298 0.584430 0.043062
v -0.369824 0.586860 0.089769
v -0.442639 0.588994 0.000685
v -0.431213 0.601202 0.020644
v -0.433717 0.585557 0.022155
v 0.018290 0.570346 0.246802
v 0.021338 0.574072 0.227599
v 0.034717 0.572402 0.214753
v -0.102289 0.603598 0.243650
v -0.131173 0.609843 0.229203
v -0.141741 0.606964 0.244994
v -0.122272 0.590142 0.254486
v -0.106114 0.588061 0.244388
v -0.148191 0.594800 0.251067
v -0.093327 0.584482 -0.637535
v -0.074548 0.585852 -0.628642
v -0.074715 0.600118 -0.636494
v -0.078437 0.604915 -0.657130
v -0.098525 0.601794 -0.652992
v -0.103628 0.586054 -0.653733
v 0.444133 0.528278 -0.084201
v 0.458533 0.517754 -0.063208
v 0.462580 0.500488 -0.056338
v 0.475345 0.498813 -0.096222
v 0.458417 0.531778 -0.071888
v 0.428560 0.518168 -0.179953
v 0.420707 0.516380 -0.196781
v 0.421133 0.495602 -0.239682
v 0.422947 0.475508 -0.243415
v 0.409429 0.472891 -0.177934
v 0.418921 0.513528 -0.235011
v -0.008164 0.588982 -0.646784
v -0.003496 0.595134 -0.668077
v -0.017033 0.604341 -0.667312
v -0.031980 0.601797 -0.644185
v -0.027373 0.588836 -0.631298
v -0.037194 0.605985 -0.664345
v -0.255034 0.604697 -0.628900
v -0.243789 0.607795 -0.614179
v -0.225089 0.602883 -0.627196
v -0.218017 0.583438 -0.630702
v -0.235415 0.583214 -0.636048
v -0.256684 0.583547 -0.628921
v -0.230391 0.596327 0.188546
v -0.229610 0.577816 0.187132
v -0.235768 0.578414 0.204410
v -0.219270 0.579784 0.217880
v -0.219451 0.598737 0.216034
v -0.213627 0.605698 0.200696
v 0.117718 0.522197 0.198114
v 0.138848 0.521681 0.208228
v 0.166013 0.501295 0.202151
v 0.075689 0.524255 0.206018
v 0.136939 0.486481 0.190500
v 0.202649 0.498861 0.163056
v 0.199364 0.483697 0.160151
v -0.104600 0.587567 -0.672684
v -0.083207 0.604835 -0.676619
v -0.086218 0.589551 -0.684446
v -0.251629 0.607391 -0.585255
v -0.262913 0.608374 -0.600069
v -0.280425 0.607377 -0.584290
v -0.266726 0.598543 -0.553076
v -0.243925 0.599368 -0.568857
v -0.296788 0.602656 -0.561438
v -0.425737 0.608688 -0.396801
v -0.417428 0.609216 -0.414378
v -0.434785 0.607936 -0.422151
v -0.439800 0.584985 -0.421263
v -0.445397 0.584688 -0.399682
v -0.427421 0.584387 -0.392325
v -0.467290 0.365191 -0.105390
v -0.466219 0.371584 -0.136887
v -0.449156 0.359585 -0.132627
v -0.441686 0.370000 -0.077735
v -0.461944 0.370506 -0.080682
v -0.433880 0.342529 -0.131696
v -0.432854 0.333985 -0.107069
v -0.395521 0.346915 -0.091909
v -0.407537 0.361109 -0.082724
v -0.395887 0.604538 0.062801
v -0.403714 0.594593 0.067533
v -0.388844 0.589499 0.091567
v 0.070743 0.599122 0.204923
v 0.062883 0.582323 0.206194
v 0.059306 0.605338 0.228199
v 0.077768 0.606097 0.221101
v 0.044531 0.603487 0.235988
v 0.174668 0.503672 0.211784
v 0.212012 0.511426 0.187291
v 0.219460 0.534249 0.156408
v 0.249477 0.532245 0.128364
v 0.253405 0.514880 0.126451
v 0.258827 0.499796 0.123266
v 0.218718 0.532366 0.180894
v 0.352209 0.495255 0.015530
v 0.363979 0.539180 0.010489
v 0.321955 0.485915 0.076368
v 0.375140 0.517786 0.024814
v 0.376612 0.539980 0.021040
v 0.352468 0.505029 0.069486
v 0.217183 0.509094 -0.581723
v 0.206715 0.512174 -0.574094
v 0.179574 0.493719 -0.580823
v 0.182439 0.480222 -0.576739
v 0.238302 0.475555 -0.544045
v 0.173305 0.511315 -0.584087
v 0.079489 0.497278 -0.682993
v 0.072632 0.504452 -0.668369
v 0.107933 0.524148 -0.653815
v 0.111837 0.547152 -0.652548
v 0.118921 0.545376 -0.666065
v 0.158520 0.549411 -0.660867
v 0.161865 0.527125 -0.659523
v 0.128133 0.494688 -0.675487
v 0.087721 0.480906 -0.694553
v 0.168952 0.506129 -0.658153
v -0.295143 0.604954 -0.599342
v -0.311411 0.581633 -0.576401
v -0.295657 0.581132 -0.559083
v -0.298414 0.582740 -0.599714
v 0.384586 0.495903 -0.374124
v 0.420606 0.507074 -0.327796
v 0.355063 0.513636 -0.419914
v 0.351713 0.496142 -0.423389
v 0.430258 0.511444 -0.334333
v 0.411081 0.513900 -0.375913
v 0.396953 0.535598 -0.393698
v 0.375210 0.534742 -0.391541
v 0.356434 0.534223 -0.419922
v -0.367074 0.603809 -0.438120
v -0.365854 0.583592 -0.435684
v -0.365214 0.582529 -0.456060
v -0.372074 0.583277 -0.473258
v -0.372541 0.607671 -0.466501
v -0.381301 0.609137 -0.445838
v 0.025112 0.590749 0.235879
v 0.029002 0.599874 0.245787
v 0.056258 0.564571 0.207782
v 0.020336 0.594155 0.256699
v 0.030406 0.595683 0.271372
v 0.035010 0.604250 0.257746
v 0.000216 0.576528 -0.669301
v -0.005114 0.581379 -0.686509
v -0.022920 0.585498 -0.690011
v -0.022013 0.605766 -0.685459
v 0.406471 0.477849 -0.312871
v 0.418223 0.518834 -0.276526
v 0.427161 0.522646 -0.296458
v 0.176804 0.503687 0.223118
v 0.150235 0.522564 0.233853
v 0.146132 0.524626 0.245824
v 0.123640 0.523564 0.258202
v 0.130292 0.504896 0.257843
v 0.137974 0.482975 0.260034
v 0.180577 0.479802 0.247924
v 0.227633 0.494746 0.221751
v 0.273080 0.483342 0.194739
v 0.269678 0.505001 0.187945
v 0.267055 0.525162 0.184285
v 0.235826 0.529731 0.193036
v 0.416492 0.605663 -0.083078
v 0.417199 0.590292 -0.086711
v 0.397048 0.589637 -0.085483
v 0.378054 0.588335 -0.036002
v 0.384422 0.602849 -0.036667
v 0.401586 0.604428 -0.033174
v 0.324449 0.498750 -0.467005
v 0.333197 0.516580 -0.456124
v 0.317727 0.519066 -0.484141
v 0.321755 0.513994 -0.498769
v 0.279522 0.503288 -0.550817
v 0.309037 0.482792 -0.483751
v -0.242401 0.369044 0.220280
v -0.279557 0.373911 0.183313
v -0.267028 0.372108 0.166365
v -0.219103 0.345718 0.186262
v -0.204322 0.354542 0.223593
v -0.214814 0.367061 0.234872
v 0.114532 0.593186 0.200290
v 0.121472 0.602856 0.216475
v 0.138016 0.591280 0.216743
v 0.130406 0.575544 0.202885
v 0.109997 0.576643 0.197190
v 0.142968 0.575939 0.217589
v 0.297207 0.517216 0.098273
v 0.261555 0.482760 0.120705
v 0.327517 0.516447 0.093786
v 0.483213 0.500768 -0.143137
v 0.486988 0.481290 -0.138496
v 0.488470 0.484454 -0.178421
v 0.488157 0.485326 -0.220021
v 0.482413 0.511654 -0.223282
v 0.480353 0.539852 -0.229282
v 0.481189 0.542971 -0.195728
v 0.472574 0.549540 -0.168674
v 0.472172 0.524545 -0.171215
v 0.466819 0.505855 -0.148739
v 0.109511 0.585610 -0.620195
v 0.127082 0.584796 -0.605323
v 0.130611 0.600309 -0.610709
v 0.138489 0.605866 -0.625183
v 0.114135 0.603273 -0.634120
v 0.106504 0.585872 -0.637600
v -0.394374 0.584543 -0.494201
v -0.413341 0.585209 -0.464053
v -0.410713 0.607606 -0.463726
v -0.396626 0.609953 -0.454338
v -0.383943 0.608232 -0.477957
v -0.381658 0.583646 -0.485063
v -0.442453 0.360189 -0.306110
v -0.431388 0.372642 -0.333232
v -0.414981 0.371540 -0.325394
v -0.450219 0.361377 -0.270631
v -0.377980 0.361430 -0.334937
v -0.366075 0.336634 -0.320714
v -0.399580 0.330685 -0.293413
v -0.408969 0.334336 -0.258517
v 0.412771 0.489928 0.063971
v 0.434982 0.497602 0.027937
v 0.434992 0.518082 0.017611
v 0.435975 0.534770 0.011999
v 0.421153 0.530675 0.032463
v 0.403743 0.524344 0.034569
v 0.388545 0.503990 0.060774
v 0.435390 0.605839 -0.079171
v 0.418560 0.604821 -0.030150
v 0.435853 0.604165 -0.027814
v 0.455463 0.590385 -0.077354
v 0.436125 0.590893 -0.083461
v 0.446057 0.594908 -0.025910
v 0.240666 0.504484 -0.607868
v 0.285051 0.504512 -0.569482
v 0.295858 0.499305 -0.581364
v 0.299072 0.486376 -0.585547
v 0.251457 0.483237 -0.622387
v 0.212863 0.484514 -0.644620
v 0.204815 0.508375 -0.644598
v 0.224035 0.530520 -0.634844
v 0.232577 0.530223 -0.617571
v 0.195836 0.531125 -0.647240
v 0.437430 0.514381 -0.398368
v 0.444606 0.479830 -0.395189
v 0.420359 0.476359 -0.445450
v 0.414563 0.510026 -0.445241
v 0.429758 0.539985 -0.413935
v 0.414156 0.537782 -0.403088
v 0.424776 0.514812 -0.383959
v 0.412310 0.538734 -0.449212
v -0.396149 0.346740 -0.212835
v -0.423486 0.369869 -0.218601
v -0.447838 0.371308 -0.230973
v -0.402899 0.368784 -0.046014
v -0.431157 0.371839 -0.047347
v -0.383028 0.359309 -0.046820
v 0.365523 0.588372 0.010087
v 0.377364 0.590927 0.023572
v 0.387554 0.601887 0.005194
v 0.423128 0.601972 -0.199674
v 0.420952 0.579662 -0.201502
v 0.422122 0.578962 -0.183668
v 0.438494 0.576870 -0.175579
v 0.437962 0.596913 -0.174557
v 0.440744 0.606124 -0.192971
v 0.118737 0.586364 -0.664447
v 0.111008 0.585572 -0.652020
v 0.118186 0.604126 -0.648410
v 0.145251 0.607424 -0.640464
v 0.150438 0.605168 -0.654939
v 0.153646 0.588747 -0.661407
v 0.013878 0.366590 -0.681966
v 0.059304 0.371248 -0.685025
v 0.058963 0.369112 -0.669343
v -0.016988 0.368980 -0.666219
v -0.021325 0.369789 -0.677590
v 0.050490 0.367394 -0.650308
v -0.379844 0.368936 0.091166
v -0.396056 0.365453 0.074753
v -0.348307 0.372665 0.101291
v -0.364431 0.374319 0.114501
v -0.333750 0.366835 0.083681
v -0.251852 0.363589 0.144686
v 0.362225 0.509632 0.096034
v 0.347078 0.512576 0.094546
v 0.331315 0.534723 0.105074
v 0.347156 0.508985 0.119985
v 0.378372 0.505360 0.096579
v 0.326450 0.558500 0.104844
v 0.331279 0.558715 0.124203
v 0.316043 0.537122 0.141733
v 0.321737 0.515200 0.139817
v 0.313833 0.561041 0.145112
v 0.246975 0.612571 0.168082
v 0.227380 0.606584 0.152380
v 0.225312 0.601542 0.183756
v 0.471825 0.590073 -0.167675
v 0.482023 0.587068 -0.202497
v 0.477260 0.604989 -0.206044
v 0.457763 0.607028 -0.183368
v 0.455130 0.593809 -0.170699
v 0.461437 0.606580 -0.211073
v 0.193796 0.590047 -0.576019
v 0.213904 0.590801 -0.587113
v 0.207656 0.607717 -0.591612
v 0.175764 0.604375 -0.588214
v 0.171401 0.588480 -0.583218
v 0.187272 0.608143 -0.603488
v 0.472839 0.538378 -0.290101
v 0.477455 0.538799 -0.261873
v 0.478745 0.511476 -0.261275
v 0.465686 0.490713 -0.344257
v 0.461658 0.512094 -0.345222
v 0.461647 0.515883 -0.303560
v 0.485683 0.482385 -0.260856
v 0.481038 0.476185 -0.298401
v 0.463279 0.537750 -0.301501
v 0.338567 0.505404 -0.519378
v 0.347239 0.541606 -0.510193
v 0.359394 0.541633 -0.515017
v 0.377396 0.539614 -0.499810
v 0.372930 0.505327 -0.507288
v 0.372793 0.475381 -0.514720
v 0.343419 0.472118 -0.546948
v 0.373872 0.563506 -0.393388
v 0.395225 0.564224 -0.393552
v 0.395380 0.602460 -0.395888
v 0.363567 0.600016 -0.417195
v 0.358861 0.564058 -0.417897
v 0.379529 0.603184 -0.426194
v -0.396921 0.370599 0.022115
v -0.415944 0.372023 -0.010856
v -0.391060 0.368523 -0.011412
v -0.378408 0.357993 0.041399
v -0.367062 0.355802 -0.006386
v -0.412127 0.371265 0.058556
v -0.395817 0.366425 0.051021
v -0.364326 0.333858 0.041928
v 0.129606 0.604561 0.233601
v 0.106035 0.606592 0.237332
v 0.113233 0.605904 0.253519
v 0.115187 0.592256 0.259675
v 0.139739 0.592373 0.250598
v 0.144564 0.592498 0.233636
v 0.248366 0.603743 0.191615
v 0.055506 0.384638 -0.704862
v 0.052654 0.400335 -0.704026
v 0.103761 0.400974 -0.698477
v 0.137459 0.399058 -0.684253
v 0.058606 0.376092 -0.697741
v -0.053157 0.369996 -0.658079
v 0.042992 0.363242 -0.625729
v -0.037340 0.367774 -0.617920
v 0.416405 0.598993 -0.264316
v 0.438313 0.603938 -0.265607
v 0.436689 0.600784 -0.288216
v 0.422064 0.581032 -0.288538
v 0.415328 0.579381 -0.269194
v 0.439354 0.582919 -0.300385
v -0.182254 0.366346 0.217294
v -0.153092 0.358994 0.182182
v -0.152730 0.369040 0.197120
v -0.210582 0.330105 0.173489
v -0.181469 0.330163 0.187409
v -0.156463 0.339442 0.173622
v 0.288325 0.591847 0.104275
v 0.288538 0.604923 0.117438
v 0.179449 0.395117 -0.667799
v 0.177585 0.381647 -0.678085
v 0.174880 0.371803 -0.670844
v 0.122371 0.373648 -0.679100
v -0.320147 0.360825 -0.527419
v -0.311876 0.349372 -0.545627
v -0.303414 0.340405 -0.530208
v -0.294328 0.328898 -0.509791
v -0.283015 0.342601 -0.493499
v -0.334635 0.371373 -0.507838
v 0.337245 0.598123 -0.464848
v 0.351342 0.602109 -0.474189
v 0.336711 0.599870 -0.496207
v 0.322509 0.572864 -0.484134
v 0.332071 0.570397 -0.464518
v 0.333594 0.571980 -0.499998
v -0.346231 0.336746 -0.002918
v -0.330486 0.337152 0.032426
v -0.338797 0.327957 0.039141
v -0.156289 0.370462 0.221469
v 0.302462 0.606947 0.129928
v 0.408806 0.594113 0.037930
v 0.409228 0.578493 0.037967
v 0.425752 0.579140 0.035171
v 0.435227 0.581006 0.010406
v 0.433481 0.596252 0.011322
v 0.420844 0.601617 0.009623
v 0.430345 0.567724 -0.414868
v 0.412495 0.568315 -0.449487
v 0.411133 0.606310 -0.446923
v 0.411655 0.603835 -0.405342
v 0.413358 0.565871 -0.403563
v 0.394769 0.604931 -0.436494
v -0.313341 0.351969 0.070370
v -0.344889 0.318610 0.057894
v 0.314116 0.601936 0.145135
v 0.322903 0.578731 0.105807
v 0.295283 0.572570 0.099761
v 0.330222 0.581144 0.127229
v 0.234568 0.590911 -0.626287
v 0.212377 0.591569 -0.638707
v 0.207996 0.607956 -0.634763
v 0.221071 0.609463 -0.607687
v 0.227701 0.591007 -0.604239
v 0.198737 0.609540 -0.619641
v -0.335341 0.368616 -0.463559
v -0.345465 0.370696 -0.469210
v 0.455500 0.603185 -0.293557
v 0.458890 0.605941 -0.267460
v 0.475623 0.600945 -0.268397
v 0.476589 0.582628 -0.266353
v 0.471408 0.582588 -0.292809
v 0.457353 0.583147 -0.305334
v 0.314004 0.582116 0.146640
v 0.447760 0.365319 -0.082309
v 0.440084 0.367390 -0.046347
v 0.422179 0.364968 -0.045754
v 0.384950 0.362390 -0.041726
v 0.377214 0.344362 -0.057880
v 0.412233 0.328659 -0.081890
v 0.394489 0.356014 -0.106500
v 0.429114 0.369216 -0.124208
v 0.451179 0.370047 -0.122409
v 0.382911 0.342923 -0.106682
v 0.349524 0.601604 -0.505570
v 0.364358 0.603948 -0.483714
v 0.377809 0.604371 -0.494285
v 0.362551 0.571942 -0.515558
v 0.347706 0.571648 -0.509407
v 0.379748 0.570871 -0.496602
v -0.306292 0.259771 0.047510
v -0.290003 0.288190 0.057585
v -0.304336 0.303892 0.045988
v -0.327168 0.302831 0.046433
v -0.340634 0.289623 0.053174
v -0.281374 0.314206 0.072866
v -0.304667 0.327176 0.055482
v -0.348951 0.309187 0.034208
v -0.329266 0.315761 0.005927
v -0.335329 0.298598 0.023901
v 0.121419 0.357590 0.255841
v 0.202473 0.369561 0.184111
v 0.211093 0.370099 0.204872
v 0.161959 0.370284 0.246032
v 0.130680 0.368311 0.261153
v -0.314327 0.353615 -0.450881
v -0.378573 0.363043 -0.434214
v -0.374282 0.350465 -0.382225
v -0.396300 0.357239 -0.392219
v 0.066127 0.370129 0.221641
v 0.069550 0.361748 0.204944
v 0.101882 0.368417 0.251624
v 0.382556 0.368518 0.100227
v 0.379685 0.391491 0.106456
v 0.357616 0.395890 0.127093
v 0.335075 0.383132 0.153469
v 0.331122 0.373220 0.144181
v 0.352788 0.360691 0.103579
v 0.362039 0.340477 0.085583
v 0.378276 0.350181 0.089193
v 0.389076 0.365246 -0.016544
v 0.393456 0.360080 -0.173323
v 0.406808 0.370619 -0.173395
v -0.331356 0.330116 -0.396783
v -0.359199 0.314100 -0.407286
v -0.299015 0.327200 -0.437385
v 0.103878 0.332880 0.218629
v 0.136734 0.335879 0.213556
v 0.432030 0.368328 -0.019507
v 0.408468 0.363053 0.013991
v 0.397431 0.364319 0.002055
v -0.334306 0.221524 -0.014018
v -0.315427 0.218442 0.030336
v -0.351402 0.297291 -0.059241
v -0.388129 0.290431 -0.101953
v -0.364566 0.259783 -0.079349
v -0.358311 0.216136 -0.068715
v -0.331034 0.297501 -0.003861
v 0.137909 0.354684 0.186588
v 0.382655 0.341696 0.072775
v 0.387768 0.353051 0.078932
v 0.167984 0.354065 -0.621735
v 0.185348 0.366189 -0.611757
v 0.122168 0.347118 -0.600897
v 0.123635 0.362162 -0.622967
v 0.202301 0.368305 -0.568632
v 0.182380 0.359640 -0.555578
v -0.252230 0.284412 -0.501845
v -0.220155 0.303159 -0.495818
v -0.255573 0.227753 -0.477682
v -0.270972 0.279315 -0.481757
v -0.181001 0.281262 -0.515666
v -0.200263 0.250553 -0.510469
v -0.172444 0.316120 -0.532315
v 0.396435 0.348993 0.056035
v 0.340230 0.360440 0.095821
v 0.357439 0.357983 0.051289
v 0.431898 0.366190 -0.212618
v 0.431130 0.370463 -0.173490
v 0.411015 0.357762 -0.225789
v 0.435878 0.356665 -0.229466
v 0.386497 0.345989 -0.174287
v 0.440598 0.350141 -0.251316
v 0.398626 0.352893 -0.264063
v 0.419348 0.370105 -0.284261
v 0.376805 0.324223 -0.176824
v 0.393802 0.319757 -0.226803
v 0.389543 0.322762 -0.261894
v 0.222136 0.368172 -0.584710
v 0.361922 0.367082 -0.473072
v 0.393202 0.370636 -0.429975
v 0.374599 0.370751 -0.416660
v 0.356276 0.370248 -0.401896
v 0.311151 0.352279 -0.433995
v 0.318318 0.337291 -0.461120
v 0.332247 0.340572 -0.496529
v 0.346528 0.353282 -0.502786
v 0.312679 0.325332 -0.492495
v -0.264956 0.198748 -0.444134
v -0.255793 0.173535 -0.454656
v -0.290643 0.142736 -0.446435
v -0.282385 0.192542 -0.428565
v 0.341190 0.354147 -0.390508
v -0.378289 -0.025377 -0.129238
v -0.378963 -0.018706 -0.166282
v -0.390034 -0.029751 -0.169810
v -0.396500 -0.043104 -0.174725
v -0.389239 -0.062030 -0.150838
v -0.373555 -0.053299 -0.083463
v -0.370527 -0.029500 -0.080579
v -0.382176 -0.099251 -0.139339
v -0.379866 -0.090794 -0.118133
v -0.383534 -0.050908 -0.242683
v -0.376517 -0.050061 -0.281178
v -0.368888 -0.062239 -0.278404
v -0.369160 -0.055682 -0.204778
v -0.386420 -0.048473 -0.208715
v -0.363598 -0.078548 -0.274501
v -0.366607 -0.084401 -0.242132
v -0.344144 -0.086486 -0.225261
v -0.345260 -0.070508 -0.217913
v -0.347819 -0.057761 -0.201739
v -0.043880 -0.058720 0.199656
v -0.088970 -0.061038 0.191720
v -0.086624 -0.084200 0.185114
v -0.060013 -0.123497 0.189963
v -0.041828 -0.124928 0.193419
v -0.030638 -0.086510 0.182018
v -0.007824 -0.055258 0.203061
v -0.004095 -0.073794 0.175639
v 0.010630 -0.102216 0.188531
v 0.031158 -0.099366 0.194669
v 0.027499 -0.072972 0.196399
v 0.024212 -0.054107 0.203364
v 0.008484 -0.105163 0.173742
v -0.313423 -0.045934 -0.176992
v -0.326658 -0.011074 -0.181884
v -0.318800 -0.009872 -0.126078
v -0.318787 -0.120490 -0.112101
v -0.319373 -0.122184 -0.141122
v -0.331543 -0.079765 -0.158460
v -0.331247 -0.058376 -0.179161
v 0.006460 -0.037225 -0.569934
v 0.035009 -0.039000 -0.568747
v -0.023462 -0.056068 -0.570322
v -0.019498 -0.037011 -0.569216
v 0.002834 -0.062986 -0.549325
v -0.014831 -0.088275 -0.544150
v -0.016942 -0.085752 -0.561448
v -0.030467 -0.081114 -0.565034
v 0.029592 -0.070606 -0.549820
v 0.074441 -0.037865 -0.561882
v 0.073073 -0.060285 -0.557010
v 0.056130 -0.095696 -0.556370
v 0.049492 -0.101286 -0.545502
v -0.028509 -0.097756 0.130227
v -0.036270 -0.095492 0.118540
v -0.001759 -0.077094 0.137149
v -0.026932 -0.095147 0.141927
v 0.029322 -0.031003 0.143094
v 0.039667 -0.084927 0.144437
v -0.053233 -0.057526 0.139443
v -0.327103 -0.057611 -0.201602
v -0.320893 -0.068023 -0.214547
v -0.382516 -0.138100 -0.121362
v -0.387565 -0.148852 -0.146338
v -0.375986 -0.194208 -0.159599
v -0.373982 -0.208234 -0.190607
v -0.391098 -0.210217 -0.195361
v -0.395505 -0.239024 -0.188807
v -0.397849 -0.233394 -0.141886
v -0.376963 -0.223415 -0.085599
v -0.376080 -0.176238 -0.088246
v 0.023091 -0.115849 0.128350
v -0.068211 -0.091065 0.137745
v -0.297354 -0.072094 -0.228818
v -0.295941 -0.063380 -0.240060
v -0.038340 -0.163619 0.192007
v -0.061592 -0.167244 0.190008
v -0.050447 -0.205739 0.194810
v -0.045729 -0.270551 0.195869
v 0.003682 -0.269807 0.199110
v -0.014707 -0.189195 0.181079
v -0.033479 -0.162700 0.179358
v -0.361741 -0.168145 -0.275436
v -0.345941 -0.162463 -0.330563
v -0.355090 -0.208182 -0.311321
v -0.361982 -0.205714 -0.226654
v -0.366972 -0.254201 -0.300252
v -0.383521 -0.246667 -0.240404
v -0.365456 -0.173270 -0.250380
v -0.306645 -0.048565 -0.259449
v -0.294458 -0.030400 -0.309888
v -0.295845 0.019470 -0.310582
v -0.115914 -0.034424 0.120828
v -0.113683 0.016273 0.120022
v 0.067203 -0.278060 0.192802
v 0.067748 -0.212838 0.191195
v 0.081825 -0.162885 0.189198
v 0.038461 -0.163085 0.194529
v 0.016950 -0.164635 0.191641
v -0.318204 -0.173168 -0.111534
v -0.305392 -0.176153 -0.051520
v -0.306803 -0.226818 -0.051772
v -0.327896 -0.207412 -0.149024
v -0.322892 -0.171354 -0.140786
v -0.313998 -0.234537 -0.176149
v -0.316012 -0.216336 -0.177647
v 0.384143 -0.066574 -0.127556
v 0.379609 -0.093184 -0.118037
v 0.387982 -0.098811 -0.139786
v 0.391548 -0.047172 -0.172048
v 0.390323 -0.048563 -0.134862
v 0.380942 -0.102436 -0.146831
v 0.376166 -0.071254 -0.161884
v 0.378059 -0.058683 -0.202746
v 0.371277 -0.062475 -0.195056
v -0.018899 -0.105795 -0.485729
v -0.016012 -0.093042 -0.506232
v 0.017275 -0.064908 -0.509087
v 0.022721 -0.067770 -0.494527
v -0.014348 -0.058714 -0.488443
v -0.079717 -0.067749 -0.493395
v -0.086044 -0.120633 -0.492787
v 0.027440 -0.059443 -0.487925
v 0.377821 -0.078088 -0.227365
v 0.376228 -0.075387 -0.240784
v 0.374257 -0.051305 -0.257110
v 0.375012 -0.032918 -0.253341
v 0.380469 -0.031516 -0.215660
v 0.364854 -0.071123 -0.259911
v 0.024850 -0.157152 0.128185
v -0.015323 -0.209603 0.134543
v -0.015709 -0.219446 0.125513
v -0.036033 -0.139535 0.113896
v -0.031454 -0.136825 0.129433
v -0.031172 -0.179296 0.137191
v -0.015851 -0.201369 0.148053
v -0.082132 -0.183154 0.136178
v -0.077556 -0.134678 0.136660
v -0.079498 -0.222366 0.137593
v -0.040898 -0.187275 -0.557826
v -0.024869 -0.199275 -0.553675
v 0.007013 -0.217254 -0.545261
v -0.054845 -0.224413 -0.555944
v -0.065401 -0.185398 -0.550941
v -0.001863 -0.246776 -0.569311
v -0.045018 -0.261197 -0.556737
v 0.046108 -0.082641 -0.487625
v 0.061511 -0.108865 -0.489383
v 0.103231 -0.097091 -0.484131
v 0.103983 -0.045993 -0.484825
v 0.045522 -0.039414 -0.495573
v -0.312815 -0.215480 -0.211157
v -0.328962 -0.277843 -0.176784
v -0.322163 -0.280414 -0.227852
v -0.295273 -0.190731 -0.248192
v -0.303084 -0.188293 -0.228661
v -0.310793 -0.288168 -0.277481
v -0.307182 -0.232275 -0.275080
v -0.304894 -0.188005 -0.280518
v 0.095709 -0.083574 0.132881
v 0.097285 -0.141074 0.133622
v 0.047658 -0.200233 0.142477
v 0.101907 -0.200170 0.132408
v 0.072510 -0.172031 -0.550309
v 0.099803 -0.162940 -0.543179
v 0.090775 -0.207207 -0.549949
v 0.086674 -0.246669 -0.555100
v 0.044590 -0.259467 -0.558451
v 0.040398 -0.216107 -0.548084
v 0.053061 -0.179428 -0.550381
v 0.011130 -0.195896 0.140296
v 0.014445 -0.157551 0.130307
v 0.045868 -0.256013 0.145378
v -0.014846 -0.255772 0.146485
v 0.331529 -0.062972 -0.188558
v 0.333277 -0.075871 -0.153462
v 0.316863 0.017319 -0.160603
v 0.314933 0.015435 -0.215017
v 0.306673 -0.097456 -0.237544
v 0.313207 -0.097118 -0.208733
v 0.297177 -0.043635 -0.273329
v 0.303132 -0.094978 -0.285737
v 0.319585 -0.109503 -0.139262
v 0.312588 -0.104098 -0.120376
v 0.304017 -0.094175 -0.083102
v 0.304163 -0.041880 -0.097207
v 0.384115 -0.191895 -0.113811
v 0.385155 -0.250019 -0.115921
v 0.389529 -0.143546 -0.135083
v 0.378343 -0.135306 -0.114243
v 0.376433 -0.189251 -0.146085
v 0.381256 -0.146396 -0.145946
v 0.392222 -0.243093 -0.155998
v 0.392412 -0.213181 -0.156429
v 0.376052 -0.207404 -0.155726
v 0.040918 -0.209767 -0.497850
v 0.015468 -0.217108 -0.499679
v 0.018881 -0.241858 -0.488280
v 0.065943 -0.190593 -0.486836
v 0.044020 -0.185143 -0.493400
v 0.124565 -0.249304 -0.478617
v 0.116843 -0.200473 -0.479925
v -0.016939 -0.196858 -0.486567
v -0.090770 -0.233529 -0.495059
v -0.096055 -0.287143 -0.493548
v -0.015101 -0.216228 -0.495682
v -0.018597 -0.192196 -0.498629
v 0.023068 -0.278825 -0.503306
v -0.145336 -0.363331 0.171714
v -0.142919 -0.295877 0.173249
v -0.188425 -0.307985 0.151462
v -0.234534 -0.391575 0.140801
v -0.227523 -0.460500 0.140245
v -0.198716 -0.460595 0.168613
v -0.237936 -0.319775 0.124887
v -0.174593 -0.465736 0.184441
v -0.146598 -0.408195 0.170406
v -0.129316 -0.298656 -0.539267
v -0.119614 -0.345066 -0.546404
v -0.166048 -0.367436 -0.524908
v -0.207692 -0.323824 -0.504126
v -0.191331 -0.256953 -0.506643
v -0.135445 -0.246184 -0.536033
v 0.354284 -0.198666 -0.207521
v 0.354687 -0.209492 -0.196258
v 0.378280 -0.209712 -0.199343
v 0.375316 -0.194847 -0.234197
v 0.378866 -0.149664 -0.235043
v 0.371554 -0.155866 -0.219621
v 0.352977 -0.163581 -0.211385
v 0.399271 -0.216924 -0.204160
v 0.396205 -0.217598 -0.222876
v 0.392409 -0.218082 -0.242603
v -0.153893 -0.462345 0.181252
v 0.386215 -0.315984 -0.137776
v 0.368933 -0.320766 -0.144042
v 0.368898 -0.272424 -0.142185
v 0.388470 -0.314863 -0.118067
v 0.373266 -0.257244 -0.156058
v 0.341427 -0.194463 -0.143025
v 0.337118 -0.212593 -0.151296
v 0.316046 -0.219430 -0.150498
v 0.312013 -0.245741 -0.152295
v 0.314154 -0.208973 -0.116790
v 0.315843 -0.158656 -0.126703
v 0.327102 -0.159879 -0.142043
v 0.345174 -0.154744 -0.145459
v 0.309211 -0.256848 -0.108960
v -0.320163 0.243854 -0.198224
v -0.311920 0.244731 -0.240126
v -0.303632 0.259380 -0.236418
v -0.313907 0.263314 -0.149628
v -0.318923 0.246160 -0.144740
v -0.284793 0.266922 -0.228868
v -0.292723 0.267377 -0.199709
v 0.332414 -0.177965 -0.208673
v 0.336918 -0.130577 -0.208717
v 0.316761 -0.143988 -0.210126
v 0.307138 -0.152003 -0.230894
v 0.309201 -0.216357 -0.247802
v 0.304582 -0.277343 -0.244610
v 0.292757 -0.287339 -0.229613
v 0.313283 -0.276642 -0.261875
v 0.332452 -0.208575 -0.206566
v -0.296180 0.267991 -0.156079
v 0.369928 -0.240451 -0.269400
v 0.366686 -0.189244 -0.265720
v 0.371988 -0.192383 -0.249245
v 0.379187 -0.255846 -0.243652
v 0.374462 -0.303864 -0.243914
v 0.370476 -0.300978 -0.258856
v 0.366506 -0.297325 -0.274432
v 0.397791 -0.239437 -0.226783
v 0.328983 -0.256194 -0.152184
v 0.326346 -0.273243 -0.138089
v 0.312457 -0.321404 -0.133847
v 0.296978 -0.318757 -0.119059
v 0.315440 -0.315786 -0.108616
v 0.399763 -0.238272 -0.206613
v 0.380273 -0.252325 -0.206963
v 0.359930 -0.256771 -0.205690
v 0.356441 -0.268820 -0.224813
v 0.370794 -0.306163 -0.231364
v 0.354323 -0.307992 -0.224779
v -0.366373 -0.533118 -0.227077
v -0.381921 -0.530904 -0.162745
v -0.397398 -0.537724 -0.119894
v -0.387032 -0.479631 -0.121681
v -0.392623 -0.478650 -0.173427
v -0.400526 -0.595266 -0.162045
v -0.397305 -0.601401 -0.120127
v -0.381366 -0.593762 -0.167124
v 0.301249 -0.297066 -0.221355
v 0.314767 -0.256332 -0.217335
v 0.311380 -0.244540 -0.199843
v 0.306705 -0.225158 -0.198752
v -0.357584 -0.499413 -0.370428
v -0.334521 -0.452439 -0.390313
v -0.313381 -0.480533 -0.407950
v -0.293716 -0.522080 -0.432198
v -0.322101 -0.543991 -0.392799
v -0.351779 -0.554730 -0.362459
v -0.003890 -0.537603 0.205516
v -0.005186 -0.503659 0.201165
v -0.065105 -0.503484 0.202147
v -0.075315 -0.559940 0.229709
v -0.014566 -0.548695 0.225007
v -0.111594 -0.547229 0.220057
v -0.114484 -0.591679 0.228731
v -0.115664 -0.507385 0.204981
v -0.385004 -0.480554 -0.229733
v -0.377035 -0.485943 -0.271313
v -0.378875 -0.540423 -0.261096
v -0.402209 -0.593086 -0.232108
v -0.379110 -0.587182 -0.220694
v -0.395408 -0.602787 -0.255586
v -0.276204 0.268644 -0.162681
v -0.271599 0.268317 -0.195480
v -0.249391 0.268396 -0.183907
v -0.248364 0.268411 -0.115074
v -0.267000 0.268344 -0.100688
v -0.228957 0.268343 -0.136453
v 0.007193 -0.394066 -0.565546
v 0.048571 -0.374731 -0.555735
v 0.060963 -0.433048 -0.567771
v 0.082477 -0.481042 -0.578343
v 0.054552 -0.494035 -0.588414
v 0.042007 -0.500639 -0.612138
v 0.014847 -0.473545 -0.615198
v -0.027034 -0.440908 -0.591454
v -0.033901 -0.406235 -0.562633
v -0.021241 -0.466484 -0.615196
v -0.309235 -0.505045 -0.062018
v -0.316529 -0.574424 -0.067709
v -0.340742 -0.589995 -0.162887
v -0.332614 -0.437826 -0.189177
v -0.327830 -0.433142 -0.126209
v -0.362099 -0.592244 -0.167628
v -0.362668 -0.530298 -0.159411
v -0.350819 -0.533428 -0.224236
v 0.386301 -0.381921 -0.101491
v 0.387266 -0.437922 -0.107096
v 0.391750 -0.449083 -0.131652
v 0.389583 -0.464467 -0.153808
v 0.399180 -0.430037 -0.149856
v 0.382983 -0.419325 -0.148427
v 0.381137 -0.381082 -0.140291
v -0.327416 -0.518542 -0.240988
v -0.329837 -0.439305 -0.234344
v -0.332255 -0.582272 -0.223421
v -0.327568 -0.579000 -0.244627
v -0.354435 -0.584033 -0.216860
v 0.057754 0.265024 -0.486754
v 0.118536 0.264899 -0.478071
v 0.116681 0.271770 -0.465274
v 0.116082 0.274955 -0.457839
v 0.070030 0.273549 -0.462121
v 0.055845 0.275515 -0.451762
v 0.040720 0.267266 -0.453824
v -0.003047 0.267191 -0.451344
v -0.000610 0.266044 -0.468918
v -0.001572 0.262185 -0.487863
v -0.381266 -0.654667 -0.160682
v -0.397383 -0.660132 -0.116544
v -0.379753 -0.662794 -0.199122
v -0.397620 -0.666323 -0.202167
v -0.406026 -0.709709 -0.165224
v -0.400112 -0.719874 -0.112063
v -0.082398 -0.592306 0.235308
v -0.143234 -0.623071 0.217047
v -0.157337 -0.704049 0.209423
v -0.130220 -0.702069 0.236847
v -0.089296 -0.618776 0.234459
v 0.321307 -0.419378 -0.136695
v 0.317822 -0.432764 -0.158209
v 0.315522 -0.455084 -0.160489
v 0.300784 -0.381593 -0.120749
v 0.312583 -0.377702 -0.132569
v 0.324000 -0.490923 -0.164279
v 0.324194 -0.493255 -0.145167
v 0.322664 -0.495058 -0.118019
v 0.313964 -0.438089 -0.109471
v 0.316331 -0.380917 -0.106213
v -0.380049 -0.610267 -0.284545
v -0.383129 -0.667533 -0.289660
v -0.378525 -0.717668 -0.310211
v -0.391189 -0.735331 -0.266367
v -0.393121 -0.642571 -0.226506
v -0.407669 -0.698932 -0.212557
v -0.399793 -0.754215 -0.225338
v 0.377480 -0.362737 -0.240533
v 0.371297 -0.362078 -0.230845
v 0.372368 -0.418279 -0.226385
v 0.383977 -0.421383 -0.206763
v 0.391979 -0.443921 -0.207821
v 0.383269 -0.428227 -0.249390
v 0.377515 -0.364194 -0.259425
v 0.385420 -0.486432 -0.223927
v 0.382976 -0.487993 -0.241570
v 0.386863 -0.484799 -0.204538
v -0.326066 -0.640839 -0.070228
v -0.330156 -0.701901 -0.067812
v -0.345358 -0.708152 -0.147886
v -0.364064 -0.653874 -0.162192
v -0.347153 -0.717953 -0.204146
v -0.360153 -0.663801 -0.200295
v 0.069347 -0.573404 0.220819
v 0.133548 -0.643125 0.213561
v 0.141437 -0.650732 0.197122
v 0.147823 -0.583854 0.186424
v 0.140512 -0.530898 0.184327
v 0.074144 -0.520504 0.195160
v 0.168807 -0.654617 0.183582
v -0.041354 0.307216 -0.470164
v -0.023213 0.306572 -0.440211
v 0.032116 0.290487 -0.438002
v 0.070099 0.294288 -0.468160
v 0.056269 0.269547 -0.437733
v -0.051984 -0.619052 0.188769
v -0.094376 -0.671914 0.189076
v -0.047884 -0.692990 0.186774
v 0.005203 -0.704011 0.188104
v 0.009925 -0.652430 0.187698
v 0.020667 -0.611891 0.189692
v 0.025956 -0.583575 -0.700022
v 0.033279 -0.641688 -0.708214
v 0.018224 -0.634714 -0.727422
v 0.004157 -0.571085 -0.723047
v 0.015234 -0.555434 -0.703126
v 0.006741 -0.626538 -0.744958
v 0.388017 -0.497453 -0.133658
v 0.391923 -0.548997 -0.136006
v 0.391474 -0.555909 -0.159147
v 0.387342 -0.509911 -0.175730
v 0.387900 -0.472988 -0.171647
v 0.371161 -0.560821 -0.163182
v 0.369173 -0.529417 -0.165479
v 0.370770 -0.525727 -0.178919
v 0.313470 -0.422047 -0.220426
v 0.297914 -0.355242 -0.220476
v 0.289297 -0.351297 -0.229499
v 0.306850 -0.418686 -0.249710
v 0.315626 -0.481277 -0.236656
v 0.317655 -0.484864 -0.214467
v 0.320762 -0.488049 -0.197872
v 0.314414 -0.453563 -0.200416
v 0.316948 -0.434969 -0.200211
v -0.332257 -0.681262 -0.244276
v -0.332701 -0.634260 -0.245421
v -0.334474 -0.631632 -0.220755
v -0.355933 -0.630218 -0.217409
v -0.343379 -0.732757 -0.249275
v 0.387368 -0.513469 -0.186896
v 0.371478 -0.526344 -0.192262
v 0.374603 -0.554601 -0.196250
v 0.387875 -0.479324 -0.188251
v 0.388924 -0.545646 -0.223077
v 0.053539 -0.708155 0.189551
v 0.094357 -0.708816 0.200017
v 0.074013 -0.648061 0.199609
v 0.333723 -0.523897 -0.169556
v 0.351976 -0.530851 -0.167402
v 0.351349 -0.559128 -0.163214
v 0.327203 -0.555307 -0.126254
v 0.335611 -0.608066 -0.155079
v 0.333569 -0.614662 -0.134359
v 0.352650 -0.607654 -0.162446
v -0.141694 -0.647504 -0.677854
v -0.107458 -0.629156 -0.716380
v -0.100402 -0.683152 -0.721136
v -0.118493 -0.735981 -0.730078
v -0.148752 -0.720142 -0.693125
v -0.187963 -0.698160 -0.666660
v 0.253528 0.269180 -0.333806
v 0.272189 0.266111 -0.293720
v 0.257099 0.268229 -0.287545
v 0.242730 0.268773 -0.277507
v 0.231442 0.271920 -0.301222
v 0.221807 0.274843 -0.373233
v 0.228355 0.268673 -0.379940
v 0.236992 0.283619 -0.299972
v 0.247090 0.284945 -0.319605
v 0.234352 0.288574 -0.364594
v 0.332147 -0.523734 -0.191589
v 0.329604 -0.540845 -0.222594
v 0.346544 -0.604777 -0.202623
v 0.363338 -0.606344 -0.201168
v 0.357461 -0.556517 -0.195837
v 0.353286 -0.528354 -0.194180
v 0.335330 -0.604978 -0.212476
v -0.294265 -0.699698 -0.476656
v -0.306857 -0.696314 -0.501971
v -0.336461 -0.713872 -0.453672
v -0.322073 -0.718741 -0.440392
v -0.348916 -0.703987 -0.474673
v -0.415466 -0.838179 -0.354541
v -0.397249 -0.833917 -0.333545
v -0.377227 -0.782264 -0.370241
v -0.354054 -0.745425 -0.400820
v -0.371612 -0.738552 -0.417831
v -0.386663 -0.724797 -0.438677
v -0.415370 -0.755368 -0.418311
v -0.430002 -0.798520 -0.402824
v -0.439085 -0.837796 -0.375097
v 0.171543 0.268037 -0.008174
v 0.121352 0.268061 0.015267
v 0.122302 0.268242 -0.021416
v 0.136165 0.268333 -0.066025
v 0.178562 0.268335 -0.057216
v 0.203327 0.268164 -0.043248
v 0.376459 -0.623683 -0.308589
v 0.396620 -0.685303 -0.313460
v 0.373314 -0.701189 -0.346055
v 0.354945 -0.553531 -0.343408
v 0.372432 -0.555525 -0.297283
v 0.310038 -0.598225 -0.417280
v 0.324459 -0.542857 -0.390839
v 0.331293 -0.671471 -0.414344
v 0.295173 -0.637943 -0.449224
v 0.361940 -0.725220 -0.383720
v -0.282965 -0.692834 -0.462958
v -0.245013 -0.681010 -0.503380
v -0.270181 -0.707272 -0.558416
v -0.310688 -0.705285 -0.527207
v 0.394378 -0.600810 -0.141224
v 0.385787 -0.597942 -0.112901
v 0.391762 -0.646539 -0.117246
v 0.397592 -0.689242 -0.115007
v 0.404725 -0.697532 -0.149436
v 0.380085 -0.646628 -0.161947
v 0.387597 -0.604281 -0.160891
v 0.407460 -0.711855 -0.184960
v 0.379651 -0.646485 -0.198389
v 0.261191 0.293764 -0.301834
v 0.280871 0.303805 -0.268313
v 0.293518 0.308138 -0.285145
v 0.311132 0.311132 -0.301112
v 0.265954 0.308556 -0.370890
v 0.145694 -0.647488 -0.589018
v 0.178055 -0.636939 -0.582211
v 0.213805 -0.688615 -0.584386
v 0.136713 -0.695273 -0.606968
v 0.118391 -0.652631 -0.598194
v 0.177429 -0.764425 -0.587479
v 0.146257 -0.747849 -0.596005
v -0.424610 -0.746990 -0.445390
v -0.437323 -0.780238 -0.435266
v -0.444717 -0.810849 -0.429986
v 0.320923 -0.695537 -0.456074
v 0.292722 -0.657235 -0.498502
v 0.278602 -0.621367 -0.481101
v 0.322907 -0.694010 -0.492537
v 0.390685 -0.601482 -0.204940
v 0.379721 -0.604024 -0.200689
v 0.397671 -0.662049 -0.222348
v 0.392199 -0.605929 -0.225212
v 0.402348 -0.722877 -0.215877
v -0.312828 -0.732855 -0.550021
v -0.224489 -0.664756 -0.607896
v -0.218827 -0.678641 -0.635982
v -0.277843 -0.768817 -0.632179
v -0.360754 -0.747826 -0.537302
v -0.358826 -0.719580 -0.522708
v -0.369910 -0.772299 -0.544868
v -0.425100 -0.747941 -0.477039
v -0.400838 -0.725255 -0.496013
v -0.398877 -0.747118 -0.517236
v -0.404961 -0.773040 -0.525711
v -0.423440 -0.779735 -0.499307
v -0.439230 -0.780267 -0.467963
v -0.417133 -0.872381 -0.271363
v -0.416621 -0.914313 -0.196196
v -0.414544 -0.895441 -0.191349
v -0.453599 -0.883833 -0.347146
v -0.465991 -0.910743 -0.337050
v -0.446737 -0.921674 -0.278537
v 0.175419 -0.788678 0.184497
v 0.173524 -0.836278 0.185034
v 0.191005 -0.843426 0.174109
v 0.241932 -0.781437 0.138170
v 0.223475 -0.729511 0.152934
v 0.190530 -0.728329 0.177881
v 0.165111 -0.724044 0.189748
v 0.207796 -0.856391 0.165140
v 0.226930 -0.828071 0.151256
v 0.259768 -0.810368 0.130402
v 0.342018 -0.711577 -0.131989
v 0.333574 -0.671419 -0.118541
v 0.337437 -0.657436 -0.151766
v 0.347162 -0.652357 -0.160467
v 0.351202 -0.660027 -0.195373
v 0.346922 -0.755870 -0.194675
v 0.344353 -0.776480 -0.137178
v 0.332668 -0.607340 -0.225991
v 0.328783 -0.674134 -0.244490
v 0.342649 -0.749609 -0.249696
v 0.326374 -0.604440 -0.258919
v -0.451989 -0.843696 -0.416260
v -0.453698 -0.808612 -0.466147
v -0.482413 -0.875876 -0.434688
v -0.460022 -0.886392 -0.397111
v -0.485564 -0.837308 -0.492189
v -0.496447 -0.866885 -0.459280
v -0.439503 -0.807108 -0.500811
v -0.475081 -0.827475 -0.520631
v 0.082746 -0.792742 -0.649749
v 0.100968 -0.789058 -0.624351
v 0.098839 -0.836899 -0.627866
v 0.075349 -0.844990 -0.672670
v 0.069483 -0.807647 -0.686097
v 0.086241 -0.869045 -0.661082
v -0.336537 -0.791604 -0.617659
v -0.359646 -0.800425 -0.582959
v 0.379509 -0.781526 -0.348893
v 0.375203 -0.801616 -0.366059
v 0.353994 -0.743934 -0.479402
v 0.382866 -0.827205 -0.377370
v 0.387784 -0.807018 -0.437569
v -0.418962 -0.802105 -0.527634
v -0.108167 -0.901310 0.196721
v -0.114027 -0.895741 0.219192
v -0.099333 -0.938264 0.260213
v -0.046621 -0.942441 0.262168
v -0.051000 -0.940954 0.230197
v -0.054779 -0.943487 0.193054
v -0.123957 -0.892559 0.231673
v -0.127552 -0.918863 0.237918
v -0.127512 -0.929167 0.256004
v -0.054257 -0.904142 0.184907
v 0.266113 -0.724444 -0.574518
v 0.286955 -0.715787 -0.547951
v 0.308987 -0.748612 -0.543692
v 0.317474 -0.768890 -0.576975
v 0.281431 -0.758141 -0.599969
v 0.249640 -0.734910 -0.585903
v 0.406950 -0.751246 -0.308095
v 0.407695 -0.794274 -0.308140
v 0.338017 -0.739554 -0.513728
v 0.362494 -0.790205 -0.517027
v 0.341531 -0.797740 -0.559041
v -0.031574 -0.811545 -0.801212
v -0.004625 -0.818856 -0.799531
v -0.000588 -0.860309 -0.814366
v -0.086917 -0.829899 -0.801885
v -0.064751 -0.802986 -0.784821
v -0.077390 -0.867842 -0.850851
v -0.118833 -0.853391 -0.819939
v 0.021133 -0.891994 -0.828191
v -0.006767 -0.897211 -0.838752
v -0.032725 -0.905658 -0.849802
v -0.486596 -0.845465 -0.511364
v -0.467091 -0.858986 -0.539494
v -0.488637 -0.878099 -0.502900
v -0.498626 -0.869051 -0.480875
v -0.472873 -0.882346 -0.534243
v -0.391305 -0.797106 -0.552543
v -0.412531 -0.825066 -0.555230
v -0.422361 -0.843925 -0.554265
v 0.118228 -0.918547 0.239684
v 0.110482 -0.878196 0.236654
v 0.100483 -0.876894 0.223322
v 0.108747 -0.942220 0.275770
v 0.129003 -0.942163 0.264679
v 0.070545 -0.938906 0.248716
v 0.073195 -0.939477 0.288743
v 0.430295 -0.774160 -0.011182
v 0.412168 -0.791530 0.015632
v 0.443421 -0.804898 0.014891
v 0.467109 -0.799984 -0.020190
v 0.449656 -0.777208 -0.038891
v 0.471883 -0.828547 -0.004118
v -0.215773 -0.829763 -0.789725
v -0.194789 -0.861254 -0.806390
v -0.227419 -0.877442 -0.791601
v -0.250069 -0.849961 -0.759598
v -0.237584 -0.825168 -0.751788
v -0.244683 -0.882334 -0.767299
v -0.432484 -0.864933 -0.557533
v 0.011868 -0.940560 0.193254
v 0.013106 -0.939355 0.226878
v 0.072166 -0.938051 0.215025
v 0.068244 -0.905183 0.187109
v 0.010997 -0.903603 0.187064
v 0.096253 -0.916360 0.202185
v -0.198546 -0.932335 0.253427
v -0.207317 -0.922274 0.273567
v -0.199083 -0.906330 0.299658
v -0.166705 -0.918484 0.292394
v -0.160842 -0.925871 0.264255
v -0.175357 -0.927430 0.251622
v -0.179584 -0.909501 0.319400
v -0.165356 -0.916366 0.318802
v -0.195476 -0.902964 0.326307
v 0.317436 -0.786063 0.057533
v 0.295365 -0.798519 0.104976
v 0.312175 -0.829500 0.102331
v 0.358333 -0.843275 0.101628
v 0.386377 -0.833284 0.095263
v 0.374696 -0.808062 0.064831
v 0.339858 -0.851431 0.114195
v 0.482536 -0.836619 -0.045658
v 0.457517 -0.792108 -0.064685
v 0.461362 -0.812509 -0.086604
v 0.427034 -0.820028 -0.124178
v 0.431095 -0.797081 -0.099381
v 0.486301 -0.850469 -0.050901
v 0.437978 -0.855635 -0.153546
v 0.423140 -0.840663 -0.160436
v 0.495214 -0.872806 -0.055012
v 0.476912 -0.861414 -0.118945
v 0.457438 -0.869821 -0.156539
v 0.332011 -0.794728 -0.607383
v 0.317534 -0.822388 -0.622155
v 0.290846 -0.801786 -0.634405
v 0.257901 -0.778814 -0.619705
v -0.302858 -0.928532 -0.312725
v -0.335441 -0.941432 -0.255737
v -0.313486 -0.947912 -0.258607
v -0.265689 -0.943923 -0.308557
v -0.235839 -0.920394 -0.316966
v -0.297629 -0.947125 -0.261607
v -0.232115 -0.910240 -0.333203
v -0.258106 -0.914383 -0.338563
v -0.279295 -0.917320 -0.341857
v -0.545769 -0.926437 -0.450130
v -0.532790 -0.909664 -0.459480
v -0.523724 -0.912569 -0.488518
v -0.501014 -0.915655 -0.538360
v -0.518662 -0.927659 -0.541496
v -0.569151 -0.938359 -0.491930
v -0.604620 -0.943045 -0.432264
v -0.587659 -0.941586 -0.423282
v -0.533540 -0.938271 -0.550215
v -0.578124 -0.941052 -0.414750
v 0.144149 -0.911758 0.236433
v 0.131913 -0.914209 0.240943
v 0.141404 -0.942684 0.256135
v 0.150909 -0.937289 0.220832
v 0.150205 -0.909796 0.221014
v 0.167240 -0.944462 0.284569
v 0.181413 -0.942899 0.271854
v 0.193009 -0.936248 0.262116
v 0.177430 -0.938591 0.239208
v 0.172165 -0.939187 0.222446
v 0.187811 -0.909851 0.184395
v 0.174951 -0.908185 0.187583
v 0.174281 -0.937222 0.189816
v 0.173144 -0.938276 0.206353
v 0.186200 -0.927240 0.203169
v 0.197969 -0.910578 0.194600
v -0.003622 -0.894710 -0.516640
v -0.004945 -0.892865 -0.525615
v -0.004148 -0.880502 -0.528983
v -0.050586 -0.877578 -0.521241
v -0.107950 -0.878759 -0.511969
v -0.105491 -0.888374 -0.498124
v -0.104022 -0.894087 -0.480810
v -0.063747 -0.896386 -0.494656
v -0.034312 -0.895535 -0.503066
v -0.006144 -0.895539 -0.503785
v -0.051292 0.437423 -0.483908
v -0.081866 0.437647 -0.428246
v -0.126101 0.437613 -0.459259
v -0.095078 0.437232 -0.522067
v -0.037947 0.437225 -0.520155
v -0.149942 0.437466 -0.480081
v 0.157679 -0.935360 0.204772
v 0.165987 -0.907419 0.194587
v 0.156134 -0.907846 0.205563
v -0.112345 -0.895648 -0.857706
v -0.136085 -0.925458 -0.858679
v -0.156076 -0.835821 -0.801248
v -0.272786 -0.851405 -0.730570
v -0.311866 -0.874289 -0.701191
v -0.306699 -0.853227 -0.681164
v -0.269760 -0.922674 -0.753042
v -0.235915 -0.914418 -0.774334
v -0.317472 -0.891617 -0.720039
v 0.410457 -0.839271 -0.435010
v 0.415045 -0.858925 -0.481368
v 0.425722 -0.883491 -0.528137
v 0.406757 -0.847500 -0.533264
v 0.375832 -0.820573 -0.543969
v -0.246200 -0.925941 0.283168
v -0.274484 -0.939165 0.259261
v -0.287677 -0.937204 0.279970
v -0.296357 -0.937539 0.295804
v -0.260170 -0.926667 0.308847
v -0.240205 -0.913586 0.302959
v 0.283911 -0.834201 0.128278
v 0.347943 -0.853211 0.156224
v 0.359597 -0.857789 0.135825
v -0.248709 -0.945192 -0.303537
v -0.197501 -0.942852 -0.328747
v -0.174612 -0.939762 -0.324061
v -0.191425 -0.928157 -0.312546
v -0.203640 -0.914610 -0.308979
v -0.546636 -0.944214 -0.300348
v -0.519238 -0.946073 -0.311816
v -0.535648 -0.942073 -0.358618
v -0.549655 -0.939552 -0.384684
v -0.578944 -0.942271 -0.347371
v -0.575382 -0.942770 -0.293560
v 0.483051 -0.870985 0.011753
v 0.454394 -0.847716 0.056900
v 0.467686 -0.862577 0.081618
v 0.502946 -0.886021 -0.058179
v 0.531283 -0.915762 0.028721
v 0.526895 -0.901026 -0.060945
v 0.011471 -0.900958 -0.449202
v 0.020696 -0.903289 -0.469766
v -0.012312 -0.889369 -0.479204
v -0.038163 -0.887376 -0.477412
v -0.044687 -0.877804 -0.465097
v -0.009895 -0.881612 -0.432253
v -0.006215 -0.902690 -0.421980
v -0.019310 -0.865195 -0.463925
v -0.010109 -0.868220 -0.440546
v 0.334150 -0.845802 -0.604142
v 0.301846 -0.857598 -0.621710
v 0.277048 -0.825452 -0.643494
v 0.269705 -0.854131 -0.643175
v -0.179899 -0.918367 0.339357
v -0.194336 -0.913377 0.344093
v -0.192881 -0.929194 0.355962
v -0.180755 -0.953188 0.346347
v -0.168754 -0.954401 0.346404
v -0.165105 -0.924828 0.338361
v -0.191877 -0.940044 0.366421
v -0.172248 -0.957182 0.356901
v -0.179026 -0.944270 0.388665
v -0.160698 -0.942514 0.394997
v -0.156746 -0.939271 0.375907
v -0.152867 -0.934404 0.361318
v -0.193420 -0.949235 0.385153
v -0.150050 -0.927380 0.344059
v 0.464559 -0.886742 -0.202352
v 0.477086 -0.880730 -0.167139
v 0.498439 -0.887336 -0.187789
v 0.490719 -0.884213 -0.245738
v 0.463440 -0.886558 -0.248681
v 0.524565 -0.883994 -0.238591
v -0.215199 0.307677 -0.204781
v -0.261376 0.307591 -0.219689
v -0.264306 0.307585 -0.153033
v -0.191883 0.307491 -0.126088
v -0.159854 0.308141 -0.173798
v -0.231071 0.307585 -0.084767
v -0.314580 -0.912868 -0.734550
v -0.261847 -0.932420 -0.768622
v -0.263395 -0.928823 0.339404
v -0.308664 -0.940374 0.325329
v -0.314365 -0.941559 0.335746
v -0.277270 -0.943417 0.371034
v -0.250332 -0.945647 0.381405
v -0.238860 -0.941620 0.366511
v -0.324049 -0.945648 0.350118
v -0.224835 -0.937373 0.354059
v -0.232437 -0.926174 0.346976
v -0.237690 -0.915235 0.337432
v 0.493086 -0.871892 -0.131150
v 0.550857 -0.899004 -0.232527
v -0.062719 -0.887154 -0.448231
v -0.056553 -0.888210 -0.433008
v -0.029800 -0.868971 -0.431218
v -0.036743 -0.854841 -0.445938
v -0.022792 -0.854305 -0.460308
v -0.023592 -0.855848 -0.436105
v -0.223235 -0.902868 -0.354455
v -0.206197 -0.905947 -0.328122
v -0.181570 -0.901074 -0.333757
v -0.192884 -0.897825 -0.357867
v -0.206613 -0.896854 -0.374911
v -0.228925 -0.949450 -0.830106
v -0.318847 -0.955494 -0.786751
v -0.313650 -0.943646 -0.772288
v -0.252866 -0.932508 -0.785789
v -0.225738 -0.907529 -0.796290
v -0.312027 -0.938857 -0.760370
v 0.146247 0.437362 -0.340970
v 0.166874 0.437105 -0.283094
v 0.091816 0.436780 -0.276276
v 0.060073 0.437056 -0.338810
v 0.110227 0.437447 -0.391891
v 0.039208 0.436776 -0.287300
v 0.464618 -0.862173 -0.359024
v 0.463583 -0.877809 -0.308313
v 0.489335 -0.879355 -0.305453
v 0.527832 -0.885150 -0.307580
v 0.513856 -0.874460 -0.364989
v 0.485262 -0.870521 -0.395017
v 0.270734 -0.868692 0.274465
v 0.262544 -0.890774 0.286763
v 0.291456 -0.878805 0.302298
v 0.319347 -0.872661 0.303586
v 0.314653 -0.856862 0.283696
v 0.287561 -0.852268 0.259946
v -0.172084 -0.981780 0.335763
v -0.171771 -0.969221 0.341649
v -0.180982 -0.969809 0.344584
v -0.173485 -0.971786 0.352803
v -0.190207 -0.991405 0.329821
v -0.204888 -0.989948 0.345773
v -0.138543 -0.993515 0.334529
v -0.135720 -0.993786 0.359113
v -0.161284 -0.991799 0.356887
v -0.201381 -0.992620 0.315005
v -0.177814 -0.992649 0.308642
v -0.146897 -0.993360 0.307165
v -0.205148 -0.942568 0.363784
v -0.216308 -0.953288 0.394886
v -0.199734 -0.951280 0.400480
v -0.226562 -0.949125 0.373556
v -0.233467 -0.949485 0.388100
v -0.219643 -0.946146 0.361125
v -0.160519 -0.993305 0.377937
v -0.179394 -0.991849 0.376864
v -0.198494 -0.988510 0.377262
v -0.053622 0.309119 -0.112941
v -0.106307 0.308096 -0.139798
v -0.136927 0.308100 -0.089876
v -0.177291 0.307885 -0.033141
v -0.117205 0.308267 0.002417
v -0.029269 0.308814 -0.038550
v -0.004465 0.308656 -0.091282
v 0.441743 -0.880649 -0.469526
v 0.474325 -0.888456 -0.453615
v 0.491523 -0.915734 -0.486193
v 0.506034 -0.936438 -0.502347
v 0.468234 -0.939834 -0.548925
v 0.416761 -0.923509 -0.583661
v 0.403918 -0.903346 -0.572201
v 0.429604 -0.939726 -0.604471
v -0.173049 -0.908587 -0.310695
v -0.148788 -0.902713 -0.328875
v -0.201081 -0.991140 0.392209
v -0.219308 -0.989729 0.390407
v -0.082058 -0.899732 -0.414380
v -0.075486 -0.903287 -0.395877
v -0.067192 -0.907589 -0.374506
v -0.034342 -0.903650 -0.398496
v 0.261235 -0.935546 -0.745613
v 0.254705 -0.923226 -0.728080
v 0.292730 -0.928563 -0.699929
v 0.329942 -0.931194 -0.666717
v 0.342840 -0.940077 -0.682188
v 0.298482 -0.948066 -0.742007
v 0.267041 -0.939726 -0.762582
v 0.356164 -0.944066 -0.693702
v -0.056073 0.308095 0.030547
v 0.069881 0.307933 -0.004517
v 0.067329 0.308429 0.051320
v 0.128115 0.308106 0.038803
v 0.189329 0.307846 0.002996
v 0.149565 0.307220 -0.026745
v 0.095677 0.307785 -0.053933
v -0.178809 -0.945764 -0.298797
v -0.143930 -0.941366 -0.302408
v -0.106501 -0.915909 -0.344247
v -0.113169 -0.900529 -0.363789
v -0.096916 -0.935511 -0.320809
v -0.230203 -0.992571 0.338901
v -0.219610 -0.992719 0.325985
v -0.237253 -0.992579 0.351781
v 0.296777 -0.928574 0.330854
v 0.269586 -0.941801 0.353776
v 0.284340 -0.940065 0.364294
v 0.297331 -0.942772 0.374728
v 0.338016 -0.941669 0.346053
v 0.371849 -0.948794 0.329271
v 0.358138 -0.933397 0.317603
v 0.354524 -0.916729 0.305134
v 0.331637 -0.910291 0.320200
v 0.306365 -0.911927 0.322897
v -0.031685 -0.944342 0.065601
v 0.022959 -0.944994 0.070226
v 0.011395 -0.945778 0.024044
v -0.012971 -0.946127 -0.026069
v -0.056939 -0.944923 0.001610
v -0.079308 -0.945412 0.048522
v -0.227474 -0.989401 0.373590
v -0.248605 -0.993178 0.365193
v -0.236139 -0.991229 0.385307
v 0.395658 -0.930821 0.271079
v 0.391585 -0.952480 0.284905
v 0.415410 -0.922630 0.249200
v 0.398908 -0.916345 0.261607
v 0.423250 -0.940802 0.283919
v 0.459950 -0.943282 0.254713
v 0.449727 -0.940199 0.240729
v 0.441556 -0.934966 0.227449
v 0.434842 -0.884840 0.177791
v 0.434421 -0.907428 0.199665
v 0.466434 -0.914050 0.172266
v 0.470193 -0.880657 0.129979
v 0.443952 -0.859697 0.145463
v 0.500628 -0.901637 0.118476
v 0.285077 -0.946740 -0.171499
v 0.281201 -0.946189 -0.218229
v 0.257369 -0.946036 -0.208700
v 0.244233 -0.947306 -0.144871
v 0.266421 -0.946663 -0.122202
v 0.216700 -0.946626 -0.185326
v 0.381731 -0.946539 0.286696
v 0.381865 -0.928376 0.279317
v 0.369872 -0.924154 0.290885
v 0.383101 -0.961277 0.285090
v 0.400933 -0.955621 0.317030
v 0.342633 -0.951250 -0.730376
v 0.300921 -0.980411 -0.731452
v 0.305116 -0.945798 -0.759209
v 0.303479 -0.988342 -0.745473
v 0.328935 -0.989671 -0.745835
v 0.346994 -0.992886 -0.725940
v 0.334657 -0.990843 -0.712509
v 0.308376 -0.991759 -0.760495
v 0.317532 -0.986307 -0.699032
v 0.435757 -0.945792 0.298102
v 0.277644 -0.992374 -0.719674
v 0.276466 -0.993176 -0.740906
v 0.285009 -0.991496 -0.696793
v 0.336484 -0.951675 -0.759789
v 0.313450 -0.945388 -0.774578
v 0.357259 -0.949732 -0.745023
v 0.390602 -0.969668 0.291934
v 0.381018 -0.982874 0.311155
v 0.381631 -0.991049 0.319802
v 0.361430 -0.994356 0.322490
v 0.403331 -0.997407 0.255545
v 0.420532 -0.997600 0.256256
v 0.397989 -0.990559 0.290642
v 0.435692 -0.997396 0.262821
v 0.301506 -0.997704 0.331920
v 0.294142 -0.997839 0.312126
v 0.350168 -0.996098 0.277713
v 0.305915 -0.997335 0.347382
v 0.416620 -0.996548 0.297154
v 0.429457 -0.990989 0.305645
v 0.404808 -0.987108 0.321184
v 0.384969 -0.990018 0.333628
v -0.433978 -0.993660 -0.479765
v -0.393005 -0.993565 -0.523945
v -0.351435 -0.993816 -0.469995
v -0.338919 -0.993689 -0.414350
v -0.399192 -0.993690 -0.408179
v -0.464490 -0.993462 -0.426679
v 0.121411 0.437315 -0.057847
v 0.181067 0.437131 -0.022875
v 0.133154 0.437298 0.023208
v 0.071417 0.437810 0.054731
v 0.058946 0.437871 -0.013639
v 0.063662 0.437334 -0.070863
v 0.241268 -0.997046 0.133784
v 0.239465 -0.995282 0.078429
v 0.289916 -0.998625 0.085371
v 0.307579 -0.998843 0.162399
v 0.270074 -0.997921 0.190154
v 0.345583 -0.999732 0.114233
v -0.174517 0.437347 -0.039026
v -0.198902 0.437035 0.008331
v -0.248878 0.437981 -0.037087
v -0.223960 0.437653 -0.112338
v -0.165942 0.437448 -0.104016
v -0.274736 0.438067 -0.112139
v -0.078980 0.740187 0.855860
v -0.076586 0.739411 0.844162
v -0.072153 0.755901 0.848327
v -0.082161 0.727876 0.844929
v -0.093797 0.729915 0.832236
v -0.093174 0.728974 0.819992
v -0.108477 0.738926 0.838402
v -0.111349 0.740118 0.826267
v -0.091660 0.728013 0.807128
v -0.102740 0.741661 0.839184
v -0.110906 0.744670 0.826820
v -0.085225 0.746838 0.839278
v -0.081059 0.759650 0.845655
v -0.073124 0.763443 0.833324
v -0.087771 0.726236 0.793596
v -0.080931 0.726210 0.793149
v -0.082232 0.722927 0.780946
v -0.079511 0.724431 0.779163
v -0.084362 0.726359 0.765714
v -0.115037 0.742929 0.757825
v -0.110239 0.743184 0.738671
v -0.076407 0.726843 0.747857
v -0.113792 0.759792 0.757198
v -0.108869 0.760019 0.737211
v -0.113290 0.775767 0.756891
v -0.108518 0.776195 0.738210
v -0.113620 0.790970 0.756705
v -0.108880 0.791424 0.738074
v -0.114702 0.805975 0.756673
v -0.110044 0.806492 0.737631
v -0.105955 0.807303 0.718238
v -0.111757 0.821614 0.737885
v -0.107885 0.821569 0.717764
v -0.114542 0.837787 0.739563
v -0.110131 0.837040 0.718759
v -0.107462 0.836312 0.698296
v -0.114800 0.854967 0.722975
v -0.113677 0.855618 0.702699
v -0.122339 0.872411 0.728451
v -0.120880 0.874611 0.709558
v -0.119984 0.879254 0.690200
v -0.126635 0.891680 0.717075
v -0.125245 0.898016 0.699327
v -0.114466 0.900554 0.692643
v -0.106608 0.880454 0.678434
v -0.095066 0.901565 0.693650
v -0.093849 0.883724 0.682194
v -0.076440 0.904385 0.689187
v -0.076110 0.888137 0.681318
v -0.075253 0.871716 0.668735
v -0.057173 0.892269 0.677606
v -0.058109 0.877619 0.668484
v -0.035891 0.895349 0.675638
v -0.037210 0.882256 0.667909
v -0.014775 0.883017 0.668749
v -0.018382 0.871004 0.660157
v 0.007584 0.878457 0.672835
v 0.002552 0.867633 0.664689
v -0.002159 0.855632 0.655350
v -0.021882 0.857864 0.650371
v -0.007524 0.842060 0.643988
v -0.024965 0.844480 0.639023
v -0.013363 0.827755 0.632380
v -0.028756 0.828673 0.628517
v -0.043215 0.821104 0.631456
v -0.032175 0.813782 0.619805
v -0.044549 0.806240 0.623919
v -0.035286 0.798907 0.604685
v -0.050337 0.793627 0.607539
v -0.063025 0.781446 0.613963
v -0.055920 0.782602 0.576411
v -0.070314 0.770749 0.581016
v -0.079019 0.753943 0.586305
v -0.069384 0.764123 0.536451
v -0.077593 0.747035 0.539906
v -0.079222 0.727822 0.543958
v -0.081253 0.734291 0.591184
v -0.073109 0.709546 0.548169
v -0.076153 0.714948 0.595061
v -0.060964 0.693946 0.552293
v -0.064479 0.697406 0.597935
v -0.060013 0.709630 0.630420
v -0.045630 0.687388 0.599805
v -0.043938 0.700728 0.630355
v -0.044555 0.701654 0.653283
v -0.061754 0.713839 0.654311
v -0.028356 0.701390 0.631524
v -0.025139 0.696401 0.651162
v -0.012347 0.709890 0.633311
v -0.006290 0.704421 0.650471
v -0.003256 0.694441 0.604237
v 0.010443 0.711054 0.606105
v -0.022525 0.684987 0.602383
v -0.022423 0.682597 0.560682
v -0.002428 0.688587 0.564514
v -0.043288 0.684797 0.556523
v -0.040406 0.684578 0.497135
v -0.021033 0.682298 0.503167
v -0.057082 0.694036 0.491436
v -0.069372 0.708874 0.486285
v -0.064503 0.711567 0.414477
v -0.052988 0.697222 0.419467
v -0.036796 0.688153 0.424605
v -0.051364 0.696426 0.346340
v -0.035526 0.687390 0.351403
v -0.017652 0.684975 0.356219
v -0.018681 0.685029 0.429860
v 0.000187 0.689081 0.361043
v -0.000316 0.687470 0.435209
v -0.002414 0.687047 0.509844
v 0.015399 0.697928 0.440654
v 0.013127 0.698790 0.514695
v 0.013159 0.702341 0.568072
v 0.022140 0.715679 0.518545
v 0.021232 0.721366 0.570593
v 0.020541 0.729804 0.608197
v 0.022925 0.741535 0.572395
v 0.021175 0.750101 0.608852
v 0.018588 0.760423 0.573383
v 0.024534 0.734704 0.521826
v 0.020518 0.752916 0.524528
v 0.011084 0.769544 0.526317
v 0.007251 0.776435 0.574260
v -0.002974 0.781668 0.527963
v -0.006252 0.784571 0.572317
v -0.020602 0.786302 0.529678
v -0.022019 0.789173 0.572350
v -0.020874 0.799707 0.605299
v -0.017746 0.814385 0.621582
v -0.039091 0.789215 0.573471
v -0.039045 0.784611 0.531682
v -0.055690 0.776901 0.533894
v -0.036598 0.785454 0.468029
v -0.053189 0.777349 0.471225
v -0.066184 0.763694 0.474439
v -0.048788 0.777067 0.397695
v -0.061491 0.764001 0.401493
v -0.068895 0.747367 0.405593
v -0.073761 0.746269 0.477888
v -0.069815 0.729182 0.409925
v -0.074980 0.727261 0.481810
v -0.065703 0.747183 0.331723
v -0.067288 0.729087 0.336250
v -0.062319 0.711174 0.341141
v -0.064276 0.730282 0.262949
v -0.059352 0.712825 0.267337
v -0.049091 0.698196 0.271772
v -0.057636 0.714013 0.195196
v -0.047682 0.699080 0.200351
v -0.032874 0.688778 0.205515
v -0.034081 0.687580 0.276553
v -0.015485 0.684392 0.210354
v -0.016313 0.684017 0.281639
v 0.002372 0.687501 0.214972
v 0.001603 0.687958 0.286815
v 0.017743 0.696744 0.219324
v 0.017238 0.697663 0.291731
v 0.015100 0.699202 0.365755
v 0.027394 0.712797 0.296445
v 0.025526 0.713984 0.370508
v 0.024953 0.713889 0.445913
v 0.029611 0.731631 0.375182
v 0.027923 0.732270 0.450737
v 0.027566 0.749706 0.379712
v 0.024452 0.750596 0.455015
v 0.018919 0.766093 0.383839
v 0.014986 0.767095 0.458665
v 0.004684 0.778387 0.387475
v 0.000778 0.779799 0.461784
v -0.013186 0.784457 0.390820
v -0.017508 0.785556 0.464959
v -0.031746 0.784005 0.394188
v -0.008298 0.784005 0.316392
v -0.027163 0.783993 0.319894
v -0.044426 0.776550 0.323555
v -0.023139 0.783065 0.246662
v -0.040126 0.775807 0.250580
v -0.053805 0.763877 0.254579
v -0.057622 0.763651 0.327490
v -0.062432 0.747959 0.258698
v -0.050286 0.764707 0.180516
v -0.058669 0.748882 0.185156
v -0.061158 0.731312 0.190074
v -0.055814 0.748524 0.117703
v -0.058395 0.731139 0.122768
v -0.055128 0.714533 0.127557
v -0.079030 0.730926 0.058978
v -0.071126 0.708414 0.064014
v -0.058997 0.690056 0.069149
v -0.045872 0.699391 0.132168
v -0.041267 0.677318 0.072613
v -0.031889 0.689097 0.136332
v -0.018829 0.671134 0.075513
v -0.014845 0.684385 0.140409
v 0.002908 0.675825 0.078289
v 0.002611 0.686721 0.144198
v 0.022407 0.686190 0.081528
v 0.018224 0.695308 0.147812
v 0.037863 0.702335 0.084678
v 0.029521 0.709448 0.151761
v 0.028999 0.711219 0.223375
v 0.034586 0.726421 0.155253
v 0.034671 0.728438 0.227300
v 0.032440 0.730423 0.300970
v 0.032973 0.746639 0.231172
v 0.030781 0.748437 0.305263
v 0.025237 0.762998 0.235106
v 0.022719 0.764651 0.309206
v 0.011883 0.775228 0.238999
v 0.009148 0.777042 0.312881
v -0.005130 0.782257 0.242838
v 0.014825 0.773665 0.164940
v -0.001562 0.781105 0.168215
v -0.019814 0.782321 0.171947
v 0.001669 0.782476 0.099127
v -0.017709 0.781940 0.102505
v -0.035311 0.775915 0.106840
v -0.036871 0.776613 0.176116
v -0.047647 0.764584 0.111577
v -0.043626 0.786636 0.045893
v -0.062792 0.773496 0.050253
v -0.075468 0.753399 0.053898
v -0.072792 0.779579 -0.024212
v -0.083001 0.756327 -0.019264
v -0.084380 0.732090 -0.015151
v -0.079592 0.711670 -0.073656
v -0.079264 0.708109 -0.008913
v -0.068717 0.691378 -0.068754
v -0.066632 0.688082 -0.003302
v -0.051030 0.674225 -0.062447
v -0.048475 0.672487 0.002023
v -0.028119 0.664665 -0.056913
v -0.025429 0.665449 0.006993
v -0.002138 0.663880 -0.051595
v -0.000971 0.667921 0.011368
v 0.022217 0.675259 -0.046690
v 0.020624 0.680387 0.015093
v 0.041179 0.694891 -0.042856
v 0.037297 0.699035 0.018441
v 0.051887 0.720015 -0.040318
v 0.046419 0.721903 0.021702
v 0.046471 0.723936 0.088290
v 0.045848 0.745495 0.025025
v 0.044610 0.745263 0.091426
v 0.033754 0.744488 0.158701
v 0.036773 0.763830 0.095086
v 0.026958 0.761165 0.161442
v 0.019982 0.776082 0.096551
v 0.037146 0.766530 0.029203
v 0.021105 0.781513 0.033309
v 0.000847 0.790987 0.038752
v 0.024637 0.795416 -0.034720
v -0.000668 0.808425 -0.031926
v -0.028950 0.809442 -0.031060
v -0.021128 0.793170 0.042879
v -0.054227 0.798285 -0.028619
v -0.003074 0.807714 -0.096568
v 0.023889 0.798289 -0.096837
v 0.024206 0.793671 -0.151243
v -0.003246 0.803573 -0.151411
v 0.029908 0.792313 -0.205110
v 0.003110 0.802612 -0.204265
v 0.034573 0.790834 -0.268985
v 0.009198 0.803221 -0.266522
v -0.017363 0.803816 -0.263747
v 0.013623 0.797043 -0.339537
v -0.010973 0.800541 -0.339687
v -0.034951 0.793322 -0.338623
v -0.042904 0.793746 -0.261322
v -0.054777 0.777115 -0.337674
v -0.060879 0.776441 -0.260369
v -0.065624 0.754161 -0.336589
v -0.069855 0.753019 -0.259980
v -0.066869 0.728591 -0.336140
v -0.070419 0.727660 -0.260569
v -0.060716 0.704064 -0.336353
v -0.064530 0.702962 -0.261999
v -0.068385 0.700099 -0.204590
v -0.068604 0.697236 -0.159803
v -0.049045 0.683030 -0.265101
v -0.052178 0.680983 -0.204961
v -0.052364 0.679335 -0.158472
v -0.052366 0.676870 -0.114502
v -0.068828 0.694238 -0.117932
v -0.029427 0.667534 -0.207042
v -0.030071 0.667102 -0.157203
v -0.029670 0.665581 -0.109329
v -0.003236 0.664639 -0.155502
v -0.002803 0.663744 -0.105431
v 0.023025 0.672388 -0.154153
v 0.022935 0.673773 -0.102029
v 0.043497 0.690980 -0.153154
v 0.043242 0.692664 -0.099611
v 0.053030 0.717085 -0.152529
v 0.054715 0.718342 -0.098324
v 0.053749 0.745784 -0.151566
v 0.054789 0.747318 -0.097332
v 0.052032 0.747525 -0.038601
v 0.044388 0.775747 -0.096725
v 0.043177 0.774306 -0.036855
v 0.044246 0.772886 -0.150871
v 0.057386 0.745119 -0.206932
v 0.048975 0.772444 -0.206011
v 0.057661 0.742055 -0.269539
v 0.051139 0.769108 -0.269726
v 0.056273 0.736800 -0.338025
v 0.049609 0.761137 -0.338298
v 0.035619 0.783162 -0.339070
v 0.050527 0.754997 -0.401078
v 0.037328 0.774487 -0.401631
v 0.019085 0.787566 -0.402267
v 0.042458 0.772276 -0.447837
v 0.025131 0.786622 -0.448304
v 0.003604 0.793138 -0.448534
v -0.003705 0.791796 -0.402976
v -0.020216 0.789367 -0.448773
v -0.026058 0.786759 -0.403737
v -0.040345 0.774400 -0.449170
v -0.044708 0.771880 -0.403815
v -0.054810 0.753797 -0.449119
v -0.057067 0.751804 -0.403476
v -0.058954 0.729103 -0.448647
v -0.060284 0.728240 -0.403014
v -0.053394 0.705840 -0.447991
v -0.055134 0.705442 -0.402613
v -0.040787 0.687148 -0.447539
v -0.042446 0.686420 -0.402181
v -0.046159 0.684133 -0.336183
v -0.023920 0.673710 -0.401581
v -0.025062 0.671515 -0.336135
v -0.026386 0.671540 -0.267017
v -0.000671 0.668822 -0.336484
v -0.000331 0.668988 -0.268395
v -0.002285 0.664928 -0.207871
v 0.025157 0.675226 -0.269053
v 0.023981 0.672637 -0.208104
v 0.046545 0.690110 -0.268946
v 0.044693 0.690671 -0.207990
v 0.056999 0.714865 -0.269153
v 0.055005 0.716460 -0.207659
v 0.042315 0.689972 -0.337646
v 0.054048 0.711544 -0.337986
v 0.038848 0.689543 -0.400713
v 0.051288 0.709020 -0.400625
v 0.054978 0.732103 -0.400729
v 0.053531 0.706510 -0.446302
v 0.058452 0.729516 -0.446394
v 0.054486 0.752775 -0.447148
v 0.044925 0.768573 -0.488133
v 0.036080 0.755836 -0.520731
v 0.021778 0.770709 -0.520000
v 0.028884 0.783218 -0.487810
v 0.017521 0.736500 -0.528727
v 0.003702 0.749856 -0.529293
v 0.000686 0.718325 -0.529724
v 0.015187 0.705378 -0.525854
v -0.016667 0.700538 -0.524522
v -0.032565 0.689363 -0.506876
v -0.038418 0.687366 -0.480615
v -0.049889 0.704949 -0.481114
v -0.056139 0.728581 -0.482441
v -0.050989 0.754873 -0.483987
v -0.023272 0.674626 -0.447192
v -0.001109 0.670256 -0.446811
v -0.001468 0.670159 -0.401070
v 0.021567 0.674656 -0.446673
v 0.020743 0.675430 -0.400863
v 0.023136 0.675259 -0.337060
v 0.040089 0.687859 -0.446528
v 0.038696 0.687174 -0.482790
v 0.030877 0.691744 -0.512910
v -0.000209 0.821804 0.637945
v 0.007074 0.835458 0.649504
v 0.014701 0.848969 0.661274
v 0.021080 0.860519 0.670305
v -0.035285 0.908657 0.681763
v -0.056727 0.907058 0.684090
v -0.075862 0.921149 0.693754
v -0.055315 0.921648 0.689486
v -0.072806 0.934783 0.698054
v -0.052952 0.931733 0.698352
v -0.069844 0.927690 0.701313
v -0.090569 0.929232 0.706188
v -0.086182 0.911584 0.704083
v -0.067434 0.911873 0.699341
v -0.094773 0.935180 0.703957
v -0.095518 0.919109 0.699361
v -0.115607 0.916509 0.703195
v -0.115566 0.930409 0.709972
v -0.107445 0.922226 0.712287
v -0.129527 0.924863 0.718319
v -0.118749 0.915053 0.720056
v -0.113263 0.901965 0.716237
v -0.101714 0.907866 0.709010
v -0.097652 0.894660 0.705404
v -0.083128 0.897401 0.699828
v -0.108763 0.890288 0.711908
v -0.105819 0.878305 0.705100
v -0.095451 0.881961 0.697970
v -0.111717 0.898686 0.728089
v -0.105929 0.887130 0.723375
v -0.102033 0.875383 0.718084
v -0.103328 0.865157 0.696758
v -0.093854 0.887442 0.736028
v -0.089214 0.876228 0.731950
v -0.101614 0.900887 0.739675
v -0.113908 0.911095 0.743825
v -0.110591 0.913570 0.755713
v -0.119256 0.910750 0.731551
v -0.127760 0.916731 0.730397
v -0.126893 0.916479 0.744595
v -0.130712 0.903455 0.740392
v -0.131019 0.904049 0.756913
v -0.127008 0.918591 0.756707
v -0.129845 0.906626 0.723947
v -0.128064 0.888769 0.734685
v -0.129423 0.913076 0.708840
v -0.124480 0.872955 0.747725
v -0.129157 0.888799 0.752762
v -0.126563 0.876365 0.768897
v -0.128310 0.891522 0.772802
v -0.129209 0.906835 0.774712
v -0.125417 0.893985 0.793868
v -0.125703 0.907900 0.793702
v -0.120298 0.920842 0.791012
v -0.124854 0.922091 0.773740
v -0.106225 0.919679 0.786284
v -0.108922 0.916721 0.770303
v -0.124271 0.892361 0.815381
v -0.123732 0.880103 0.791384
v -0.121477 0.876939 0.813499
v -0.120470 0.869844 0.834067
v -0.116952 0.863768 0.807109
v -0.122917 0.863970 0.785283
v -0.122182 0.859080 0.763568
v -0.119076 0.839456 0.759325
v -0.123606 0.845852 0.777099
v -0.115617 0.844945 0.782449
v -0.122075 0.821837 0.775953
v -0.119078 0.820784 0.788913
v -0.112239 0.816133 0.779636
v -0.111454 0.836749 0.774792
v -0.102011 0.844560 0.756783
v -0.094428 0.836871 0.743686
v -0.116450 0.821834 0.757374
v -0.118731 0.855192 0.742799
v -0.099826 0.849100 0.683430
v -0.090162 0.849775 0.674924
v -0.095312 0.869814 0.685802
v -0.081874 0.882607 0.693155
v -0.065753 0.896791 0.694989
v -0.088101 0.738164 0.750478
v -0.098442 0.754189 0.745553
v -0.273239 0.437955 -0.027301
v -0.307007 0.438290 -0.109107
v -0.314387 0.437766 -0.196601
v -0.281758 0.437692 -0.192152
v -0.231205 0.437469 -0.184091
v -0.163960 0.437362 -0.170145
v -0.269188 0.437434 -0.272669
v -0.220693 0.437394 -0.256843
v -0.155958 0.437349 -0.235908
v -0.094290 0.437230 -0.216266
v -0.102787 0.437359 -0.155217
v -0.200759 0.437481 -0.328850
v -0.140250 0.437376 -0.301317
v -0.081045 0.437083 -0.275799
v -0.024157 0.436794 -0.254307
v -0.035112 0.436934 -0.199063
v -0.116211 0.437578 -0.365134
v -0.059384 0.437142 -0.335712
v -0.007407 0.436846 -0.309292
v 0.030985 0.436683 -0.237459
v -0.028353 0.437420 -0.398322
v 0.021166 0.437178 -0.368275
v 0.005452 0.437482 -0.459515
v 0.061396 0.437488 -0.430432
v 0.027225 0.437342 -0.500901
v 0.092756 0.437412 -0.473570
v 0.153677 0.437578 -0.430697
v 0.113169 0.437398 -0.502742
v 0.181534 0.437499 -0.455233
v 0.235717 0.437611 -0.386999
v 0.201714 0.437732 -0.368826
v 0.268861 0.437644 -0.307014
v 0.228213 0.437559 -0.297029
v 0.282459 0.437258 -0.222669
v 0.237342 0.437188 -0.222360
v 0.170340 0.436998 -0.222635
v 0.093877 0.436702 -0.226752
v 0.233028 0.437138 -0.149454
v 0.163004 0.436966 -0.162385
v 0.088437 0.436740 -0.174018
v 0.023708 0.436733 -0.185377
v 0.146075 0.437052 -0.106167
v 0.076750 0.436888 -0.122447
v 0.014957 0.436888 -0.131512
v 0.006192 0.437324 -0.073860
v -0.051912 0.437409 -0.079797
v -0.043836 0.437132 -0.141797
v -0.109458 0.437500 -0.090903
v -0.061336 0.437655 -0.007838
v -0.121185 0.437555 -0.020647
v -0.070781 0.437473 0.058225
v -0.139346 0.436959 0.040111
v -0.077607 0.437661 0.098153
v -0.154345 0.437251 0.076474
v -0.219808 0.436991 0.034168
v -0.165080 0.437633 0.098217
v -0.238015 0.437166 0.052462
v -0.295584 0.437874 -0.016552
v -0.251926 0.437563 0.065257
v -0.311698 0.437961 -0.008728
v -0.347648 0.438339 -0.102718
v -0.329196 0.438347 -0.105790
v -0.354986 0.437489 -0.201164
v -0.336175 0.437727 -0.198995
v -0.335333 0.437334 -0.296574
v -0.318404 0.437378 -0.289929
v -0.298416 0.437414 -0.282632
v -0.283752 0.437042 -0.375013
v -0.265991 0.437106 -0.363810
v -0.241096 0.437273 -0.349813
v -0.221044 0.437198 -0.436362
v -0.201733 0.437362 -0.419972
v -0.168833 0.437637 -0.396437
v -0.163694 0.437342 -0.496048
v -0.235019 0.437094 -0.450281
v -0.172642 0.437302 -0.510385
v -0.102531 0.436893 -0.549578
v -0.098777 0.437110 -0.536350
v -0.028744 0.437059 -0.559865
v -0.031801 0.437145 -0.541796
v 0.048867 0.437419 -0.550477
v 0.039756 0.437349 -0.528570
v 0.127097 0.437360 -0.523378
v 0.055163 0.437469 -0.568251
v 0.137816 0.437151 -0.541098
v 0.216218 0.437061 -0.487079
v 0.200471 0.437341 -0.472226
v 0.278724 0.437408 -0.409869
v 0.259097 0.437508 -0.399565
v 0.316910 0.437577 -0.319335
v 0.295643 0.437640 -0.313966
v 0.333665 0.437361 -0.224084
v 0.311445 0.437336 -0.223221
v 0.330354 0.437079 -0.127404
v 0.308041 0.437068 -0.132797
v 0.280125 0.437096 -0.139374
v 0.283308 0.436840 -0.047313
v 0.256285 0.436999 -0.061654
v 0.214079 0.437113 -0.081179
v 0.214914 0.437098 0.005502
v 0.237769 0.437148 0.026429
v 0.173381 0.437089 0.084905
v 0.157218 0.437056 0.060175
v 0.092333 0.437458 0.123302
v 0.083008 0.437494 0.093332
v 0.003487 0.437964 0.137674
v 0.002524 0.437934 0.106399
v 0.000596 0.437943 0.064144
v 0.000278 0.437901 -0.004778
v -0.083430 0.437919 0.127325
v 0.004098 0.437947 0.159927
v -0.088383 0.438022 0.148298
v -0.175095 0.437982 0.115909
v -0.093124 0.437874 0.166658
v -0.184469 0.438094 0.131504
v -0.264964 0.438465 0.077361
v -0.193383 0.437116 0.145907
v -0.277629 0.435792 0.088775
v -0.341412 0.434970 0.005299
v -0.327184 0.438086 -0.001227
v -0.383351 0.436722 -0.097266
v -0.364806 0.438270 -0.100057
v -0.388524 0.435798 -0.204989
v -0.371619 0.437066 -0.203175
v -0.365948 0.436030 -0.308378
v -0.350828 0.437174 -0.302605
v -0.324929 0.436775 -0.404267
v -0.312057 0.437038 -0.395070
v -0.298506 0.437035 -0.385460
v -0.256827 0.436595 -0.475140
v -0.246240 0.436959 -0.462929
v -0.186588 0.437483 -0.537626
v -0.179795 0.437337 -0.523934
v -0.108370 0.434506 -0.578666
v -0.105747 0.436309 -0.563833
v -0.025322 0.435980 -0.593383
v -0.026910 0.436846 -0.576817
v 0.061080 0.437415 -0.586334
v -0.023634 0.429399 -0.607417
v 0.066336 0.432712 -0.601440
v 0.155982 0.435052 -0.570660
v 0.147436 0.436518 -0.556822
v 0.241669 0.433381 -0.512022
v 0.229073 0.436303 -0.499509
v 0.311937 0.434203 -0.427435
v 0.295796 0.437155 -0.418987
v 0.354207 0.432606 -0.328665
v 0.336495 0.436998 -0.324364
v 0.371823 0.435314 -0.226676
v 0.353630 0.437136 -0.225400
v 0.367180 0.436419 -0.118542
v 0.349109 0.437073 -0.122971
v 0.335354 0.437308 -0.017329
v 0.318944 0.436967 -0.026964
v 0.302458 0.436765 -0.036397
v 0.267196 0.436939 0.055414
v 0.253362 0.437133 0.041547
v 0.194686 0.437605 0.119750
v 0.184560 0.437218 0.102765
v 0.104674 0.437659 0.162340
v 0.098668 0.437644 0.143596
v 0.004385 0.437581 0.179729
v 0.110583 0.435396 0.180285
v 0.004690 0.436211 0.197868
v -0.097593 0.436540 0.183533
v 0.004719 0.424503 0.211610
v -0.100680 0.423401 0.194690
v -0.198860 0.423727 0.154629
v -0.102456 0.406758 0.201265
v -0.201816 0.406538 0.159234
v -0.290760 0.406461 0.099931
v -0.286229 0.423386 0.096548
v -0.356828 0.407264 0.011441
v -0.350717 0.423292 0.009658
v -0.397919 0.409478 -0.097638
v -0.391346 0.425168 -0.097603
v -0.405158 0.411844 -0.208873
v -0.401604 0.427055 -0.207549
v -0.376651 0.428051 -0.312412
v -0.380388 0.412682 -0.315082
v -0.336737 0.412082 -0.415436
v -0.334180 0.428180 -0.411533
v -0.403933 0.394771 -0.210112
v -0.380610 0.396448 -0.316727
v -0.334579 0.395806 -0.416165
v -0.374880 0.381272 -0.316786
v -0.328381 0.380543 -0.414317
v -0.263896 0.376605 -0.493426
v -0.269983 0.392008 -0.496551
v -0.272565 0.408381 -0.496549
v -0.272147 0.424366 -0.494041
v -0.188437 0.388725 -0.553821
v -0.192023 0.403651 -0.555938
v -0.193053 0.418227 -0.554122
v -0.191297 0.431725 -0.548260
v -0.265806 0.435125 -0.485806
v -0.108227 0.401099 -0.601937
v -0.109590 0.414282 -0.597630
v -0.110163 0.428585 -0.591375
v -0.020978 0.414273 -0.613435
v -0.017953 0.397205 -0.615577
v 0.072835 0.398953 -0.607199
v 0.069825 0.416831 -0.605555
v 0.165019 0.402407 -0.583039
v 0.161362 0.418826 -0.578469
v 0.254925 0.401679 -0.522731
v 0.249658 0.418523 -0.519028
v 0.327088 0.403726 -0.432972
v 0.323286 0.421461 -0.432483
v 0.367063 0.421588 -0.331123
v 0.373715 0.404506 -0.331865
v 0.391595 0.409611 -0.226254
v 0.389351 0.426634 -0.227279
v 0.320800 0.388089 -0.427060
v 0.368728 0.386328 -0.329134
v 0.387783 0.391519 -0.224870
v 0.385950 0.395797 -0.111030
v 0.388409 0.414310 -0.111171
v 0.358379 0.371048 -0.325496
v 0.380114 0.374934 -0.223723
v 0.379323 0.378327 -0.111486
v 0.343185 0.378706 -0.006922
v 0.349618 0.396486 -0.005037
v 0.370218 0.358861 -0.222804
v 0.369123 0.361332 -0.112940
v 0.335487 0.360725 -0.009876
v 0.274861 0.359183 0.072005
v 0.281900 0.376990 0.076426
v 0.358614 0.344342 -0.115087
v 0.326269 0.342911 -0.014305
v 0.267051 0.340675 0.066853
v 0.190287 0.336764 0.125451
v 0.196819 0.354620 0.132051
v 0.316644 0.325236 -0.019180
v 0.259338 0.321732 0.061229
v 0.182942 0.319019 0.117192
v 0.094490 0.317846 0.147691
v 0.098353 0.336628 0.156839
v 0.247211 0.309637 0.050659
v 0.172595 0.308894 0.103563
v 0.088846 0.308168 0.131643
v 0.000938 0.309503 0.140826
v 0.001671 0.318314 0.159175
v 0.160739 0.308973 0.086379
v 0.082386 0.308756 0.110994
v 0.000479 0.309035 0.116579
v -0.080308 0.308903 0.105360
v -0.086610 0.307576 0.130261
v 0.074669 0.308888 0.086464
v 0.000823 0.308711 0.088530
v -0.071218 0.308564 0.076392
v -0.143084 0.308230 0.047547
v -0.159730 0.308270 0.074592
v 0.004648 0.308150 0.046662
v 0.019206 0.308252 -0.017036
v 0.044337 0.308002 -0.072316
v 0.075208 0.307512 -0.118834
v 0.022662 0.307880 -0.138207
v 0.133790 0.307616 -0.098243
v 0.196330 0.307725 -0.073126
v 0.228056 0.307517 -0.137335
v 0.168196 0.307539 -0.147901
v 0.107204 0.307320 -0.164953
v 0.134121 0.306938 -0.208976
v 0.081783 0.307054 -0.225490
v 0.053381 0.307519 -0.184585
v 0.189881 0.306764 -0.200325
v 0.240130 0.307150 -0.201391
v 0.238641 0.298062 -0.242172
v 0.198222 0.297429 -0.233671
v 0.150385 0.302271 -0.239472
v 0.159176 0.293940 -0.260501
v 0.117364 0.299340 -0.276844
v 0.103021 0.305163 -0.255540
v 0.199253 0.287041 -0.256305
v 0.231941 0.288462 -0.267505
v 0.222111 0.282335 -0.285925
v 0.197506 0.281482 -0.277150
v 0.163961 0.285948 -0.280121
v 0.167947 0.273566 -0.295432
v 0.136956 0.273791 -0.310732
v 0.128100 0.289303 -0.295261
v 0.197406 0.272606 -0.284402
v 0.199967 0.269639 -0.266449
v 0.163073 0.269957 -0.273349
v 0.218166 0.271663 -0.288544
v 0.225363 0.269103 -0.269639
v 0.249590 0.268150 -0.243687
v 0.230460 0.268350 -0.241430
v 0.200548 0.268557 -0.240928
v 0.196267 0.268356 -0.208021
v 0.146565 0.268443 -0.218781
v 0.156621 0.268725 -0.248254
v 0.228889 0.268252 -0.202779
v 0.251952 0.268046 -0.200198
v 0.243185 0.268261 -0.148795
v 0.219203 0.268416 -0.157035
v 0.184101 0.268433 -0.167380
v 0.161319 0.268432 -0.115979
v 0.107755 0.268331 -0.132543
v 0.131461 0.268407 -0.182514
v 0.199795 0.268472 -0.102951
v 0.225761 0.268391 -0.092179
v 0.262576 0.267901 -0.141217
v 0.244352 0.268177 -0.083119
v 0.220604 0.267886 -0.030738
v 0.234509 0.267458 -0.018582
v 0.190775 0.267471 0.028602
v 0.182206 0.267777 0.012033
v 0.262214 0.267910 -0.074089
v 0.276949 0.267441 -0.066076
v 0.247936 0.266178 -0.004876
v 0.279957 0.266789 -0.134012
v 0.294630 0.264625 -0.126845
v 0.300275 0.250768 -0.123320
v 0.286058 0.253455 -0.057677
v 0.288334 0.266515 -0.194872
v 0.304287 0.264305 -0.191057
v 0.308788 0.251543 -0.186449
v 0.308062 0.231813 -0.182655
v 0.301534 0.231977 -0.119364
v 0.298591 0.263388 -0.247508
v 0.302702 0.248811 -0.245530
v 0.304208 0.231423 -0.241906
v 0.288678 0.231288 -0.292688
v 0.289583 0.213188 -0.290892
v 0.306431 0.213439 -0.237411
v 0.308583 0.213367 -0.179598
v 0.287405 0.247956 -0.295760
v 0.269073 0.249653 -0.338905
v 0.269173 0.233843 -0.339135
v 0.286662 0.261338 -0.297537
v 0.265012 0.262733 -0.339044
v 0.236400 0.263101 -0.386688
v 0.241715 0.251535 -0.388856
v 0.187917 0.251939 -0.449914
v 0.183889 0.238183 -0.448094
v 0.236935 0.236735 -0.392661
v 0.184678 0.267295 -0.444170
v 0.117250 0.251739 -0.484137
v 0.179505 0.270932 -0.435374
v 0.174442 0.275123 -0.426147
v 0.180525 0.291143 -0.430524
v 0.120380 0.293188 -0.465083
v 0.123129 0.307076 -0.478249
v 0.067207 0.307467 -0.492644
v 0.189859 0.302682 -0.432001
v 0.200297 0.309132 -0.449191
v 0.129501 0.309595 -0.497729
v 0.141893 0.320671 -0.518704
v 0.073694 0.316732 -0.546850
v 0.069908 0.307884 -0.520062
v 0.213702 0.320115 -0.467605
v 0.222430 0.340948 -0.479062
v 0.148535 0.339550 -0.532781
v 0.280363 0.319383 -0.391994
v 0.292043 0.337950 -0.404482
v 0.301945 0.356541 -0.413128
v 0.230603 0.361812 -0.490097
v 0.327512 0.320593 -0.311243
v 0.338882 0.338164 -0.316907
v 0.348687 0.355016 -0.321484
v 0.311389 0.373062 -0.420200
v 0.359567 0.342357 -0.222348
v 0.348846 0.325140 -0.223029
v 0.346960 0.326985 -0.117902
v 0.334736 0.309580 -0.222495
v 0.332576 0.311980 -0.121354
v 0.304510 0.310558 -0.025154
v 0.314852 0.306447 -0.125489
v 0.284827 0.307997 -0.034505
v 0.231138 0.308505 0.037258
v 0.263728 0.307548 -0.044206
v 0.212953 0.307916 0.022254
v 0.146482 0.308677 0.066676
v 0.238244 0.307526 -0.054511
v 0.294206 0.306985 -0.129252
v 0.268494 0.307263 -0.131836
v 0.296171 0.307355 -0.213367
v 0.274442 0.307549 -0.205924
v 0.263601 0.300039 -0.256258
v 0.250588 0.291098 -0.284285
v 0.316248 0.306713 -0.219317
v 0.249626 0.388500 -0.514367
v 0.239279 0.377883 -0.501402
v 0.161873 0.388559 -0.570940
v 0.157533 0.375974 -0.556845
v 0.153567 0.359806 -0.544925
v 0.074179 0.371815 -0.585926
v 0.074409 0.354988 -0.575133
v 0.074051 0.336046 -0.562718
v -0.007045 0.357358 -0.582150
v -0.003351 0.338449 -0.569808
v 0.000439 0.319376 -0.554390
v -0.082688 0.343607 -0.560275
v -0.075871 0.325449 -0.546741
v -0.066712 0.310614 -0.527724
v 0.005595 0.308541 -0.531309
v -0.055319 0.306807 -0.502866
v 0.013359 0.307702 -0.499916
v -0.144000 0.312152 -0.505992
v -0.127433 0.307412 -0.483982
v -0.108286 0.307063 -0.458361
v -0.197711 0.308393 -0.442759
v -0.173278 0.307037 -0.421371
v -0.144259 0.306722 -0.394839
v -0.084774 0.307129 -0.426691
v -0.104635 0.306809 -0.357795
v -0.055315 0.307221 -0.390343
v -0.004819 0.305595 -0.406037
v -0.020572 0.307307 -0.347754
v 0.015150 0.303700 -0.367384
v 0.045018 0.290473 -0.380661
v 0.036524 0.291493 -0.414022
v 0.061509 0.269740 -0.386770
v 0.059396 0.269476 -0.416586
v 0.038657 0.267908 -0.380425
v 0.032865 0.267502 -0.414436
v 0.034348 0.267323 -0.437545
v -0.003390 0.267652 -0.432614
v 0.001437 0.267874 -0.407134
v -0.041792 0.268141 -0.391065
v -0.051577 0.267948 -0.418893
v 0.012209 0.268133 -0.369553
v -0.021156 0.268276 -0.349848
v -0.060362 0.268322 -0.315216
v -0.092301 0.268266 -0.360373
v 0.036659 0.268473 -0.327327
v 0.011301 0.268415 -0.303249
v -0.017081 0.268347 -0.267845
v -0.047845 0.268273 -0.219994
v -0.094281 0.268285 -0.269353
v 0.052236 0.268471 -0.265557
v 0.028170 0.268365 -0.229678
v 0.001214 0.268286 -0.182029
v -0.028288 0.268148 -0.122795
v -0.077717 0.268205 -0.162364
v 0.077229 0.268391 -0.202480
v 0.052251 0.268300 -0.153606
v 0.025541 0.268157 -0.094545
v 0.002369 0.268104 -0.030796
v -0.056594 0.268109 -0.057720
v 0.082831 0.268225 -0.076314
v 0.064482 0.268147 -0.018978
v 0.057103 0.267992 0.026867
v -0.012278 0.268147 0.021167
v -0.020365 0.268163 0.058167
v -0.093742 0.268371 0.034436
v -0.079222 0.268230 -0.002107
v 0.054866 0.267797 0.060201
v 0.054854 0.267486 0.084504
v -0.025312 0.268038 0.084175
v 0.125200 0.267891 0.043474
v 0.128882 0.267679 0.065556
v 0.133764 0.267421 0.085429
v 0.055483 0.266853 0.105752
v 0.199127 0.266861 0.045573
v 0.204186 0.259475 0.059530
v 0.137651 0.263089 0.104268
v 0.255005 0.256728 0.005032
v 0.253576 0.239150 0.009595
v 0.201838 0.241679 0.064999
v 0.285313 0.235546 -0.052500
v 0.284276 0.217097 -0.048110
v 0.251154 0.220270 0.013982
v 0.302128 0.214058 -0.115190
v 0.303107 0.189994 -0.111105
v 0.283688 0.194221 -0.043857
v 0.309839 0.187899 -0.175821
v 0.311218 0.151446 -0.171193
v 0.305167 0.154815 -0.107289
v 0.307931 0.187004 -0.233685
v 0.306923 0.149329 -0.228792
v 0.312289 0.091751 -0.224219
v 0.315750 0.094796 -0.166373
v 0.291202 0.186991 -0.287245
v 0.294046 0.147768 -0.284845
v 0.298883 0.089779 -0.282494
v 0.299837 0.019976 -0.277782
v 0.272851 0.145489 -0.341897
v 0.269947 0.087575 -0.339481
v 0.269887 0.021929 -0.337679
v 0.272174 -0.038604 -0.335346
v 0.225831 0.084637 -0.393524
v 0.229913 0.021421 -0.398504
v 0.231846 -0.038285 -0.400204
v 0.232450 -0.095751 -0.400451
v 0.274271 -0.095555 -0.337236
v 0.175053 0.017118 -0.450427
v 0.171096 -0.040769 -0.451652
v 0.168528 -0.096593 -0.453649
v 0.113293 -0.151822 -0.481575
v 0.173459 -0.152037 -0.453571
v 0.233720 -0.153682 -0.399359
v 0.235728 -0.210528 -0.396131
v 0.274531 -0.214279 -0.340844
v 0.274585 -0.156108 -0.339165
v 0.178368 -0.206424 -0.449796
v 0.185815 -0.262472 -0.445818
v 0.240319 -0.268366 -0.395533
v 0.243293 -0.331551 -0.394663
v 0.278010 -0.335058 -0.347897
v 0.276845 -0.271559 -0.344925
v 0.189010 -0.325535 -0.441755
v 0.193909 -0.393457 -0.443431
v 0.244806 -0.399051 -0.394564
v 0.131218 -0.315801 -0.477747
v 0.136267 -0.386108 -0.479672
v 0.137267 -0.457737 -0.477039
v 0.196146 -0.463395 -0.444661
v 0.069244 -0.298051 -0.498545
v 0.074955 -0.376749 -0.499142
v 0.076311 -0.452132 -0.498656
v 0.076495 -0.522823 -0.499711
v 0.138328 -0.527618 -0.479800
v 0.016761 -0.365125 -0.508787
v 0.015241 -0.447486 -0.511554
v 0.014020 -0.518542 -0.511357
v 0.013070 -0.586204 -0.519672
v 0.077580 -0.590802 -0.509878
v -0.046365 -0.444614 -0.508362
v -0.049302 -0.515168 -0.509241
v -0.052382 -0.582811 -0.522452
v -0.053106 -0.649597 -0.521876
v 0.011845 -0.653454 -0.528559
v -0.112064 -0.513172 -0.494100
v -0.116727 -0.579902 -0.503527
v -0.116561 -0.646735 -0.502429
v -0.117522 -0.712494 -0.506481
v -0.054094 -0.715760 -0.526443
v -0.175054 -0.578937 -0.469386
v -0.175892 -0.644556 -0.471354
v -0.179851 -0.708830 -0.479855
v -0.178136 -0.765447 -0.482213
v -0.117055 -0.766929 -0.510299
v -0.227310 -0.642866 -0.427989
v -0.230767 -0.706008 -0.436035
v -0.230253 -0.763541 -0.442383
v -0.226614 -0.803094 -0.443862
v -0.175131 -0.802868 -0.482368
v -0.272272 -0.702297 -0.383686
v -0.271067 -0.759543 -0.393308
v -0.267074 -0.801801 -0.397549
v -0.264754 -0.832883 -0.401235
v -0.224432 -0.831185 -0.445482
v -0.305917 -0.752651 -0.342398
v -0.300765 -0.799840 -0.349213
v -0.296112 -0.835094 -0.355745
v -0.292202 -0.857953 -0.360152
v -0.263825 -0.854527 -0.403955
v -0.325083 -0.796388 -0.302558
v -0.320750 -0.837424 -0.311732
v -0.314141 -0.863788 -0.319726
v -0.308357 -0.881575 -0.327608
v -0.288167 -0.875161 -0.363510
v -0.337806 -0.838102 -0.267001
v -0.333149 -0.869285 -0.277282
v -0.327419 -0.889930 -0.286885
v -0.321189 -0.906066 -0.296731
v -0.302218 -0.897337 -0.335789
v -0.344673 -0.870500 -0.218361
v -0.341620 -0.893333 -0.227947
v -0.339147 -0.912042 -0.237664
v -0.337316 -0.928124 -0.247318
v -0.314120 -0.919611 -0.305708
v -0.354142 -0.893071 -0.156875
v -0.354756 -0.912701 -0.164050
v -0.353441 -0.931416 -0.171902
v -0.344708 -0.946968 -0.177898
v -0.339534 -0.910727 -0.080885
v -0.340732 -0.929830 -0.084740
v -0.336356 -0.945629 -0.090361
v -0.322115 -0.948303 -0.098641
v -0.329049 -0.947745 -0.183288
v -0.300104 -0.926784 -0.000281
v -0.296830 -0.944125 -0.006557
v -0.285232 -0.946902 -0.017659
v -0.271743 -0.946580 -0.029973
v -0.305486 -0.947583 -0.107235
v -0.235193 -0.938764 0.066042
v -0.227218 -0.942968 0.052220
v -0.217524 -0.944354 0.036115
v -0.206793 -0.944957 0.020541
v -0.256593 -0.947006 -0.042565
v -0.156955 -0.942697 0.105091
v -0.152225 -0.943976 0.086514
v -0.146655 -0.943699 0.068856
v -0.138422 -0.944680 0.047699
v -0.191496 -0.945570 0.001802
v -0.086538 -0.943910 0.120098
v -0.086110 -0.945329 0.101095
v -0.084507 -0.946281 0.078960
v -0.123328 -0.944679 0.020115
v -0.025963 -0.944210 0.118501
v -0.029171 -0.944371 0.097064
v 0.034912 -0.943807 0.120862
v 0.029855 -0.944243 0.099956
v 0.092262 -0.944851 0.108488
v 0.086158 -0.945884 0.089152
v 0.079189 -0.948283 0.064455
v 0.065714 -0.949254 0.023955
v 0.147431 -0.947566 0.066261
v 0.138313 -0.947150 0.043799
v 0.122048 -0.949941 0.007472
v 0.196434 -0.948200 0.002310
v 0.179148 -0.947971 -0.024810
v 0.149629 -0.949245 -0.070934
v 0.095027 -0.953049 -0.045680
v 0.039629 -0.948022 -0.032816
v 0.064362 -0.953788 -0.099416
v 0.011155 -0.947973 -0.080816
v -0.041232 -0.946063 -0.059222
v -0.092846 -0.946730 -0.021103
v -0.017291 -0.947940 -0.124646
v -0.074339 -0.947198 -0.096277
v -0.131546 -0.944226 -0.057670
v -0.103739 -0.947636 -0.139587
v -0.163900 -0.948563 -0.106124
v -0.210364 -0.949627 -0.077033
v -0.171173 -0.945680 -0.021776
v -0.237000 -0.947695 -0.057840
v -0.235617 -0.948953 -0.140591
v -0.265833 -0.947934 -0.126803
v -0.287560 -0.947775 -0.116285
v -0.268649 -0.947457 -0.198251
v -0.293090 -0.947595 -0.193579
v -0.312602 -0.947805 -0.188606
v -0.276608 -0.946598 -0.259984
v -0.252783 -0.946635 -0.259298
v -0.228329 -0.946294 -0.301514
v -0.207699 -0.947535 -0.298423
v -0.226125 -0.948741 -0.259543
v -0.187836 -0.949960 -0.263349
v -0.239353 -0.948029 -0.205580
v -0.190548 -0.953055 -0.217950
v -0.133823 -0.947573 -0.235023
v -0.138056 -0.946863 -0.273887
v -0.185887 -0.949724 -0.161724
v -0.123078 -0.947119 -0.190018
v -0.044182 -0.947379 -0.169591
v -0.065756 -0.945035 -0.217524
v -0.078708 -0.944342 -0.258363
v -0.013417 -0.943978 -0.244621
v -0.030185 -0.943192 -0.283250
v -0.044860 -0.938911 -0.319295
v -0.086569 -0.941771 -0.292604
v -0.056834 -0.919438 -0.346210
v -0.004451 -0.937980 -0.344941
v -0.020555 -0.917132 -0.373869
v 0.037369 -0.940243 -0.379490
v 0.011016 -0.925073 -0.406283
v 0.077755 -0.935641 -0.406876
v 0.041333 -0.914967 -0.433988
v 0.101207 -0.932850 -0.429110
v 0.060997 -0.906163 -0.452499
v 0.115505 -0.933948 -0.446220
v 0.072355 -0.903520 -0.467481
v 0.027546 -0.902876 -0.485221
v 0.082739 -0.903094 -0.481674
v 0.034314 -0.902280 -0.499084
v -0.008606 -0.894006 -0.490360
v -0.036991 -0.893445 -0.488754
v -0.066959 -0.895637 -0.477611
v -0.066227 -0.892260 -0.462108
v -0.100890 -0.894851 -0.462955
v -0.096943 -0.894595 -0.446002
v -0.090380 -0.896312 -0.430468
v -0.137079 -0.890602 -0.426450
v -0.128471 -0.892301 -0.406671
v -0.119067 -0.895716 -0.386375
v -0.167784 -0.893734 -0.377085
v -0.156791 -0.896567 -0.352752
v -0.179775 -0.892603 -0.397620
v -0.145298 -0.890780 -0.445325
v -0.192265 -0.893996 -0.415542
v -0.222143 -0.898961 -0.386135
v -0.204475 -0.896955 -0.430745
v -0.237737 -0.903852 -0.395605
v -0.259547 -0.908931 -0.366764
v -0.241776 -0.906310 -0.360960
v -0.251226 -0.906600 -0.403709
v -0.273876 -0.906038 -0.369053
v -0.294660 -0.912038 -0.341792
v -0.282643 -0.892135 -0.366657
v -0.260993 -0.891311 -0.407239
v -0.262640 -0.872894 -0.405900
v -0.220601 -0.886601 -0.449664
v -0.222123 -0.869301 -0.448604
v -0.223085 -0.851727 -0.446987
v -0.170973 -0.865151 -0.489351
v -0.171456 -0.848286 -0.485360
v -0.172915 -0.829324 -0.483510
v -0.110826 -0.845300 -0.511940
v -0.111751 -0.829003 -0.511174
v -0.114799 -0.802456 -0.510514
v -0.052239 -0.830866 -0.524341
v -0.053074 -0.805611 -0.524804
v -0.053908 -0.770021 -0.527035
v 0.003508 -0.809825 -0.530674
v 0.006111 -0.774388 -0.531744
v 0.009270 -0.720108 -0.532104
v 0.066987 -0.780387 -0.527745
v 0.072917 -0.725838 -0.525812
v 0.077821 -0.658694 -0.523148
v 0.134625 -0.732950 -0.502627
v 0.138433 -0.664602 -0.495772
v 0.140707 -0.595773 -0.490374
v 0.195006 -0.670234 -0.459786
v 0.198101 -0.600862 -0.454653
v 0.196322 -0.532574 -0.446605
v 0.247311 -0.604559 -0.405820
v 0.247094 -0.536765 -0.399836
v 0.245945 -0.468035 -0.396025
v 0.286332 -0.538573 -0.347630
v 0.282937 -0.470540 -0.347980
v 0.279816 -0.402521 -0.348430
v 0.303287 -0.471374 -0.310814
v 0.298358 -0.404646 -0.314787
v 0.295826 -0.337299 -0.315061
v 0.308810 -0.406592 -0.289562
v 0.305146 -0.338431 -0.290035
v 0.307298 -0.274667 -0.283862
v 0.297169 -0.273900 -0.309420
v 0.307884 -0.218607 -0.271713
v 0.297515 -0.217407 -0.300145
v 0.308498 -0.155203 -0.258105
v 0.299258 -0.156698 -0.292765
v 0.310888 -0.341035 -0.267505
v 0.314514 -0.409937 -0.266353
v 0.301729 -0.344214 -0.250536
v 0.320784 -0.473706 -0.258371
v 0.314718 -0.472266 -0.283444
v 0.322004 -0.538362 -0.270092
v 0.326748 -0.541182 -0.242704
v 0.309925 -0.537925 -0.303448
v 0.313132 -0.604060 -0.298223
v 0.287801 -0.605152 -0.349993
v 0.287517 -0.675964 -0.357650
v 0.317271 -0.675156 -0.300626
v 0.244092 -0.674218 -0.412375
v 0.244168 -0.744466 -0.425642
v 0.285418 -0.747896 -0.369383
v 0.192464 -0.739474 -0.469904
v 0.184968 -0.798199 -0.475105
v 0.236197 -0.805250 -0.433473
v 0.128807 -0.789112 -0.508748
v 0.122381 -0.825227 -0.511946
v 0.178269 -0.837562 -0.479878
v 0.061697 -0.815429 -0.529215
v 0.056488 -0.839828 -0.530517
v 0.116986 -0.849801 -0.513928
v 0.000602 -0.834158 -0.530045
v -0.001252 -0.851436 -0.530068
v 0.052683 -0.856952 -0.531292
v -0.051750 -0.847301 -0.524523
v -0.051261 -0.862651 -0.524221
v -0.003175 -0.866282 -0.529786
v -0.109208 -0.861916 -0.512806
v -0.169261 -0.879358 -0.493774
v -0.161312 -0.888436 -0.480296
v -0.215107 -0.895110 -0.443153
v -0.153397 -0.889929 -0.463162
v 0.045589 -0.888426 -0.532720
v 0.049005 -0.872265 -0.532190
v 0.103098 -0.897526 -0.516894
v 0.108406 -0.882648 -0.517825
v 0.112680 -0.866983 -0.515884
v 0.163002 -0.900794 -0.490583
v 0.168071 -0.883709 -0.488398
v 0.173036 -0.864566 -0.485484
v 0.217180 -0.892197 -0.448806
v 0.221508 -0.873235 -0.444107
v 0.227732 -0.845801 -0.439257
v 0.271386 -0.876944 -0.396658
v 0.276969 -0.850849 -0.389748
v 0.282101 -0.810201 -0.381091
v 0.310689 -0.853683 -0.332152
v 0.312431 -0.812842 -0.322056
v 0.319616 -0.748589 -0.311978
v 0.338795 -0.815699 -0.261820
v 0.336299 -0.855343 -0.269914
v 0.348985 -0.858882 -0.207027
v 0.344817 -0.820508 -0.201417
v 0.347693 -0.865041 -0.140841
v 0.343003 -0.832278 -0.138556
v 0.334999 -0.871836 -0.065944
v 0.330743 -0.844223 -0.064057
v 0.328196 -0.801470 -0.062263
v 0.286171 -0.856784 0.009208
v 0.281005 -0.821845 0.010728
v 0.284482 -0.760718 0.014003
v 0.328712 -0.739815 -0.064159
v 0.283393 -0.698189 0.013139
v 0.319758 -0.685703 -0.060781
v 0.282290 -0.635379 0.011711
v 0.315454 -0.627435 -0.055204
v 0.328423 -0.620904 -0.103793
v 0.305515 -0.565240 -0.052557
v 0.320703 -0.559652 -0.095043
v 0.306169 -0.502660 -0.047553
v 0.317918 -0.498296 -0.087023
v 0.304291 -0.440597 -0.045506
v 0.315299 -0.438486 -0.080264
v 0.304216 -0.380226 -0.047386
v 0.318970 -0.380318 -0.077917
v 0.304364 -0.317017 -0.052186
v 0.318081 -0.315781 -0.082731
v 0.301465 -0.257539 -0.054118
v 0.311459 -0.255178 -0.085613
v 0.299628 -0.203800 -0.058380
v 0.309781 -0.204189 -0.093765
v 0.301261 -0.150923 -0.068338
v 0.311215 -0.154053 -0.103368
v 0.281924 -0.202771 -0.012258
v 0.283958 -0.146228 -0.017060
v 0.283017 -0.086466 -0.026501
v 0.236908 -0.142602 0.045027
v 0.234370 -0.082779 0.038455
v 0.238287 -0.021133 0.037470
v 0.282944 -0.028124 -0.033253
v 0.241035 0.045450 0.033913
v 0.282546 0.038179 -0.034926
v 0.309951 0.028697 -0.102891
v 0.281716 0.107068 -0.037430
v 0.308325 0.100545 -0.104177
v 0.283838 0.159351 -0.039339
v 0.241925 0.112938 0.027798
v 0.245202 0.163672 0.023439
v 0.248631 0.198943 0.017945
v 0.190013 0.167448 0.079641
v 0.194616 0.201803 0.073554
v 0.198332 0.222596 0.069036
v 0.125662 0.203471 0.114704
v 0.130253 0.225709 0.112100
v 0.134523 0.245559 0.109778
v 0.050992 0.229043 0.137508
v 0.053384 0.249605 0.133371
v 0.055566 0.265279 0.124364
v -0.034712 0.253310 0.135679
v -0.032031 0.266461 0.124408
v -0.028671 0.267706 0.105006
v -0.118502 0.266948 0.099414
v -0.111508 0.268067 0.080239
v -0.103658 0.268393 0.059501
v -0.183319 0.268258 0.033456
v -0.171054 0.268392 0.013851
v -0.157352 0.268324 -0.009802
v -0.220878 0.268346 -0.046414
v -0.203540 0.268341 -0.069193
v -0.180910 0.268270 -0.102490
v -0.137634 0.268229 -0.044034
v -0.154525 0.268232 -0.151500
v -0.109122 0.268173 -0.098225
v -0.125433 0.268265 -0.212957
v -0.193921 0.268261 -0.205895
v -0.168353 0.268308 -0.262317
v -0.134212 0.268339 -0.316477
v -0.198262 0.268307 -0.294532
v -0.160755 0.268293 -0.349642
v -0.110188 0.268157 -0.392355
v -0.178902 0.268094 -0.372295
v -0.121517 0.267931 -0.417236
v -0.056041 0.267437 -0.440224
v -0.129689 0.267510 -0.435660
v -0.059692 0.265814 -0.458911
v -0.138346 0.266359 -0.454519
v -0.064226 0.260881 -0.475193
v -0.144443 0.255922 -0.468439
v -0.067441 0.249765 -0.486030
v -0.002056 0.249186 -0.501815
v -0.001421 0.231074 -0.502613
v 0.059269 0.233757 -0.497726
v 0.058205 0.250465 -0.496254
v -0.068575 0.232816 -0.490067
v -0.143612 0.238580 -0.467959
v -0.142893 0.218983 -0.467290
v -0.069248 0.213446 -0.491028
v -0.001765 0.212219 -0.504168
v -0.002446 0.187131 -0.505430
v 0.059529 0.187435 -0.499373
v 0.059540 0.215269 -0.498565
v -0.070476 0.189171 -0.491749
v -0.142305 0.194269 -0.467076
v -0.140998 0.157553 -0.467273
v -0.070606 0.151333 -0.493685
v -0.002309 0.145354 -0.505296
v -0.003504 0.085209 -0.505454
v 0.056429 0.076333 -0.500893
v 0.059652 0.142591 -0.500398
v -0.070981 0.096319 -0.496209
v -0.139391 0.105037 -0.466807
v -0.141047 0.041898 -0.468491
v -0.073527 0.031349 -0.497845
v -0.007261 0.016754 -0.506884
v -0.009584 -0.029135 -0.499457
v 0.050207 0.009172 -0.502227
v -0.075884 -0.021536 -0.496545
v -0.144592 -0.015885 -0.471416
v -0.146675 -0.072112 -0.470261
v -0.149145 -0.128763 -0.469833
v -0.207486 -0.015794 -0.429685
v -0.207797 -0.073272 -0.427757
v -0.208919 -0.130855 -0.428002
v -0.212475 -0.189682 -0.426785
v -0.152351 -0.188097 -0.470502
v -0.257607 -0.075938 -0.366223
v -0.259003 -0.131073 -0.367580
v -0.261178 -0.184304 -0.369054
v -0.264408 -0.241258 -0.372761
v -0.213727 -0.248121 -0.423894
v -0.286952 -0.133670 -0.316088
v -0.283829 -0.185388 -0.316940
v -0.292936 -0.236146 -0.321601
v -0.294259 -0.295671 -0.325558
v -0.262681 -0.302898 -0.373621
v -0.263900 -0.370649 -0.375717
v -0.220744 -0.374121 -0.425239
v -0.217196 -0.308544 -0.424520
v -0.293964 -0.366094 -0.325618
v -0.296021 -0.440166 -0.323309
v -0.267451 -0.441396 -0.376202
v -0.314834 -0.360301 -0.278388
v -0.319109 -0.438976 -0.277817
v -0.318939 -0.513732 -0.275459
v -0.301495 -0.511914 -0.320509
v -0.326849 -0.353891 -0.230464
v -0.332300 -0.349026 -0.177436
v -0.326258 -0.277846 -0.118710
v -0.328411 -0.348840 -0.115916
v -0.307598 -0.285472 -0.047730
v -0.304124 -0.351943 -0.048826
v -0.306416 -0.426411 -0.050502
v -0.264763 -0.352185 0.014336
v -0.265301 -0.421833 0.011858
v -0.265478 -0.493593 0.006110
v -0.277257 -0.563131 0.008974
v -0.216358 -0.416074 0.069308
v -0.217957 -0.485785 0.065247
v -0.218940 -0.554457 0.065318
v -0.224464 -0.621990 0.074033
v -0.285614 -0.630623 0.010449
v -0.152717 -0.478678 0.110939
v -0.153447 -0.545832 0.111509
v -0.159435 -0.613494 0.125440
v -0.153134 -0.683912 0.126654
v -0.226676 -0.691034 0.080938
v -0.084548 -0.541226 0.132151
v -0.087859 -0.608662 0.144803
v -0.087285 -0.676504 0.155274
v -0.084574 -0.744276 0.160685
v -0.150564 -0.751792 0.131205
v -0.017927 -0.601340 0.149298
v -0.015722 -0.666648 0.169979
v -0.006435 -0.735833 0.172954
v -0.000728 -0.801038 0.173534
v -0.083118 -0.807719 0.163662
v 0.043337 -0.655888 0.166812
v 0.046659 -0.727353 0.176086
v 0.049065 -0.795609 0.175354
v 0.052727 -0.844451 0.174866
v 0.002312 -0.847754 0.173677
v 0.080014 -0.722419 0.156084
v 0.080130 -0.791147 0.157174
v 0.083935 -0.842760 0.154788
v 0.087139 -0.873866 0.152044
v 0.055233 -0.875761 0.174934
v 0.127881 -0.786086 0.144904
v 0.131508 -0.839779 0.144521
v 0.141394 -0.870981 0.143120
v 0.149991 -0.893062 0.141931
v 0.094308 -0.894781 0.149221
v 0.214745 -0.833003 0.090516
v 0.222230 -0.865147 0.087005
v 0.227914 -0.887637 0.084647
v 0.233694 -0.908360 0.081955
v 0.157380 -0.911229 0.141714
v 0.295667 -0.879927 0.011413
v 0.300924 -0.901072 0.009842
v 0.303633 -0.920037 0.006597
v 0.238239 -0.927960 0.079822
v 0.337151 -0.893657 -0.068796
v 0.338466 -0.912897 -0.071790
v 0.338964 -0.932374 -0.074920
v 0.302923 -0.938297 0.001997
v 0.354092 -0.888181 -0.144144
v 0.355050 -0.909315 -0.147377
v 0.355358 -0.928883 -0.150712
v 0.352191 -0.945845 -0.154819
v 0.332843 -0.945612 -0.080591
v 0.352823 -0.904099 -0.216396
v 0.352626 -0.922221 -0.220648
v 0.352196 -0.937983 -0.224794
v 0.336344 -0.946088 -0.225526
v 0.337087 -0.948610 -0.159664
v 0.336089 -0.916948 -0.286323
v 0.333001 -0.933687 -0.288947
v 0.318548 -0.938894 -0.285814
v 0.301226 -0.941830 -0.281841
v 0.317319 -0.946794 -0.223888
v 0.303643 -0.933706 -0.353510
v 0.290720 -0.943431 -0.350275
v 0.273667 -0.943796 -0.342413
v 0.256067 -0.942746 -0.334327
v 0.282937 -0.944239 -0.277120
v 0.244792 -0.940313 -0.404411
v 0.229319 -0.942247 -0.394961
v 0.214534 -0.942551 -0.384357
v 0.197953 -0.942943 -0.372501
v 0.236603 -0.943035 -0.324248
v 0.183794 -0.939913 -0.437498
v 0.171276 -0.942066 -0.426471
v 0.157454 -0.942330 -0.413704
v 0.137726 -0.942116 -0.396299
v 0.174204 -0.943886 -0.356873
v 0.126310 -0.935099 -0.460366
v 0.136977 -0.934931 -0.474019
v 0.091713 -0.904624 -0.497275
v 0.147808 -0.930877 -0.486797
v 0.097565 -0.904588 -0.509981
v 0.042371 -0.902027 -0.525260
v 0.039191 -0.902298 -0.512188
v 0.157015 -0.918681 -0.492056
v 0.196352 -0.934858 -0.447628
v 0.206788 -0.925734 -0.453302
v 0.212920 -0.909895 -0.452593
v 0.255616 -0.928573 -0.408005
v 0.261299 -0.913834 -0.405259
v 0.266412 -0.896187 -0.401291
v 0.306168 -0.917468 -0.350139
v 0.308518 -0.898788 -0.345776
v 0.310149 -0.878819 -0.340294
v 0.336756 -0.899006 -0.282006
v 0.336666 -0.879892 -0.276934
v 0.352751 -0.883871 -0.212173
v 0.136252 -0.945389 -0.332610
v 0.167564 -0.947783 -0.285572
v 0.209907 -0.944602 -0.309816
v 0.105692 -0.942289 -0.372072
v 0.062295 -0.943783 -0.343467
v 0.087771 -0.944495 -0.302472
v 0.038069 -0.944170 -0.272089
v 0.062551 -0.944485 -0.224911
v 0.114790 -0.946854 -0.254441
v 0.016938 -0.944669 -0.311779
v 0.088834 -0.947701 -0.175179
v 0.141241 -0.947266 -0.204156
v 0.194330 -0.946955 -0.235730
v 0.169483 -0.947602 -0.153548
v 0.237499 -0.944556 -0.259197
v 0.262845 -0.945157 -0.270409
v 0.299270 -0.946320 -0.221859
v 0.302810 -0.947289 -0.167414
v 0.319267 -0.947987 -0.163818
v 0.286052 -0.946386 -0.108541
v 0.302476 -0.946278 -0.098575
v 0.318365 -0.946106 -0.088937
v 0.265852 -0.946417 -0.033002
v 0.279852 -0.946931 -0.020422
v 0.293428 -0.946962 -0.008326
v 0.221272 -0.948105 0.041523
v 0.231353 -0.948682 0.058582
v 0.239693 -0.943779 0.074280
v 0.157083 -0.947048 0.105202
v 0.161127 -0.946057 0.124968
v 0.164095 -0.930518 0.139924
v 0.098574 -0.940194 0.143617
v 0.098706 -0.929984 0.148701
v 0.097384 -0.912914 0.148902
v 0.052309 -0.933317 0.173785
v 0.055165 -0.915526 0.175265
v 0.056175 -0.897119 0.175286
v -0.003219 -0.918578 0.171058
v 0.001032 -0.899885 0.172314
v 0.003794 -0.878453 0.173328
v -0.081113 -0.903211 0.162732
v -0.080899 -0.882901 0.163709
v -0.081490 -0.853198 0.163970
v -0.152951 -0.883019 0.133209
v -0.151112 -0.856318 0.133845
v -0.150615 -0.812901 0.133315
v -0.230981 -0.859369 0.081888
v -0.227522 -0.817978 0.083251
v -0.224826 -0.759577 0.082930
v -0.293459 -0.823180 0.010440
v -0.290062 -0.765086 0.012202
v -0.289229 -0.697021 0.012039
v -0.332288 -0.767614 -0.065897
v -0.330901 -0.826596 -0.069136
v -0.350154 -0.830453 -0.143325
v -0.348769 -0.769231 -0.142195
v -0.346218 -0.835839 -0.210288
v -0.349911 -0.778170 -0.204440
v -0.339606 -0.789476 -0.255937
v -0.329579 -0.743867 -0.294017
v -0.305307 -0.696906 -0.330862
v -0.323691 -0.690833 -0.283504
v -0.305224 -0.639467 -0.322062
v -0.322216 -0.637408 -0.277990
v -0.300900 -0.577917 -0.317368
v -0.317067 -0.577675 -0.273849
v -0.272950 -0.641277 -0.376478
v -0.271573 -0.578179 -0.372807
v -0.269036 -0.511483 -0.373265
v -0.226492 -0.578379 -0.425232
v -0.226611 -0.511637 -0.426483
v -0.221129 -0.443122 -0.423145
v -0.173093 -0.512079 -0.467984
v -0.170232 -0.443245 -0.466964
v -0.163717 -0.374362 -0.463788
v -0.108954 -0.443663 -0.493278
v -0.103607 -0.370474 -0.492729
v -0.161172 -0.307314 -0.467775
v -0.156390 -0.248286 -0.469110
v -0.090064 -0.176843 -0.494257
v -0.020735 -0.155369 -0.486566
v -0.020256 -0.150662 -0.501866
v -0.019992 -0.183698 -0.513317
v -0.020314 -0.139994 -0.519373
v -0.015300 -0.092022 -0.524787
v -0.020755 -0.131609 -0.537447
v 0.010757 -0.060003 -0.529283
v 0.032013 -0.076490 -0.529426
v 0.034925 -0.081499 -0.510085
v 0.046102 -0.108654 -0.527048
v 0.043781 -0.110599 -0.508990
v 0.042099 -0.111747 -0.493865
v 0.036614 -0.084927 -0.494501
v 0.044602 -0.148218 -0.506572
v 0.047388 -0.149548 -0.488303
v 0.070261 -0.151138 -0.488967
v 0.044866 -0.183816 -0.508852
v 0.046752 -0.183538 -0.524319
v 0.042796 -0.212040 -0.525600
v 0.040819 -0.211197 -0.510775
v 0.047045 -0.146067 -0.525279
v 0.050710 -0.141686 -0.542951
v 0.049158 -0.182513 -0.539267
v 0.042333 -0.214427 -0.539338
v 0.061740 -0.135399 -0.553781
v 0.081625 -0.126822 -0.548258
v 0.079166 -0.088927 -0.549256
v 0.107233 -0.082952 -0.540583
v 0.106428 -0.116822 -0.540203
v 0.108685 -0.058372 -0.547018
v 0.149402 -0.055561 -0.529668
v 0.143711 -0.077368 -0.526171
v 0.111429 -0.038239 -0.550611
v 0.153955 -0.036135 -0.531552
v 0.199406 -0.036965 -0.503899
v 0.195220 -0.055008 -0.505007
v 0.112398 -0.023027 -0.539568
v 0.152965 -0.021204 -0.521780
v 0.197422 -0.021340 -0.495116
v 0.240580 -0.021263 -0.464125
v 0.246603 -0.037622 -0.474172
v 0.155599 -0.002038 -0.519526
v 0.198603 -0.002243 -0.492937
v 0.239531 -0.002484 -0.461866
v 0.200913 0.021111 -0.493181
v 0.240441 0.019591 -0.462446
v 0.274713 0.019348 -0.424944
v 0.274778 -0.001432 -0.424073
v 0.278202 -0.019981 -0.426093
v 0.287729 -0.034369 -0.433382
v 0.304558 -0.000792 -0.380689
v 0.309260 -0.018942 -0.381369
v 0.321179 -0.031665 -0.386422
v 0.322802 -0.047925 -0.385101
v 0.288591 -0.050375 -0.432923
v 0.335194 -0.019459 -0.334851
v 0.347099 -0.031650 -0.337223
v 0.348419 -0.048345 -0.334650
v 0.341471 -0.066463 -0.328431
v 0.316383 -0.064664 -0.378286
v 0.364537 -0.032787 -0.292689
v 0.364412 -0.049334 -0.291696
v 0.354327 -0.068564 -0.288303
v 0.354514 -0.092929 -0.289033
v 0.342753 -0.089260 -0.325352
v 0.364037 -0.097611 -0.264320
v 0.364390 -0.136461 -0.266268
v 0.355705 -0.128608 -0.289038
v 0.371726 -0.102990 -0.248371
v 0.371341 -0.143271 -0.249803
v 0.374584 -0.108659 -0.234423
v 0.370368 -0.083322 -0.215174
v 0.369135 -0.114931 -0.221308
v 0.359278 -0.086843 -0.210161
v 0.355734 -0.121705 -0.212618
v 0.345990 -0.090041 -0.207868
v 0.362791 -0.064345 -0.191524
v 0.352648 -0.065439 -0.189075
v 0.341546 -0.064964 -0.187633
v 0.330446 -0.094313 -0.207080
v 0.355521 -0.075117 -0.163130
v 0.344670 -0.075706 -0.159619
v 0.351973 -0.111491 -0.147643
v 0.336057 -0.113334 -0.145545
v 0.366224 -0.073481 -0.163105
v 0.366699 -0.107887 -0.148040
v 0.363484 -0.148640 -0.146766
v 0.359553 -0.189625 -0.145705
v 0.357428 -0.207524 -0.153979
v 0.355643 -0.210903 -0.168100
v 0.332761 -0.215089 -0.166705
v 0.377453 -0.210905 -0.169761
v 0.378678 -0.211611 -0.184821
v 0.354723 -0.211549 -0.182639
v 0.396992 -0.216123 -0.169656
v 0.399079 -0.216925 -0.186248
v 0.395948 -0.238667 -0.170531
v 0.399542 -0.237650 -0.188275
v 0.378174 -0.253220 -0.172179
v 0.380710 -0.250944 -0.188976
v 0.359657 -0.256627 -0.170828
v 0.360747 -0.256259 -0.187893
v 0.342924 -0.255963 -0.169123
v 0.343195 -0.255551 -0.186419
v 0.342766 -0.256173 -0.203980
v 0.340293 -0.269478 -0.222858
v 0.326470 -0.252259 -0.184636
v 0.326785 -0.253629 -0.201818
v 0.324951 -0.264907 -0.221445
v 0.318771 -0.304863 -0.221524
v 0.336727 -0.306639 -0.222498
v 0.335446 -0.360131 -0.223184
v 0.354613 -0.361317 -0.225445
v 0.316698 -0.357939 -0.221384
v 0.325896 -0.423562 -0.221168
v 0.342213 -0.420731 -0.222425
v 0.346294 -0.423893 -0.201694
v 0.364993 -0.421320 -0.203370
v 0.357818 -0.418454 -0.223680
v 0.329621 -0.427529 -0.200653
v 0.315982 -0.434675 -0.180363
v 0.331771 -0.428015 -0.180125
v 0.349001 -0.423869 -0.181319
v 0.368578 -0.421183 -0.184192
v 0.334256 -0.426226 -0.158814
v 0.350777 -0.423158 -0.160434
v 0.368687 -0.420828 -0.163696
v 0.388597 -0.421304 -0.167799
v 0.389552 -0.421498 -0.188002
v 0.351004 -0.410272 -0.140596
v 0.367711 -0.412611 -0.142709
v 0.348752 -0.372431 -0.140363
v 0.365862 -0.372432 -0.142267
v 0.350105 -0.322415 -0.142599
v 0.331080 -0.373682 -0.137554
v 0.331976 -0.321095 -0.139291
v 0.339362 -0.278356 -0.140547
v 0.354998 -0.277320 -0.142092
v 0.342437 -0.258177 -0.151541
v 0.357891 -0.258609 -0.153825
v 0.327330 -0.252841 -0.168081
v 0.309581 -0.241825 -0.166827
v 0.308929 -0.240927 -0.183881
v 0.312332 -0.220985 -0.166259
v 0.309518 -0.220471 -0.182112
v 0.330400 -0.215646 -0.181731
v 0.329842 -0.214113 -0.195821
v 0.335447 -0.412542 -0.138289
v 0.395965 -0.447768 -0.189259
v 0.399854 -0.443618 -0.169378
v 0.316497 -0.457995 -0.181072
v 0.322896 -0.489800 -0.181185
v 0.332395 -0.521308 -0.180831
v 0.352784 -0.527876 -0.180786
v 0.359310 -0.182478 -0.288019
v 0.346878 -0.177779 -0.322376
v 0.343517 -0.120764 -0.323566
v 0.321927 -0.173473 -0.369318
v 0.320170 -0.115823 -0.373926
v 0.319088 -0.087026 -0.376767
v 0.285152 -0.116522 -0.424353
v 0.284493 -0.088742 -0.425843
v 0.283474 -0.067557 -0.427016
v 0.241213 -0.093014 -0.470075
v 0.243027 -0.071855 -0.471314
v 0.246444 -0.055013 -0.474933
v 0.190635 -0.073670 -0.503613
v 0.187823 -0.097418 -0.505374
v 0.140655 -0.105643 -0.526083
v 0.186304 -0.134315 -0.507800
v 0.137046 -0.148470 -0.530625
v 0.185389 -0.185353 -0.508962
v 0.132380 -0.197857 -0.532841
v 0.187269 -0.234835 -0.508928
v 0.133848 -0.237997 -0.537044
v 0.194157 -0.288688 -0.510601
v 0.137003 -0.289029 -0.535008
v 0.087590 -0.294458 -0.548333
v 0.140805 -0.350747 -0.531570
v 0.091895 -0.359394 -0.551969
v 0.042248 -0.312068 -0.552864
v -0.000641 -0.336351 -0.557705
v -0.003422 -0.281829 -0.556692
v -0.038883 -0.358104 -0.559041
v -0.043261 -0.306785 -0.557294
v -0.073709 -0.374805 -0.553540
v -0.081172 -0.327104 -0.552372
v -0.087131 -0.281901 -0.548995
v -0.091514 -0.237135 -0.546820
v -0.139388 -0.184713 -0.532305
v -0.097872 -0.185940 -0.546199
v -0.146323 -0.122599 -0.530239
v -0.105044 -0.128145 -0.545837
v -0.075689 -0.137447 -0.553618
v -0.053072 -0.145356 -0.558668
v -0.107455 -0.091356 -0.543512
v -0.078442 -0.094947 -0.551384
v -0.054703 -0.103926 -0.557383
v -0.035910 -0.113367 -0.562873
v -0.034528 -0.155924 -0.563951
v -0.078917 -0.071549 -0.553227
v -0.051800 -0.075457 -0.559142
v -0.080636 -0.053146 -0.561850
v -0.049361 -0.054264 -0.566520
v -0.082784 -0.036767 -0.561697
v -0.048907 -0.036803 -0.566428
v -0.083293 -0.022409 -0.550237
v -0.049882 -0.021536 -0.556716
v -0.018287 -0.021830 -0.558949
v 0.009570 -0.021904 -0.558787
v -0.052054 -0.003527 -0.554092
v -0.018859 -0.002749 -0.556329
v 0.011663 -0.002667 -0.555681
v 0.043043 -0.003080 -0.553142
v 0.039568 -0.022357 -0.556444
v -0.021242 0.024854 -0.557037
v 0.012166 0.024449 -0.557204
v 0.045776 0.023887 -0.555633
v 0.082177 0.024120 -0.550446
v 0.078269 -0.004558 -0.547705
v 0.009475 0.075863 -0.558066
v 0.047197 0.075096 -0.554968
v 0.085421 0.073698 -0.546418
v 0.124849 0.072196 -0.534674
v 0.121313 0.023760 -0.538580
v 0.048859 0.142928 -0.553539
v 0.089833 0.140288 -0.544459
v 0.129364 0.137743 -0.532169
v 0.169911 0.135311 -0.513956
v 0.164902 0.070537 -0.516991
v 0.098968 0.205596 -0.542407
v 0.135012 0.204693 -0.531931
v 0.175933 0.203686 -0.513808
v 0.217260 0.201675 -0.487822
v 0.211234 0.132814 -0.492944
v 0.143739 0.258391 -0.532615
v 0.183338 0.260932 -0.509905
v 0.227671 0.256548 -0.481008
v 0.196467 0.303124 -0.507234
v 0.237577 0.296871 -0.472299
v 0.272323 0.287635 -0.468522
v 0.259363 0.251526 -0.463061
v 0.246710 0.199966 -0.460259
v 0.244823 0.131758 -0.463924
v 0.279846 0.251356 -0.442288
v 0.271662 0.200690 -0.432212
v 0.273386 0.132112 -0.430260
v 0.274246 0.065821 -0.427008
v 0.240856 0.066967 -0.461791
v 0.294064 0.202744 -0.397262
v 0.299456 0.132668 -0.391151
v 0.302025 0.065691 -0.385972
v 0.304010 0.019243 -0.382562
v 0.325153 0.133131 -0.348875
v 0.328081 0.065757 -0.343676
v 0.329579 0.018709 -0.338155
v 0.330908 -0.001462 -0.335763
v 0.344703 0.065451 -0.299204
v 0.348057 0.019086 -0.294936
v 0.349937 -0.002393 -0.292192
v 0.353066 -0.020485 -0.290795
v 0.361894 0.020784 -0.255512
v 0.361999 -0.003166 -0.253051
v 0.363850 -0.021107 -0.251469
v 0.368600 -0.003880 -0.215354
v 0.370952 -0.020865 -0.213493
v 0.371458 -0.004568 -0.179006
v 0.375381 -0.021066 -0.178927
v 0.386410 -0.030796 -0.175722
v 0.372214 -0.022904 -0.140342
v 0.386786 -0.032645 -0.138166
v 0.365897 -0.023549 -0.102114
v 0.378737 -0.034756 -0.100685
v 0.378487 -0.048597 -0.099899
v 0.369511 -0.064321 -0.099131
v 0.368319 -0.036402 -0.059531
v 0.367465 -0.051669 -0.060468
v 0.360759 -0.065473 -0.062494
v 0.361095 -0.087075 -0.060530
v 0.366593 -0.089078 -0.093505
v 0.349615 -0.054577 -0.015919
v 0.345844 -0.067671 -0.020212
v 0.351990 -0.085354 -0.020728
v 0.365232 -0.119478 -0.020192
v 0.371657 -0.123232 -0.056697
v 0.316895 -0.069591 0.017970
v 0.320356 -0.090091 0.013009
v 0.332690 -0.122814 0.007349
v 0.344957 -0.178097 0.001926
v 0.373731 -0.182578 -0.025683
v 0.290088 -0.089701 0.058807
v 0.296556 -0.122617 0.052949
v 0.303000 -0.173349 0.044211
v 0.306090 -0.233044 0.042934
v 0.347934 -0.241078 0.002491
v 0.254846 -0.118804 0.105723
v 0.254177 -0.169470 0.099779
v 0.255028 -0.228347 0.097918
v 0.254761 -0.290355 0.100826
v 0.305670 -0.296736 0.048261
v 0.199970 -0.165358 0.145794
v 0.198350 -0.224453 0.146249
v 0.199874 -0.287202 0.149632
v 0.199264 -0.352094 0.149266
v 0.255615 -0.353587 0.106871
v 0.133683 -0.220672 0.176730
v 0.135153 -0.283983 0.177907
v 0.135879 -0.350527 0.176732
v 0.136400 -0.417228 0.176794
v 0.197580 -0.416940 0.148624
v 0.070057 -0.347423 0.193327
v 0.070562 -0.416991 0.194072
v 0.070480 -0.476744 0.194152
v 0.137771 -0.478643 0.179846
v 0.006216 -0.344623 0.198775
v 0.003971 -0.413236 0.201318
v -0.001168 -0.466755 0.201035
v -0.057358 -0.408866 0.197273
v -0.063533 -0.460631 0.201956
v -0.106628 -0.407850 0.185980
v -0.114152 -0.460212 0.193917
v -0.153931 -0.514100 0.196618
v -0.145320 -0.565820 0.216760
v -0.181002 -0.519732 0.185011
v -0.170464 -0.576230 0.203714
v -0.158721 -0.643573 0.193865
v -0.203619 -0.522871 0.169471
v -0.194021 -0.585797 0.176658
v -0.184872 -0.649962 0.169657
v -0.195962 -0.730676 0.165226
v -0.171854 -0.726897 0.182708
v -0.222224 -0.591161 0.147020
v -0.221624 -0.655675 0.149026
v -0.228133 -0.730935 0.144685
v -0.234836 -0.803120 0.140486
v -0.203428 -0.801788 0.166600
v -0.268675 -0.660461 0.118048
v -0.272972 -0.732088 0.111634
v -0.277115 -0.801678 0.104442
v -0.284086 -0.854609 0.100725
v -0.241422 -0.852369 0.137483
v -0.319695 -0.731789 0.064126
v -0.319786 -0.800505 0.057072
v -0.325687 -0.853803 0.056493
v -0.332983 -0.880124 0.059581
v -0.291804 -0.879884 0.102306
v -0.359689 -0.797861 0.007813
v -0.359889 -0.850172 0.008047
v -0.364203 -0.878377 0.011124
v -0.369950 -0.899076 0.014217
v -0.339453 -0.900480 0.062932
v -0.386301 -0.845368 -0.047680
v -0.387062 -0.876630 -0.045564
v -0.387844 -0.899831 -0.043790
v -0.402764 -0.900342 -0.112362
v -0.403328 -0.921668 -0.112336
v -0.389082 -0.921182 -0.042519
v -0.372282 -0.920415 0.015243
v -0.402859 -0.875496 -0.112400
v -0.409693 -0.868244 -0.185035
v -0.402764 -0.841343 -0.111935
v -0.408372 -0.831923 -0.178906
v -0.404495 -0.809508 -0.241150
v -0.406188 -0.848562 -0.256642
v -0.399881 -0.786145 -0.111200
v -0.404484 -0.770668 -0.171245
v -0.385615 -0.793712 -0.049621
v -0.382875 -0.726233 -0.052800
v -0.355637 -0.729365 0.007484
v -0.351569 -0.664045 0.006249
v -0.382342 -0.663126 -0.056419
v -0.346811 -0.601979 0.002936
v -0.378514 -0.602287 -0.060739
v -0.347748 -0.540176 0.002888
v -0.375749 -0.540651 -0.062213
v -0.342818 -0.477414 -0.001131
v -0.371934 -0.480161 -0.062341
v -0.343145 -0.411477 -0.006028
v -0.369735 -0.413719 -0.063861
v -0.382377 -0.414173 -0.121640
v -0.371346 -0.340895 -0.068961
v -0.381265 -0.336888 -0.125376
v -0.383602 -0.336734 -0.180045
v -0.388703 -0.415873 -0.176555
v -0.377575 -0.346509 -0.233180
v -0.384008 -0.421745 -0.231015
v -0.364276 -0.361453 -0.284214
v -0.375386 -0.429963 -0.279774
v -0.349672 -0.375667 -0.332618
v -0.358855 -0.436172 -0.323899
v -0.368667 -0.489427 -0.312086
v -0.367282 -0.493682 -0.347235
v -0.367739 -0.553107 -0.329332
v -0.374241 -0.548228 -0.293963
v -0.345835 -0.441211 -0.360487
v -0.328801 -0.389810 -0.372659
v -0.305109 -0.409432 -0.410756
v -0.282284 -0.439910 -0.445579
v -0.319763 -0.331668 -0.386713
v -0.283593 -0.354738 -0.432312
v -0.242542 -0.388819 -0.473921
v -0.208955 -0.428238 -0.501511
v -0.252363 -0.482125 -0.468833
v -0.265954 -0.296508 -0.449701
v -0.309092 -0.278055 -0.396695
v -0.302738 -0.225197 -0.410777
v -0.256068 -0.238349 -0.459797
v -0.294861 -0.166235 -0.418455
v -0.251793 -0.173146 -0.464785
v -0.194758 -0.180396 -0.502943
v -0.249280 -0.118483 -0.462549
v -0.199665 -0.119154 -0.500196
v -0.251136 -0.088442 -0.464147
v -0.203378 -0.088805 -0.499692
v -0.151659 -0.089724 -0.527430
v -0.207773 -0.068727 -0.501620
v -0.157383 -0.068789 -0.528173
v -0.111137 -0.069713 -0.544643
v -0.164582 -0.053441 -0.535021
v -0.117101 -0.053055 -0.552824
v -0.168398 -0.037385 -0.535152
v -0.121305 -0.037113 -0.552507
v -0.166481 -0.024155 -0.522959
v -0.121586 -0.023955 -0.539060
v -0.166574 -0.005946 -0.516545
v -0.124465 -0.004276 -0.535061
v -0.086183 -0.003478 -0.546950
v -0.128959 0.021723 -0.534819
v -0.090994 0.023517 -0.546259
v -0.056170 0.024732 -0.554016
v -0.099759 0.069895 -0.554467
v -0.063325 0.074275 -0.559080
v -0.027352 0.076016 -0.559369
v -0.072442 0.147668 -0.566187
v -0.034042 0.148512 -0.571762
v 0.006048 0.145384 -0.561356
v -0.042096 0.210943 -0.558681
v 0.002513 0.210913 -0.556170
v 0.055600 0.208253 -0.549757
v 0.002931 0.260989 -0.561018
v 0.073034 0.258209 -0.553554
v 0.117710 0.253927 -0.550822
v 0.101574 0.296432 -0.561664
v 0.140753 0.287671 -0.566231
v 0.154018 0.302563 -0.531842
v 0.151056 0.318176 -0.571991
v 0.165762 0.333493 -0.540804
v 0.214864 0.334119 -0.509483
v 0.233941 0.358826 -0.517832
v 0.285275 0.352839 -0.486971
v 0.263867 0.330535 -0.470201
v 0.285631 0.311084 -0.485870
v 0.304769 0.315320 -0.454945
v 0.292336 0.288699 -0.448459
v 0.302432 0.329208 -0.425384
v 0.296062 0.296881 -0.417217
v 0.293516 0.256882 -0.409126
v 0.328874 0.300825 -0.364722
v 0.325636 0.260823 -0.354891
v 0.322149 0.204508 -0.352287
v 0.345534 0.259332 -0.296286
v 0.342228 0.203807 -0.301802
v 0.342215 0.132666 -0.303133
v 0.355258 0.201790 -0.260730
v 0.356070 0.131758 -0.261432
v 0.359287 0.064950 -0.258840
v 0.363780 0.131064 -0.221630
v 0.367016 0.064558 -0.219549
v 0.368280 0.021158 -0.217238
v 0.369217 0.064652 -0.180112
v 0.370503 0.020020 -0.179933
v 0.367670 0.064953 -0.138441
v 0.368432 0.018211 -0.140167
v 0.368794 -0.004786 -0.140840
v 0.361059 0.017314 -0.100257
v 0.361525 -0.005735 -0.101905
v 0.351687 0.016500 -0.058587
v 0.353255 -0.007637 -0.060726
v 0.357458 -0.024107 -0.061271
v 0.337449 -0.009064 -0.016830
v 0.342273 -0.025719 -0.016376
v 0.350826 -0.038601 -0.013607
v 0.317509 -0.025656 0.026843
v 0.325839 -0.038724 0.030172
v 0.324382 -0.054756 0.026880
v 0.293444 -0.037596 0.073910
v 0.293031 -0.053129 0.070921
v 0.289051 -0.068256 0.064015
v 0.253021 -0.050952 0.112300
v 0.251202 -0.066761 0.108194
v 0.251493 -0.086129 0.106259
v 0.200963 -0.065395 0.141436
v 0.200229 -0.085007 0.141868
v 0.202086 -0.114869 0.147392
v 0.146986 -0.087204 0.172184
v 0.145013 -0.116858 0.174481
v 0.139464 -0.163041 0.174777
v 0.090055 -0.121336 0.188008
v 0.094431 -0.091386 0.186549
v 0.057083 -0.095746 0.192986
v 0.054727 -0.126885 0.193593
v 0.028110 -0.131644 0.194415
v 0.007731 -0.136739 0.183736
v 0.006048 -0.170553 0.176716
v -0.015035 -0.190086 0.173029
v 0.009734 -0.141402 0.166921
v 0.005182 -0.179031 0.162859
v -0.017481 -0.195926 0.159560
v 0.007914 -0.187183 0.150981
v -0.031094 -0.172268 0.150924
v -0.031801 -0.165206 0.164927
v -0.031557 -0.133399 0.145462
v -0.032262 -0.129356 0.160846
v -0.033817 -0.126800 0.177848
v -0.026616 -0.092197 0.156098
v -0.028432 -0.089547 0.169531
v -0.001152 -0.075408 0.149766
v -0.003639 -0.074747 0.164416
v 0.013016 -0.113990 0.138188
v 0.010208 -0.109793 0.157408
v 0.012169 -0.150903 0.149169
v 0.097205 -0.070022 0.185493
v 0.057645 -0.071761 0.192759
v 0.102205 -0.052768 0.192647
v 0.059590 -0.053433 0.200929
v 0.105984 -0.035263 0.193757
v 0.061481 -0.035793 0.203633
v 0.024674 -0.037057 0.207861
v 0.064553 -0.019625 0.194036
v 0.025787 -0.020858 0.199519
v -0.012393 -0.021836 0.201779
v -0.011245 -0.038875 0.209194
v -0.053872 -0.023422 0.199992
v -0.049038 -0.041568 0.207076
v -0.096703 -0.024877 0.194535
v -0.093447 -0.042908 0.201015
v -0.147047 -0.024588 0.178036
v -0.147580 -0.043074 0.187232
v -0.139925 -0.062143 0.179203
v -0.134567 -0.084584 0.175258
v -0.200678 -0.044779 0.157018
v -0.194130 -0.065322 0.151677
v -0.190183 -0.088646 0.150729
v -0.188193 -0.122167 0.152314
v -0.133462 -0.119281 0.175702
v -0.246050 -0.069574 0.115440
v -0.243949 -0.093502 0.115166
v -0.242048 -0.128791 0.115778
v -0.240733 -0.189998 0.117830
v -0.188024 -0.180622 0.154359
v -0.288979 -0.099274 0.070116
v -0.287971 -0.138354 0.070883
v -0.285219 -0.200053 0.072423
v -0.281611 -0.263619 0.076547
v -0.239040 -0.253840 0.118830
v -0.328676 -0.150507 0.019451
v -0.326803 -0.209240 0.023477
v -0.322753 -0.270671 0.030766
v -0.316618 -0.337516 0.040378
v -0.275561 -0.329886 0.084578
v -0.354725 -0.216688 -0.029356
v -0.351698 -0.274283 -0.022137
v -0.349012 -0.341407 -0.012758
v -0.314705 -0.406345 0.052991
v -0.372773 -0.274308 -0.077213
v -0.384697 -0.271784 -0.133038
v -0.381119 -0.272317 -0.184825
v -0.376760 -0.280948 -0.236504
v -0.363239 -0.298305 -0.292026
v -0.350141 -0.265888 -0.353649
v -0.345480 -0.315848 -0.341556
v -0.339429 -0.211828 -0.367900
v -0.328079 -0.162552 -0.378399
v -0.350807 -0.120711 -0.344411
v -0.328232 -0.118108 -0.383530
v -0.293417 -0.117899 -0.420931
v -0.327764 -0.092839 -0.387671
v -0.293453 -0.089628 -0.421959
v -0.327836 -0.073246 -0.392048
v -0.295222 -0.068361 -0.425227
v -0.254668 -0.068833 -0.467171
v -0.298139 -0.053325 -0.430641
v -0.260143 -0.054675 -0.472004
v -0.214340 -0.054308 -0.508670
v -0.262300 -0.040561 -0.474418
v -0.217132 -0.038894 -0.509883
v -0.256995 -0.027177 -0.469350
v -0.212867 -0.025388 -0.500071
v -0.252793 -0.012989 -0.464914
v -0.210771 -0.009229 -0.493778
v -0.252167 0.005145 -0.464323
v -0.212478 0.012336 -0.492519
v -0.169183 0.019040 -0.514751
v -0.217194 0.044657 -0.490241
v -0.175141 0.057332 -0.513920
v -0.137188 0.065675 -0.538871
v -0.184527 0.118269 -0.505695
v -0.147207 0.135030 -0.536409
v -0.108707 0.143119 -0.551965
v -0.158148 0.203606 -0.535453
v -0.113178 0.207104 -0.542327
v -0.077195 0.208900 -0.552425
v -0.112065 0.245060 -0.557145
v -0.083499 0.247335 -0.561920
v -0.051746 0.256372 -0.558031
v -0.087300 0.283816 -0.572317
v -0.051572 0.296651 -0.560806
v 0.013687 0.297784 -0.570067
v -0.052042 0.327477 -0.576491
v 0.025061 0.326754 -0.586077
v 0.115638 0.321827 -0.580412
v 0.036895 0.350644 -0.603180
v -0.046864 0.354142 -0.594737
v -0.091157 0.313472 -0.585240
v -0.094409 0.339147 -0.601689
v -0.098410 0.353487 -0.620411
v -0.122482 0.321730 -0.610154
v -0.125329 0.336970 -0.624120
v -0.129372 0.347614 -0.637239
v -0.100403 0.362031 -0.636660
v -0.133863 0.357192 -0.649814
v -0.103487 0.363855 -0.654612
v -0.138727 0.365643 -0.662384
v -0.107933 0.368410 -0.668493
v -0.067641 0.371691 -0.672626
v -0.113022 0.374906 -0.682003
v -0.074141 0.377269 -0.686050
v -0.028100 0.373805 -0.693392
v 0.011576 0.372948 -0.696287
v -0.077443 0.387385 -0.690999
v -0.032712 0.384988 -0.700886
v 0.008735 0.383512 -0.703861
v -0.035912 0.398873 -0.694784
v 0.006178 0.397531 -0.699296
v -0.038020 0.413768 -0.691461
v 0.003630 0.411403 -0.694911
v 0.049625 0.411924 -0.701279
v 0.101636 0.413355 -0.696025
v 0.001272 0.425201 -0.699353
v 0.046986 0.424251 -0.704051
v 0.100152 0.427055 -0.696134
v 0.144465 0.429006 -0.677335
v 0.141263 0.412577 -0.677872
v 0.045240 0.438423 -0.706594
v 0.097665 0.442478 -0.696873
v 0.143628 0.449947 -0.678325
v 0.183002 0.455033 -0.662151
v 0.184054 0.430780 -0.660826
v 0.093591 0.460446 -0.697818
v 0.136800 0.472869 -0.679853
v 0.176192 0.483175 -0.659811
v 0.217911 0.458227 -0.645098
v 0.217422 0.434663 -0.644957
v 0.255251 0.460943 -0.622299
v 0.256492 0.439702 -0.621198
v 0.254193 0.419415 -0.620220
v 0.216555 0.413777 -0.645474
v 0.298952 0.464038 -0.588294
v 0.299677 0.444361 -0.588044
v 0.300124 0.425807 -0.585741
v 0.300440 0.408022 -0.584789
v 0.255943 0.400768 -0.622273
v 0.341411 0.449634 -0.550734
v 0.340556 0.430050 -0.550101
v 0.339238 0.412335 -0.549267
v 0.341284 0.396388 -0.552661
v 0.305074 0.391635 -0.589327
v 0.370288 0.430909 -0.519300
v 0.366733 0.413664 -0.518324
v 0.367429 0.398322 -0.520741
v 0.371560 0.382871 -0.526965
v 0.344989 0.380866 -0.557186
v 0.391598 0.413204 -0.485924
v 0.391320 0.399236 -0.487969
v 0.397413 0.385374 -0.495226
v 0.392030 0.374023 -0.492608
v 0.365661 0.370464 -0.522450
v 0.418658 0.399987 -0.442996
v 0.427632 0.388124 -0.449167
v 0.423662 0.375589 -0.447435
v 0.411141 0.372233 -0.440582
v 0.378072 0.370076 -0.482820
v 0.455706 0.393814 -0.385786
v 0.454649 0.380761 -0.384099
v 0.444155 0.372566 -0.376600
v 0.428033 0.370394 -0.366804
v 0.477730 0.380030 -0.328167
v 0.467900 0.371203 -0.320562
v 0.452150 0.370147 -0.310818
v 0.435678 0.369849 -0.300241
v 0.412348 0.370236 -0.356117
v 0.479676 0.371661 -0.281426
v 0.464046 0.369772 -0.273262
v 0.449165 0.366901 -0.263063
v 0.469892 0.367624 -0.243515
v 0.453499 0.362574 -0.236788
v 0.472141 0.369656 -0.212484
v 0.452771 0.368113 -0.211047
v 0.474066 0.371376 -0.172414
v 0.453701 0.370002 -0.172966
v 0.470358 0.371962 -0.121366
v 0.491591 0.372837 -0.172460
v 0.487440 0.377057 -0.120987
v 0.479339 0.377561 -0.079321
v 0.463814 0.370448 -0.080210
v 0.468440 0.377632 -0.043381
v 0.455463 0.370437 -0.044920
v 0.455606 0.377355 -0.008752
v 0.445504 0.370813 -0.013914
v 0.432643 0.374327 0.027578
v 0.423308 0.367510 0.019822
v 0.406826 0.363970 0.060159
v 0.436591 0.387275 0.031550
v 0.413275 0.380599 0.066775
v 0.394251 0.372601 0.087690
v 0.410129 0.395678 0.066314
v 0.393530 0.391203 0.090341
v 0.406831 0.412786 0.065982
v 0.388644 0.410961 0.089660
v 0.371906 0.412658 0.109291
v 0.388779 0.431280 0.093162
v 0.369674 0.433467 0.115670
v 0.347619 0.436571 0.137611
v 0.349415 0.417148 0.132369
v 0.320404 0.438552 0.161402
v 0.321892 0.420622 0.158011
v 0.326975 0.402722 0.155437
v 0.280956 0.424700 0.190205
v 0.282953 0.407111 0.188398
v 0.288539 0.389434 0.190219
v 0.289066 0.375513 0.187075
v 0.227070 0.414323 0.223300
v 0.228323 0.397250 0.225737
v 0.230098 0.382302 0.229171
v 0.223795 0.371827 0.220222
v 0.281058 0.372707 0.173326
v 0.177198 0.403442 0.248819
v 0.176209 0.388336 0.252188
v 0.172705 0.377113 0.255112
v 0.137473 0.391848 0.262595
v 0.135642 0.379235 0.262798
v 0.104032 0.393172 0.269917
v 0.104841 0.380023 0.271700
v 0.103774 0.371032 0.265546
v 0.066387 0.378687 0.277703
v 0.066616 0.371735 0.267223
v 0.065215 0.371115 0.247617
v 0.013221 0.371682 0.264797
v 0.013886 0.371005 0.244918
v 0.015203 0.369150 0.224658
v 0.016403 0.359876 0.208663
v -0.054712 0.370196 0.238434
v -0.053370 0.369123 0.219410
v -0.053074 0.359334 0.204372
v -0.055175 0.340794 0.195052
v 0.016714 0.341535 0.199317
v -0.114172 0.369394 0.208464
v -0.114484 0.359715 0.192687
v -0.118263 0.340302 0.183962
v -0.120648 0.319001 0.176014
v -0.057139 0.320586 0.187484
v -0.158231 0.316839 0.165693
v -0.163776 0.286685 0.162813
v -0.123125 0.291688 0.172393
v -0.184001 0.305950 0.180660
v -0.191223 0.280828 0.167722
v -0.192260 0.253036 0.147810
v -0.161220 0.255262 0.160900
v -0.203562 0.311883 0.156251
v -0.210435 0.288231 0.134230
v -0.226289 0.256330 0.117964
v -0.238427 0.209877 0.112393
v -0.197925 0.205704 0.142254
v -0.252730 0.291543 0.094894
v -0.268718 0.259672 0.079058
v -0.281766 0.214072 0.070749
v -0.283735 0.151030 0.068220
v -0.243978 0.145281 0.107719
v -0.316475 0.155389 0.025727
v -0.317083 0.086723 0.022715
v -0.286545 0.081579 0.068194
v -0.335816 0.157435 -0.021330
v -0.341351 0.089419 -0.024063
v -0.346593 0.032669 -0.026896
v -0.319953 0.029406 0.020983
v -0.356007 0.155195 -0.069779
v -0.356959 0.088776 -0.071475
v -0.363334 0.033907 -0.073847
v -0.366474 -0.002343 -0.077386
v -0.349100 -0.004103 -0.029878
v -0.367828 0.086307 -0.115965
v -0.371906 0.032701 -0.118771
v -0.374629 -0.001425 -0.123495
v -0.375257 0.031096 -0.161239
v -0.376748 0.002131 -0.163074
v -0.373273 0.032282 -0.204336
v -0.374170 0.007594 -0.204367
v -0.376514 -0.012295 -0.204001
v -0.386427 -0.025306 -0.205760
v -0.367189 0.009915 -0.246660
v -0.369664 -0.010788 -0.244871
v -0.379133 -0.025096 -0.244287
v -0.389597 -0.035476 -0.245675
v -0.393706 -0.036171 -0.208059
v -0.359378 -0.009813 -0.285125
v -0.367301 -0.027380 -0.284384
v -0.378902 -0.035489 -0.284526
v -0.361171 -0.019550 -0.328708
v -0.372259 -0.032633 -0.330339
v -0.374284 -0.046834 -0.328158
v -0.360873 -0.046800 -0.366703
v -0.357472 -0.061808 -0.361460
v -0.364343 -0.059759 -0.322099
v -0.355645 -0.032352 -0.365644
v -0.329898 -0.029652 -0.401578
v -0.330497 -0.042874 -0.399747
v -0.346115 -0.019530 -0.363490
v -0.324558 -0.015998 -0.399953
v -0.291434 -0.014206 -0.432159
v -0.297397 -0.026605 -0.436098
v -0.337904 -0.005015 -0.361383
v -0.317398 -0.001853 -0.396640
v -0.285392 0.000706 -0.428809
v -0.312713 0.020225 -0.395247
v -0.282518 0.024977 -0.428425
v -0.254530 0.032406 -0.463957
v -0.284213 0.060097 -0.426550
v -0.263297 0.070119 -0.460506
v -0.226315 0.091358 -0.483791
v -0.280018 0.104598 -0.454763
v -0.238590 0.139522 -0.472116
v -0.207875 0.189415 -0.501474
v -0.299506 0.095694 -0.427548
v -0.309813 0.140893 -0.419146
v -0.322827 0.090456 -0.401623
v -0.327321 0.142679 -0.391758
v -0.322323 0.198141 -0.377808
v -0.300867 0.193867 -0.401675
v -0.331402 0.245697 -0.381151
v -0.307861 0.246146 -0.398339
v -0.284788 0.245377 -0.426356
v -0.315259 0.288967 -0.391293
v -0.287868 0.290472 -0.425219
v -0.264071 0.287919 -0.452700
v -0.263114 0.243290 -0.450292
v -0.270657 0.324240 -0.468913
v -0.281703 0.308400 -0.493628
v -0.270531 0.341025 -0.522425
v -0.262063 0.313806 -0.510876
v -0.226431 0.335960 -0.513858
v -0.230708 0.361596 -0.533130
v -0.181314 0.366586 -0.565654
v -0.175276 0.342730 -0.549256
v -0.278346 0.356585 -0.535742
v -0.240380 0.370785 -0.555241
v -0.194878 0.370649 -0.587016
v -0.151496 0.367840 -0.616597
v -0.134581 0.359076 -0.601299
v -0.253192 0.370823 -0.574412
v -0.207754 0.370829 -0.606437
v -0.161562 0.368657 -0.632036
v -0.218583 0.371838 -0.623571
v -0.171767 0.370769 -0.646979
v -0.227639 0.375844 -0.638372
v -0.180763 0.374219 -0.661281
v -0.143984 0.376235 -0.672880
v -0.185112 0.388000 -0.667187
v -0.147037 0.389916 -0.679793
v -0.115162 0.390526 -0.688762
v -0.148073 0.404554 -0.672253
v -0.113751 0.404433 -0.681232
v -0.077676 0.401865 -0.687457
v -0.113632 0.420703 -0.682079
v -0.077938 0.417876 -0.687976
v -0.114207 0.438349 -0.687039
v -0.077780 0.435790 -0.694281
v -0.039537 0.430455 -0.696566
v -0.076034 0.457065 -0.696616
v -0.037921 0.450823 -0.700440
v 0.000318 0.441557 -0.704025
v -0.035280 0.471717 -0.700505
v 0.001107 0.461692 -0.705349
v 0.044404 0.457193 -0.707278
v 0.000165 0.482595 -0.701703
v 0.040912 0.476105 -0.703386
v -0.035268 0.491244 -0.699268
v -0.037234 0.509242 -0.697599
v -0.039052 0.527476 -0.695741
v -0.066186 0.551194 -0.691863
v -0.041488 0.547841 -0.693794
v -0.064865 0.570153 -0.690003
v -0.042523 0.567826 -0.692141
v -0.021043 0.564380 -0.691257
v -0.002072 0.560303 -0.687252
v -0.042776 0.588000 -0.690843
v -0.064241 0.589740 -0.688539
v -0.062261 0.605636 -0.681088
v -0.041496 0.605777 -0.683979
v -0.057633 0.605529 -0.660888
v -0.053557 0.601190 -0.640098
v -0.051045 0.588193 -0.626510
v -0.074820 0.569690 -0.625829
v -0.050261 0.569939 -0.623340
v -0.025038 0.570990 -0.628914
v -0.007438 0.572825 -0.647526
v -0.050125 0.550437 -0.624103
v -0.023394 0.552167 -0.630605
v -0.005888 0.555060 -0.648887
v 0.000365 0.557202 -0.670400
v -0.076011 0.551845 -0.625713
v -0.092979 0.569102 -0.637433
v -0.094403 0.552867 -0.637093
v -0.103033 0.569577 -0.654680
v -0.103098 0.553205 -0.654675
v -0.104604 0.535812 -0.654302
v -0.103884 0.554007 -0.673070
v -0.117915 0.508665 -0.650724
v -0.170168 0.507400 -0.632796
v -0.206530 0.522013 -0.616608
v -0.206169 0.541431 -0.616656
v -0.203890 0.542936 -0.599794
v -0.204855 0.561904 -0.617734
v -0.203785 0.562813 -0.599697
v -0.221590 0.563435 -0.580806
v -0.246056 0.561998 -0.561386
v -0.244226 0.582108 -0.564148
v -0.270279 0.580262 -0.548414
v -0.274180 0.560317 -0.548344
v -0.294582 0.559708 -0.560597
v -0.310125 0.560039 -0.575907
v -0.299091 0.560751 -0.598625
v -0.277948 0.561017 -0.615294
v -0.276746 0.537848 -0.614187
v -0.277753 0.583503 -0.616344
v -0.256420 0.561536 -0.628222
v -0.275413 0.605175 -0.615455
v -0.234895 0.562270 -0.635379
v -0.217190 0.562451 -0.629135
v -0.275267 0.514897 -0.614369
v -0.274887 0.493931 -0.615077
v -0.239448 0.474638 -0.638327
v -0.274096 0.474082 -0.615472
v -0.304024 0.474271 -0.593525
v -0.273158 0.454117 -0.613998
v -0.304008 0.454227 -0.592042
v -0.328909 0.454036 -0.571583
v -0.329809 0.474156 -0.572038
v -0.351982 0.452143 -0.547096
v -0.354332 0.471460 -0.546350
v -0.375743 0.450993 -0.517763
v -0.378267 0.469858 -0.516061
v -0.399326 0.449637 -0.488226
v -0.399886 0.469380 -0.487991
v -0.421133 0.448780 -0.456900
v -0.420672 0.468756 -0.457300
v -0.418911 0.490247 -0.456889
v -0.438180 0.468870 -0.425523
v -0.417096 0.513063 -0.457742
v -0.415567 0.535542 -0.460109
v -0.428050 0.561481 -0.437968
v -0.414287 0.561129 -0.462557
v -0.396912 0.558814 -0.493866
v -0.382985 0.558070 -0.484796
v -0.371492 0.558759 -0.472940
v -0.364262 0.560214 -0.455751
v -0.362667 0.537431 -0.458375
v -0.361774 0.536981 -0.434801
v -0.363612 0.560917 -0.433947
v -0.371254 0.560950 -0.412722
v -0.372180 0.584186 -0.415192
v -0.381991 0.560996 -0.393686
v -0.375484 0.604419 -0.418138
v -0.390059 0.609433 -0.424989
v -0.407939 0.609366 -0.432841
v -0.424412 0.607737 -0.441038
v -0.427569 0.585509 -0.440743
v -0.440668 0.560856 -0.416846
v -0.441288 0.560007 -0.397326
v -0.424188 0.535103 -0.392503
v -0.426893 0.559728 -0.391617
v -0.410475 0.535262 -0.388581
v -0.411327 0.559824 -0.387553
v -0.396850 0.535744 -0.384909
v -0.395853 0.560298 -0.383757
v -0.412647 0.512761 -0.377571
v -0.399783 0.513275 -0.374667
v -0.420361 0.511655 -0.348662
v -0.407384 0.512323 -0.342769
v -0.431558 0.511764 -0.308012
v -0.434253 0.510570 -0.351833
v -0.443832 0.511049 -0.313057
v -0.448665 0.524673 -0.286344
v -0.436537 0.527287 -0.284154
v -0.447461 0.543553 -0.286849
v -0.432201 0.545103 -0.283211
v -0.420374 0.546075 -0.273693
v -0.428277 0.564471 -0.282232
v -0.420174 0.565243 -0.266987
v -0.421571 0.564649 -0.242380
v -0.421050 0.546070 -0.251428
v -0.423179 0.564142 -0.210007
v -0.423189 0.544250 -0.215133
v -0.426228 0.568457 -0.168620
v -0.427775 0.547432 -0.165935
v -0.428835 0.527121 -0.164448
v -0.446559 0.550081 -0.162922
v -0.446517 0.529088 -0.161671
v -0.463916 0.530560 -0.159818
v -0.465133 0.552000 -0.160690
v -0.483180 0.553784 -0.160711
v -0.446244 0.570619 -0.164654
v -0.490186 0.555567 -0.176803
v -0.485115 0.557821 -0.200788
v -0.484051 0.576480 -0.204064
v -0.480350 0.578653 -0.230437
v -0.480925 0.560095 -0.228022
v -0.479923 0.593764 -0.204679
v -0.476449 0.595416 -0.231221
v -0.465422 0.604015 -0.205582
v -0.463520 0.603977 -0.231769
v -0.444677 0.605710 -0.232646
v -0.424714 0.603462 -0.233431
v -0.422093 0.584018 -0.236610
v -0.478279 0.561059 -0.256408
v -0.481420 0.539973 -0.223444
v -0.483148 0.517428 -0.217097
v -0.487342 0.494134 -0.210606
v -0.485010 0.468353 -0.245954
v -0.489529 0.468759 -0.205968
v -0.491322 0.468551 -0.169368
v -0.489130 0.447012 -0.202779
v -0.491102 0.448422 -0.164967
v -0.488903 0.448513 -0.128034
v -0.489928 0.466807 -0.131730
v -0.479362 0.448251 -0.087971
v -0.480064 0.466011 -0.088131
v -0.465984 0.447352 -0.047164
v -0.466172 0.465932 -0.045681
v -0.453187 0.445526 -0.008300
v -0.452280 0.465541 -0.008663
v -0.436766 0.444187 0.024557
v -0.436999 0.465522 0.022525
v -0.420843 0.444528 0.050609
v -0.421276 0.466364 0.048939
v -0.420971 0.488471 0.046901
v -0.406345 0.468361 0.073517
v -0.406147 0.489599 0.071844
v -0.406283 0.509070 0.069201
v -0.420368 0.508790 0.045921
v -0.406666 0.527521 0.067225
v -0.420476 0.528609 0.044963
v -0.406985 0.546230 0.066339
v -0.420667 0.548120 0.044449
v -0.433435 0.550112 0.022372
v -0.442830 0.552270 0.001041
v -0.420662 0.566095 0.044524
v -0.433631 0.568688 0.022369
v -0.443164 0.571303 0.000773
v -0.432766 0.573689 -0.014232
v -0.433738 0.555040 -0.013519
v -0.414146 0.557481 -0.019229
v -0.414510 0.538711 -0.019244
v -0.413475 0.575752 -0.019422
v -0.394191 0.578208 -0.021258
v -0.394249 0.559366 -0.020887
v -0.375928 0.563879 0.013675
v -0.374255 0.546274 0.017025
v -0.394868 0.540850 -0.020923
v -0.376768 0.581504 0.012392
v -0.378026 0.598264 0.014163
v -0.360570 0.568692 0.045292
v -0.358322 0.570866 0.075162
v -0.358826 0.555681 0.081847
v -0.357746 0.553634 0.050967
v -0.371075 0.571971 0.094840
v -0.373695 0.555660 0.097373
v -0.391703 0.558625 0.089507
v -0.392935 0.542581 0.087584
v -0.390406 0.574474 0.091077
v -0.405481 0.578671 0.067834
v -0.406354 0.562883 0.067184
v -0.420500 0.582772 0.044453
v -0.418731 0.598913 0.043111
v -0.407977 0.606186 0.036110
v -0.391054 0.606591 0.024907
v -0.393210 0.526234 0.086852
v -0.392511 0.508200 0.089346
v -0.391214 0.489944 0.093388
v -0.370597 0.489095 0.114531
v -0.390463 0.469880 0.096013
v -0.369182 0.469779 0.117806
v -0.337080 0.468886 0.147207
v -0.339184 0.488020 0.142634
v -0.368590 0.450326 0.118125
v -0.335998 0.450623 0.149020
v -0.293586 0.453146 0.182756
v -0.335636 0.433156 0.149126
v -0.291683 0.435693 0.184543
v -0.253410 0.437615 0.211163
v -0.254162 0.456487 0.210600
v -0.220256 0.437100 0.229777
v -0.220111 0.456297 0.230189
v -0.187176 0.436103 0.243714
v -0.186543 0.454882 0.244969
v -0.185714 0.475251 0.245162
v -0.153269 0.455365 0.255753
v -0.152288 0.475649 0.255956
v -0.152562 0.497301 0.252793
v -0.182965 0.496940 0.242246
v -0.152947 0.519346 0.248948
v -0.179420 0.518903 0.238256
v -0.152859 0.540139 0.247852
v -0.176763 0.540477 0.237853
v -0.200324 0.541168 0.227801
v -0.174978 0.560530 0.238577
v -0.197895 0.561089 0.228335
v -0.218737 0.560690 0.218661
v -0.221195 0.541895 0.217677
v -0.231804 0.559590 0.203886
v -0.230752 0.542219 0.202388
v -0.227288 0.559969 0.186750
v -0.226237 0.542369 0.187139
v -0.227499 0.524237 0.187538
v -0.243174 0.505249 0.179531
v -0.215338 0.541970 0.172874
v -0.216055 0.559084 0.170579
v -0.194025 0.559427 0.165404
v -0.193864 0.541919 0.167026
v -0.167593 0.561538 0.176875
v -0.166157 0.543361 0.178483
v -0.138171 0.563407 0.188800
v -0.134079 0.545317 0.190474
v -0.127562 0.526551 0.192958
v -0.105547 0.547224 0.199762
v -0.099108 0.528636 0.204199
v -0.092150 0.550038 0.215286
v -0.092819 0.531708 0.220646
v -0.092045 0.512834 0.227908
v -0.098982 0.535210 0.234915
v -0.099013 0.553045 0.231271
v -0.110070 0.555700 0.245558
v -0.110077 0.538204 0.247012
v -0.128810 0.558059 0.253049
v -0.129429 0.539650 0.253826
v -0.151515 0.559802 0.248372
v -0.126368 0.574952 0.252790
v -0.149838 0.577879 0.249460
v -0.174078 0.579215 0.239208
v -0.173513 0.596852 0.239488
v -0.197627 0.597895 0.227531
v -0.197593 0.580007 0.228116
v -0.167748 0.608266 0.230441
v -0.191880 0.606906 0.215683
v -0.157905 0.609644 0.214137
v -0.148538 0.608096 0.197908
v -0.142554 0.598182 0.187693
v -0.140603 0.581257 0.187438
v -0.169004 0.578865 0.175171
v -0.195902 0.576023 0.163192
v -0.219016 0.576131 0.170303
v -0.109871 0.564887 0.197250
v -0.091619 0.567174 0.212258
v -0.098013 0.569784 0.229778
v -0.108370 0.572089 0.244744
v -0.111562 0.457660 0.262449
v -0.112456 0.438066 0.262099
v -0.056346 0.440167 0.269147
v -0.058446 0.459558 0.268358
v -0.154319 0.436394 0.254173
v -0.155867 0.418912 0.252573
v -0.113541 0.420042 0.260990
v -0.188353 0.418726 0.242545
v -0.189740 0.403569 0.241614
v -0.157531 0.403479 0.251648
v -0.219511 0.419225 0.229069
v -0.218447 0.404398 0.229168
v -0.221432 0.393844 0.238061
v -0.194855 0.392501 0.249835
v -0.251783 0.420055 0.211177
v -0.249533 0.404703 0.211431
v -0.251489 0.393859 0.220821
v -0.293381 0.392098 0.196309
v -0.291258 0.376099 0.196675
v -0.248755 0.380214 0.223552
v -0.220170 0.379500 0.239658
v -0.289571 0.402633 0.186212
v -0.337136 0.399685 0.151866
v -0.340660 0.385710 0.158041
v -0.290149 0.418871 0.185026
v -0.334705 0.415866 0.148953
v -0.366949 0.413531 0.116561
v -0.370939 0.398300 0.119729
v -0.367878 0.431245 0.117483
v -0.387797 0.428591 0.094667
v -0.386737 0.411427 0.093917
v -0.389030 0.448902 0.095756
v -0.405579 0.446400 0.073989
v -0.403720 0.425908 0.073789
v -0.418566 0.423936 0.051345
v -0.416459 0.407074 0.052656
v -0.402138 0.409022 0.074237
v -0.421132 0.392567 0.059583
v -0.406474 0.394196 0.080259
v -0.390996 0.396516 0.098061
v -0.408719 0.378086 0.084379
v -0.393073 0.380088 0.101023
v -0.374052 0.382880 0.122403
v -0.334215 0.374848 0.152697
v -0.320541 0.373681 0.139850
v -0.305212 0.371931 0.124928
v -0.291662 0.361475 0.106225
v -0.282759 0.338769 0.090416
v -0.242636 0.342552 0.128496
v -0.242290 0.318643 0.113070
v -0.423886 0.378681 0.065400
v -0.442035 0.379930 0.037687
v -0.432347 0.374217 0.035022
v -0.437309 0.392706 0.032532
v -0.455385 0.394060 -0.004856
v -0.460097 0.381075 -0.001348
v -0.432013 0.406898 0.026739
v -0.450760 0.408688 -0.008135
v -0.466462 0.411687 -0.049001
v -0.472242 0.397180 -0.047990
v -0.434256 0.423827 0.025497
v -0.452404 0.425951 -0.008203
v -0.466041 0.428983 -0.048251
v -0.477373 0.430644 -0.088371
v -0.476407 0.413566 -0.088613
v -0.483249 0.414126 -0.123891
v -0.486501 0.398673 -0.121203
v -0.481071 0.398516 -0.087597
v -0.485833 0.430835 -0.125937
v -0.489057 0.429910 -0.161682
v -0.488115 0.413641 -0.158615
v -0.487524 0.411638 -0.198268
v -0.492089 0.397263 -0.196220
v -0.490879 0.398446 -0.153884
v -0.487149 0.427722 -0.200242
v -0.482965 0.426085 -0.242478
v -0.482847 0.410052 -0.242275
v -0.484856 0.445127 -0.243696
v -0.482326 0.445163 -0.285577
v -0.478593 0.426679 -0.284106
v -0.482940 0.466935 -0.286636
v -0.479538 0.464716 -0.321523
v -0.478115 0.445501 -0.320647
v -0.466694 0.446859 -0.357828
v -0.463781 0.429563 -0.356487
v -0.473735 0.427786 -0.318676
v -0.468568 0.464608 -0.358854
v -0.453391 0.467522 -0.394167
v -0.451924 0.448637 -0.393576
v -0.437566 0.448899 -0.424452
v -0.435328 0.430076 -0.423125
v -0.449364 0.430626 -0.392698
v -0.432839 0.413368 -0.421970
v -0.446622 0.414038 -0.391654
v -0.459535 0.413675 -0.354332
v -0.448166 0.399297 -0.391699
v -0.461274 0.399132 -0.352801
v -0.472765 0.396843 -0.314604
v -0.469371 0.411591 -0.316097
v -0.480934 0.395585 -0.282483
v -0.476412 0.410210 -0.282599
v -0.487706 0.395512 -0.243412
v -0.487516 0.380495 -0.282463
v -0.492017 0.380929 -0.242620
v -0.494314 0.382248 -0.193311
v -0.483602 0.373395 -0.240412
v -0.484389 0.373939 -0.189386
v -0.483676 0.373387 -0.144615
v -0.493364 0.382971 -0.149577
v -0.481983 0.371586 -0.112049
v -0.490519 0.383217 -0.115997
v -0.477693 0.372939 -0.083078
v -0.485919 0.383725 -0.085337
v -0.469275 0.373236 -0.046539
v -0.476686 0.383088 -0.046568
v -0.452208 0.374455 -0.002603
v -0.452795 0.371919 -0.047339
v -0.435708 0.372938 -0.006960
v -0.415334 0.372547 0.027233
v -0.465917 0.372758 -0.185545
v -0.467176 0.372467 -0.237409
v -0.444434 0.371853 -0.172349
v -0.418899 0.368193 -0.154308
v -0.393907 0.338411 -0.132437
v -0.416961 0.317982 -0.131706
v -0.400692 0.286923 -0.123541
v -0.417039 0.313153 -0.102643
v -0.376360 0.307002 -0.126382
v -0.370991 0.259886 -0.136573
v -0.381570 0.255110 -0.116424
v -0.379803 0.315317 -0.207213
v -0.371623 0.267919 -0.200045
v -0.372449 0.209272 -0.198483
v -0.371272 0.209921 -0.151120
v -0.392115 0.303561 -0.252264
v -0.377070 0.261412 -0.246523
v -0.367565 0.207227 -0.244887
v -0.369179 0.143312 -0.248445
v -0.373982 0.145083 -0.201090
v -0.373005 0.258768 -0.282438
v -0.363360 0.205717 -0.286480
v -0.360506 0.142201 -0.293698
v -0.361952 0.084735 -0.295589
v -0.367658 0.082219 -0.250302
v -0.352593 0.205487 -0.320774
v -0.357006 0.141180 -0.335218
v -0.352738 0.087420 -0.337849
v -0.352468 0.042000 -0.331525
v -0.361693 0.036949 -0.290907
v -0.346839 0.143864 -0.367318
v -0.341584 0.088577 -0.373235
v -0.338098 0.046422 -0.365470
v -0.314092 0.052138 -0.397552
v -0.334183 0.016754 -0.361142
v -0.351472 0.013772 -0.327771
v -0.353968 -0.005313 -0.327703
v -0.359185 0.011210 -0.287301
v -0.367098 0.034757 -0.248486
v -0.371420 0.081919 -0.203785
v -0.371570 0.083701 -0.159552
v -0.374013 0.147932 -0.156850
v -0.370343 0.151307 -0.113770
v -0.367933 0.211745 -0.113381
v -0.342016 0.202811 -0.353281
v -0.356411 0.258886 -0.310891
v -0.339435 0.253934 -0.350541
v -0.355426 0.302197 -0.309795
v -0.346379 0.293084 -0.356246
v -0.351141 0.278695 -0.389626
v -0.354986 0.325757 -0.372139
v -0.384878 0.300484 -0.284983
v -0.374685 0.323954 -0.090214
v -0.346759 0.318995 -0.032135
v -0.363416 0.342421 -0.043124
v -0.464876 0.366546 -0.276614
v -0.480578 0.369147 -0.280278
v -0.473267 0.372637 -0.311928
v -0.459232 0.365411 -0.308944
v -0.478807 0.382388 -0.314969
v -0.467620 0.384732 -0.353220
v -0.464039 0.375124 -0.349730
v -0.451352 0.375166 -0.390039
v -0.437398 0.372826 -0.383136
v -0.449266 0.373001 -0.342285
v -0.455103 0.385611 -0.392852
v -0.443433 0.385973 -0.426851
v -0.439205 0.372949 -0.423977
v -0.435578 0.399401 -0.423599
v -0.418058 0.399832 -0.452814
v -0.425239 0.386864 -0.457500
v -0.415345 0.413420 -0.451598
v -0.392663 0.415256 -0.484864
v -0.394492 0.400682 -0.487168
v -0.418445 0.429855 -0.454279
v -0.396714 0.431309 -0.486996
v -0.371940 0.433425 -0.518024
v -0.368009 0.416457 -0.517446
v -0.344190 0.417565 -0.543025
v -0.345726 0.401957 -0.546489
v -0.369171 0.401194 -0.520970
v -0.348520 0.434503 -0.545720
v -0.325672 0.435213 -0.569127
v -0.322170 0.418050 -0.565130
v -0.300020 0.417348 -0.585125
v -0.303199 0.401912 -0.586726
v -0.324811 0.402485 -0.566884
v -0.302168 0.434929 -0.588934
v -0.272020 0.434258 -0.610497
v -0.271327 0.416827 -0.607758
v -0.230498 0.417551 -0.633499
v -0.231741 0.401010 -0.638443
v -0.274371 0.400791 -0.610790
v -0.232228 0.435048 -0.633926
v -0.191699 0.436864 -0.655351
v -0.188299 0.419787 -0.655280
v -0.235910 0.454699 -0.637178
v -0.196975 0.455011 -0.657084
v -0.156931 0.455524 -0.676259
v -0.153128 0.438141 -0.673746
v -0.202381 0.474059 -0.657439
v -0.160180 0.473084 -0.678042
v -0.113265 0.476800 -0.692111
v -0.113940 0.457795 -0.689799
v -0.074408 0.477790 -0.697471
v -0.150209 0.421222 -0.671470
v -0.186409 0.403253 -0.659435
v -0.233737 0.387280 -0.645709
v -0.274118 0.375266 -0.608104
v -0.279356 0.387969 -0.615941
v -0.303821 0.377094 -0.583713
v -0.309070 0.389861 -0.591023
v -0.325866 0.374425 -0.566742
v -0.330816 0.389615 -0.572194
v -0.344841 0.375113 -0.547529
v -0.350705 0.388818 -0.552794
v -0.367982 0.376454 -0.524358
v -0.373659 0.388414 -0.527377
v -0.395954 0.375230 -0.491402
v -0.401125 0.388128 -0.492734
v -0.420558 0.375468 -0.456059
v -0.383649 0.373306 -0.483908
v -0.408582 0.370539 -0.449262
v -0.427970 0.365223 -0.417755
v -0.395478 0.365735 -0.442008
v -0.414942 0.358393 -0.407427
v -0.420541 0.372178 -0.371994
v -0.399764 0.371274 -0.355373
v -0.367542 0.372548 -0.475814
v -0.354277 0.372644 -0.515946
v -0.333942 0.366540 -0.538674
v -0.319421 0.361005 -0.558505
v -0.295242 0.371291 -0.569530
v -0.288145 0.365726 -0.551042
v -0.264144 0.371632 -0.592450
v -0.189308 0.371678 0.236903
v -0.194583 0.378304 0.250533
v -0.160053 0.371737 0.241824
v -0.162673 0.376569 0.258471
v -0.160998 0.390776 0.259813
v -0.118796 0.373189 0.265425
v -0.117758 0.389100 0.269311
v -0.114626 0.403723 0.260200
v -0.056878 0.389803 0.277942
v -0.055765 0.404665 0.267979
v -0.056123 0.421739 0.268533
v 0.008961 0.407433 0.272689
v 0.007193 0.424360 0.274460
v 0.003539 0.443115 0.275622
v 0.058988 0.424039 0.273627
v 0.055712 0.443133 0.275519
v 0.051388 0.463266 0.276612
v 0.000114 0.462689 0.274946
v 0.100676 0.441407 0.269662
v 0.099737 0.462272 0.270271
v 0.097620 0.482796 0.269463
v 0.141777 0.461875 0.261299
v 0.095712 0.503204 0.267913
v 0.095323 0.521939 0.266976
v 0.120321 0.541712 0.259492
v 0.094684 0.540744 0.266608
v 0.067179 0.540191 0.270075
v 0.093905 0.558075 0.266255
v 0.069152 0.557048 0.269935
v 0.043808 0.554793 0.270794
v 0.039741 0.539312 0.269834
v 0.069831 0.573363 0.269676
v 0.046759 0.570793 0.271361
v 0.025272 0.567681 0.268064
v 0.048946 0.586460 0.271443
v 0.028098 0.583057 0.270280
v 0.019515 0.584246 0.254066
v 0.050943 0.600759 0.270454
v 0.070446 0.590226 0.269238
v 0.069968 0.605560 0.264490
v 0.066042 0.607042 0.246903
v 0.048764 0.606610 0.253986
v 0.090285 0.605946 0.259406
v 0.084425 0.607110 0.241364
v 0.099179 0.605637 0.217655
v 0.092460 0.596587 0.200417
v 0.086505 0.577983 0.200918
v 0.108733 0.558880 0.197985
v 0.082176 0.559395 0.202733
v 0.110540 0.541023 0.198646
v 0.078652 0.541479 0.204685
v 0.132652 0.560104 0.201301
v 0.136035 0.542042 0.202100
v 0.144546 0.559525 0.217485
v 0.145300 0.541738 0.218604
v 0.147056 0.521506 0.221394
v 0.149809 0.541872 0.234568
v 0.149446 0.559164 0.234681
v 0.140076 0.559070 0.250279
v 0.141691 0.541982 0.248940
v 0.118405 0.558852 0.260147
v 0.139395 0.575540 0.251139
v 0.117097 0.575359 0.259914
v 0.093348 0.574704 0.266136
v 0.092716 0.591761 0.265737
v 0.148909 0.576071 0.234784
v 0.141613 0.440582 0.260813
v 0.181428 0.438358 0.247642
v 0.184257 0.458518 0.247400
v 0.228204 0.432360 0.224241
v 0.229040 0.451494 0.225410
v 0.229782 0.472111 0.225499
v 0.278303 0.443005 0.194390
v 0.276993 0.462434 0.195779
v 0.317288 0.457592 0.165838
v 0.313641 0.477057 0.167784
v 0.345766 0.456622 0.141554
v 0.341660 0.476105 0.143728
v 0.332220 0.495462 0.142419
v 0.304623 0.498614 0.164394
v 0.296337 0.520319 0.162045
v 0.293771 0.541716 0.164170
v 0.268579 0.545132 0.184578
v 0.294204 0.562917 0.165836
v 0.271891 0.564719 0.184971
v 0.244067 0.567031 0.195930
v 0.239127 0.548142 0.195196
v 0.216870 0.568643 0.182876
v 0.216941 0.550472 0.181469
v 0.221006 0.569775 0.152077
v 0.221502 0.551978 0.152937
v 0.244710 0.570141 0.131411
v 0.246685 0.550967 0.129876
v 0.270100 0.570437 0.114193
v 0.275246 0.551642 0.110916
v 0.283033 0.533488 0.105274
v 0.302970 0.554834 0.096206
v 0.312304 0.536131 0.096070
v 0.267774 0.589261 0.117449
v 0.244875 0.589521 0.132565
v 0.251025 0.608727 0.138862
v 0.272301 0.606434 0.127236
v 0.222748 0.588234 0.152073
v 0.220888 0.586881 0.184849
v 0.247889 0.585785 0.194883
v 0.274346 0.585657 0.184302
v 0.273623 0.607061 0.179493
v 0.295637 0.583861 0.166126
v 0.295976 0.603982 0.163469
v 0.284409 0.610402 0.145899
v 0.263762 0.611389 0.158759
v 0.365315 0.474039 0.124870
v 0.358728 0.493429 0.125857
v 0.389130 0.470247 0.099714
v 0.386438 0.489310 0.100889
v 0.412039 0.470392 0.068791
v 0.410154 0.451667 0.069367
v 0.433651 0.455727 0.033850
v 0.434557 0.476481 0.033490
v 0.389312 0.450925 0.097051
v 0.408220 0.432264 0.067941
v 0.368224 0.453901 0.120963
v 0.429982 0.417584 0.031639
v 0.431723 0.435204 0.033197
v 0.451787 0.418859 -0.008680
v 0.453981 0.437236 -0.006907
v 0.453589 0.459329 -0.006913
v 0.469226 0.438510 -0.048362
v 0.468372 0.460466 -0.050209
v 0.466563 0.481400 -0.052884
v 0.452161 0.480976 -0.008645
v 0.448756 0.501501 -0.012387
v 0.447096 0.520019 -0.018180
v 0.447024 0.536365 -0.022544
v 0.457905 0.547071 -0.075901
v 0.447159 0.551510 -0.024788
v 0.436438 0.550474 0.009282
v 0.447213 0.566330 -0.025888
v 0.436082 0.565504 0.009544
v 0.426679 0.561720 0.033205
v 0.424164 0.545714 0.030255
v 0.409067 0.560237 0.036362
v 0.407197 0.543210 0.033935
v 0.392118 0.559837 0.029916
v 0.391049 0.541169 0.028829
v 0.388618 0.518859 0.030737
v 0.372858 0.505481 0.063629
v 0.376899 0.558671 0.021866
v 0.392343 0.577436 0.031392
v 0.376996 0.575387 0.022859
v 0.364656 0.573474 0.010627
v 0.364264 0.557011 0.010780
v 0.378897 0.572913 -0.035719
v 0.380929 0.555755 -0.035975
v 0.396035 0.573725 -0.086909
v 0.395971 0.556085 -0.086855
v 0.417810 0.574674 -0.087790
v 0.419136 0.558057 -0.087738
v 0.437344 0.576103 -0.084531
v 0.438878 0.560335 -0.084426
v 0.440908 0.543732 -0.083758
v 0.457147 0.562652 -0.077820
v 0.456447 0.577260 -0.078191
v 0.447140 0.581131 -0.026428
v 0.392600 0.593888 0.031883
v 0.403896 0.602011 0.007100
v 0.478497 0.460438 -0.090634
v 0.479099 0.480300 -0.093729
v 0.486605 0.461376 -0.134313
v 0.485870 0.441787 -0.131134
v 0.490175 0.441096 -0.175473
v 0.490282 0.462597 -0.176359
v 0.478968 0.440466 -0.087852
v 0.478598 0.422016 -0.085989
v 0.484555 0.423416 -0.128885
v 0.467677 0.419609 -0.047479
v 0.462841 0.405347 -0.047939
v 0.474010 0.406381 -0.085513
v 0.448515 0.403903 -0.010805
v 0.455758 0.391022 -0.008046
v 0.469537 0.392263 -0.044368
v 0.429987 0.401727 0.029762
v 0.480382 0.392800 -0.082068
v 0.488886 0.392528 -0.123552
v 0.481422 0.406695 -0.127261
v 0.496647 0.389848 -0.173391
v 0.485811 0.404894 -0.174987
v 0.488463 0.421636 -0.175224
v 0.487285 0.401301 -0.217584
v 0.487874 0.418384 -0.218007
v 0.490939 0.438231 -0.218317
v 0.483019 0.416036 -0.256064
v 0.487692 0.434602 -0.258368
v 0.489792 0.456995 -0.260062
v 0.491184 0.461327 -0.218588
v 0.481244 0.430074 -0.294958
v 0.485157 0.450152 -0.297776
v 0.469967 0.424136 -0.335946
v 0.474765 0.442219 -0.340383
v 0.472862 0.464081 -0.342927
v 0.454441 0.435248 -0.392414
v 0.453382 0.455810 -0.394944
v 0.425447 0.430762 -0.447439
v 0.426301 0.450884 -0.448727
v 0.396234 0.430029 -0.488706
v 0.397665 0.450278 -0.489269
v 0.395555 0.475830 -0.486007
v 0.372196 0.451246 -0.518414
v 0.391694 0.506756 -0.481200
v 0.392555 0.538251 -0.479545
v 0.394359 0.569354 -0.477059
v 0.393173 0.606483 -0.474469
v 0.378753 0.605066 -0.462945
v 0.364744 0.603094 -0.452520
v 0.349355 0.599230 -0.443162
v 0.344672 0.566326 -0.442959
v 0.326226 0.542705 -0.471588
v 0.339455 0.537805 -0.448766
v 0.322163 0.544440 -0.491047
v 0.333860 0.542902 -0.501715
v 0.330651 0.509438 -0.511478
v 0.420332 0.414140 -0.443797
v 0.450518 0.418361 -0.388520
v 0.444887 0.405368 -0.384122
v 0.465056 0.409078 -0.331317
v 0.473640 0.396005 -0.330559
v 0.475843 0.413196 -0.291362
v 0.481529 0.398483 -0.289270
v 0.487162 0.383330 -0.286745
v 0.485412 0.400151 -0.254117
v 0.492640 0.384837 -0.252219
v 0.485665 0.371627 -0.248517
v 0.495568 0.385894 -0.217018
v 0.489246 0.371799 -0.215092
v 0.178718 0.420040 0.247520
v 0.140734 0.421764 0.259571
v 0.139261 0.405880 0.260348
v 0.101216 0.422383 0.268123
v 0.102626 0.406724 0.268086
v 0.060806 0.407927 0.272124
v 0.063848 0.393068 0.275903
v 0.010243 0.392024 0.279750
v 0.011578 0.376812 0.280946
v -0.056934 0.373170 0.274683
v -0.055662 0.370494 0.257690
v -0.117824 0.371270 0.248832
v -0.116101 0.370518 0.229282
v -0.474912 0.561366 -0.281587
v -0.462190 0.562285 -0.289698
v -0.445124 0.563552 -0.286547
v -0.425348 0.512178 -0.381412
v -0.104134 0.570724 -0.673595
v -0.087358 0.571415 -0.686292
v -0.089890 0.554061 -0.687718
v -0.127918 0.337814 -0.585013
v -0.118563 0.300730 -0.594062
v -0.122677 0.313614 -0.568073
v -0.116472 0.274790 -0.577159
v -0.133071 0.282979 -0.543521
v -0.145528 0.248147 -0.535632
v -0.299713 -0.039700 -0.435650
v -0.329255 -0.057053 -0.396122
v -0.352567 -0.076569 -0.356431
v -0.350051 -0.095387 -0.350484
v -0.353067 -0.096239 -0.307392
v -0.355621 -0.074831 -0.314322
v -0.362624 -0.101271 -0.271038
v -0.355432 -0.126112 -0.297991
v -0.365194 -0.135131 -0.262643
v -0.358154 -0.142563 -0.235106
v -0.364840 -0.108678 -0.241269
v -0.337033 -0.146115 -0.229132
v -0.341454 -0.111618 -0.228484
v -0.315522 -0.147067 -0.226697
v -0.317201 -0.109524 -0.226125
v -0.319303 -0.082456 -0.221495
v -0.297013 -0.103212 -0.232534
v -0.295711 -0.145529 -0.231399
v -0.299712 -0.143205 -0.250545
v -0.298950 -0.095260 -0.249002
v -0.304076 -0.137568 -0.280676
v -0.304771 -0.088325 -0.274436
v -0.291299 -0.081090 -0.315033
v -0.259703 -0.020482 -0.372075
v -0.205112 0.044607 -0.428648
v -0.258196 0.038278 -0.373870
v -0.202537 0.106832 -0.425710
v -0.257209 0.101632 -0.373611
v -0.293564 0.091085 -0.310738
v -0.313959 0.073305 -0.245059
v -0.260284 0.154429 -0.374046
v -0.295531 0.147663 -0.309020
v -0.317311 0.140953 -0.246821
v -0.323317 0.135266 -0.187343
v -0.325191 0.064444 -0.185165
v -0.296119 0.189156 -0.305774
v -0.317284 0.182580 -0.245410
v -0.322534 0.178493 -0.189806
v -0.316325 0.208406 -0.243660
v -0.323071 0.207695 -0.192171
v -0.318683 0.205819 -0.134191
v -0.317694 0.175933 -0.129380
v -0.319215 0.130296 -0.124541
v -0.320275 0.060850 -0.121707
v -0.300104 0.173835 -0.056592
v -0.291916 0.125512 -0.056635
v -0.297547 0.059430 -0.051684
v -0.298758 -0.006158 -0.050422
v -0.253247 0.118596 0.015667
v -0.253613 0.055009 0.020241
v -0.257102 -0.007589 0.023261
v -0.255627 -0.063996 0.017311
v -0.300970 -0.063537 -0.055812
v -0.192113 0.043472 0.080619
v -0.193278 -0.016399 0.081604
v -0.192596 -0.069317 0.078316
v -0.200225 -0.122347 0.082547
v -0.263634 -0.119184 0.021029
v -0.123481 -0.079094 0.120741
v -0.131953 -0.128027 0.120530
v -0.137516 -0.178321 0.120402
v -0.202896 -0.176129 0.080138
v -0.206619 -0.230404 0.078645
v -0.265183 -0.230916 0.017448
v -0.264574 -0.175630 0.017322
v -0.139279 -0.226684 0.120273
v -0.141686 -0.278578 0.117559
v -0.210663 -0.286712 0.074974
v -0.075005 -0.265010 0.140687
v -0.213729 -0.348933 0.071919
v -0.265891 -0.288500 0.017077
v -0.149056 -0.341434 0.115077
v -0.150994 -0.409090 0.111324
v -0.082055 -0.330872 0.141348
v -0.084279 -0.402097 0.136425
v -0.085433 -0.472279 0.137662
v -0.017218 -0.321050 0.150159
v -0.018365 -0.396314 0.145758
v -0.018609 -0.466724 0.148490
v -0.018107 -0.534815 0.142682
v 0.046970 -0.391698 0.144970
v 0.047189 -0.461380 0.150547
v 0.044680 -0.528642 0.142694
v 0.042367 -0.593551 0.148481
v 0.109294 -0.455928 0.133283
v 0.105173 -0.522180 0.132675
v 0.099992 -0.586577 0.141204
v 0.088913 -0.653641 0.147269
v 0.170260 -0.515033 0.111112
v 0.163934 -0.582188 0.120616
v 0.151511 -0.648774 0.132423
v 0.133090 -0.718588 0.142886
v 0.227253 -0.577725 0.071771
v 0.220951 -0.643800 0.078673
v 0.214241 -0.709533 0.087850
v 0.212200 -0.775358 0.091259
v 0.279488 -0.570991 0.007958
v 0.228276 -0.511273 0.060699
v 0.278848 -0.506998 0.004534
v 0.233714 -0.446226 0.055656
v 0.280717 -0.443055 0.000312
v 0.237556 -0.382700 0.050323
v 0.281966 -0.380428 -0.005305
v 0.239618 -0.320833 0.047413
v 0.281634 -0.319315 -0.010260
v 0.238321 -0.260433 0.047102
v 0.280298 -0.259991 -0.011612
v 0.236370 -0.201305 0.045752
v 0.175672 -0.260139 0.100592
v 0.170573 -0.200314 0.101025
v 0.168617 -0.141539 0.103951
v 0.167854 -0.081804 0.101153
v 0.094796 -0.023555 0.128784
v 0.170795 -0.019194 0.095940
v 0.103817 0.049570 0.125423
v 0.176678 0.048969 0.087565
v 0.112717 0.121797 0.122408
v 0.182926 0.117795 0.082931
v 0.119752 0.171028 0.118298
v 0.037838 0.127001 0.141299
v 0.042932 0.175413 0.139161
v 0.047662 0.206442 0.138802
v -0.038234 0.182205 0.139010
v -0.036890 0.210954 0.137869
v -0.035843 0.232897 0.137163
v -0.123527 0.216700 0.117762
v -0.123681 0.237392 0.115506
v -0.123251 0.257113 0.112717
v -0.201825 0.241185 0.067797
v -0.202078 0.259994 0.064347
v -0.194401 0.267576 0.050999
v -0.262691 0.261258 -0.000923
v -0.250792 0.267373 -0.014019
v -0.236191 0.268143 -0.029267
v -0.285009 0.267623 -0.088440
v -0.300284 0.262330 -0.077566
v -0.301204 0.244947 -0.072090
v -0.262589 0.243265 0.004021
v -0.261351 0.223747 0.007925
v -0.300770 0.225421 -0.066746
v -0.200732 0.221385 0.070622
v -0.199734 0.200596 0.073219
v -0.260713 0.204144 0.011671
v -0.122978 0.191471 0.119640
v -0.120178 0.151782 0.120171
v -0.198429 0.163618 0.077993
v -0.039456 0.137820 0.142365
v -0.036102 0.062698 0.143263
v -0.115728 0.090762 0.118463
v 0.031952 0.049992 0.142374
v -0.193411 0.108519 0.076485
v -0.260495 0.170841 0.015752
v -0.300578 0.204962 -0.061426
v -0.318973 0.226746 -0.139303
v -0.321668 0.226510 -0.194560
v -0.314968 0.226667 -0.241992
v -0.297062 0.210163 -0.302990
v -0.297920 0.228731 -0.299200
v -0.295501 0.247327 -0.293336
v -0.264438 0.233841 -0.363485
v -0.263815 0.252512 -0.357841
v -0.252379 0.263406 -0.345469
v -0.286032 0.262371 -0.284097
v -0.238014 0.267033 -0.331092
v -0.268038 0.268160 -0.272181
v -0.219903 0.268162 -0.315264
v -0.248621 0.268268 -0.259109
v -0.263849 0.268219 -0.219745
v -0.224770 0.268279 -0.239988
v -0.239593 0.268322 -0.203719
v -0.212176 0.268278 -0.164791
v -0.192825 0.267716 -0.391127
v -0.204972 0.266595 -0.406705
v -0.213907 0.256803 -0.419055
v -0.212028 0.238606 -0.421485
v -0.262658 0.214668 -0.366952
v -0.210454 0.219215 -0.423883
v -0.261301 0.194572 -0.370116
v -0.209094 0.196308 -0.426174
v -0.207716 0.158596 -0.429035
v 0.107659 -0.259674 0.132613
v 0.111313 -0.321244 0.133026
v 0.046747 -0.320114 0.144650
v 0.176268 -0.321671 0.098454
v 0.172831 -0.385649 0.094778
v 0.110112 -0.388457 0.128860
v 0.172394 -0.450078 0.102088
v -0.304559 -0.118441 -0.050833
v -0.319070 -0.184608 -0.227319
v -0.325829 -0.210329 -0.209984
v -0.334966 -0.182492 -0.228842
v -0.338574 -0.207695 -0.212752
v -0.351803 -0.179298 -0.232867
v -0.352003 -0.206317 -0.219777
v -0.358578 -0.207949 -0.188985
v -0.344395 -0.208976 -0.184828
v -0.330262 -0.211192 -0.178799
v -0.350579 -0.205452 -0.160204
v -0.337765 -0.206048 -0.154088
v -0.354291 -0.165083 -0.157742
v -0.338020 -0.168671 -0.151854
v -0.359217 -0.116029 -0.159776
v -0.339326 -0.120558 -0.154529
v -0.363561 -0.078536 -0.165392
v -0.346052 -0.081567 -0.164047
v -0.367937 -0.058231 -0.181896
v -0.348447 -0.060130 -0.181686
v -0.381855 -0.073103 -0.161995
v -0.387566 -0.053998 -0.180595
v -0.378332 -0.109098 -0.155779
v -0.372160 -0.157864 -0.159783
v -0.365069 -0.195722 -0.159644
v -0.355057 -0.030974 -0.030168
v -0.328473 -0.030418 0.021782
v -0.322194 -0.004610 0.019768
v -0.293463 -0.028170 0.072299
v -0.287727 -0.004894 0.067610
v -0.286614 0.026573 0.067099
v -0.243063 -0.005937 0.106403
v -0.243372 0.024573 0.105409
v -0.243704 0.076114 0.104604
v -0.196258 0.024304 0.138046
v -0.197277 0.071898 0.135684
v -0.199533 0.140433 0.138043
v -0.150883 0.070152 0.162265
v -0.155286 0.138242 0.161300
v -0.159657 0.204807 0.161539
v -0.109655 0.137516 0.177870
v -0.114976 0.205612 0.173961
v -0.120596 0.259219 0.171482
v -0.060621 0.206632 0.187679
v -0.062824 0.263606 0.187744
v -0.060223 0.296981 0.187252
v 0.004316 0.263908 0.193553
v 0.011388 0.296748 0.190906
v 0.015058 0.321700 0.192584
v 0.067570 0.296126 0.189168
v 0.071904 0.322082 0.189841
v 0.072596 0.342373 0.195360
v 0.102186 0.314827 0.209338
v 0.101093 0.290305 0.201125
v 0.131409 0.289428 0.197621
v 0.134017 0.313756 0.207581
v 0.134078 0.299453 0.169264
v 0.131697 0.325384 0.179151
v 0.186023 0.303397 0.142271
v 0.186930 0.330516 0.151676
v 0.191285 0.356019 0.160742
v 0.243898 0.328459 0.112805
v 0.247312 0.354013 0.119435
v 0.258328 0.369496 0.138620
v 0.290032 0.330826 0.115604
v 0.299098 0.345188 0.123850
v 0.312961 0.356047 0.126557
v 0.270271 0.371290 0.156115
v 0.321055 0.365610 0.133060
v 0.327613 0.357801 0.092082
v 0.316136 0.346416 0.088988
v 0.337958 0.353111 0.027525
v 0.345966 0.359754 0.039476
v 0.331896 0.339743 0.016183
v 0.308633 0.332375 0.082079
v 0.301636 0.315292 0.072223
v 0.328270 0.320163 0.005687
v 0.283830 0.314099 0.107182
v 0.278145 0.288541 0.096238
v 0.295470 0.291153 0.059074
v 0.240595 0.298845 0.106271
v 0.238170 0.261692 0.106637
v 0.271932 0.256617 0.083890
v 0.188293 0.264535 0.138287
v 0.194040 0.205854 0.139206
v 0.235807 0.204730 0.106067
v 0.144721 0.260373 0.161101
v 0.151306 0.205062 0.160628
v 0.156090 0.134341 0.160733
v 0.197393 0.134350 0.138289
v 0.125250 0.254108 0.186979
v 0.119795 0.203976 0.176000
v 0.117078 0.134205 0.175975
v 0.114244 0.065395 0.179044
v 0.156361 0.064902 0.161940
v 0.086540 0.204171 0.186146
v 0.078188 0.134284 0.187815
v 0.072620 0.065724 0.191042
v 0.068456 0.022045 0.190861
v 0.110250 0.020774 0.178462
v 0.036850 0.134827 0.194138
v 0.031138 0.066363 0.196500
v 0.028188 0.021836 0.198501
v 0.026523 -0.001726 0.196116
v 0.065994 -0.000978 0.189728
v -0.011560 0.067313 0.195316
v -0.012508 0.020071 0.200361
v -0.012612 -0.003450 0.197711
v -0.056486 0.019810 0.194948
v -0.054800 -0.004574 0.194777
v -0.101871 0.021342 0.186163
v -0.099803 -0.006128 0.188335
v -0.147304 0.022665 0.164944
v -0.144993 -0.006140 0.168131
v -0.194968 -0.006031 0.140495
v -0.197983 -0.026155 0.149167
v -0.247891 -0.028094 0.113865
v -0.252119 -0.047672 0.120836
v -0.297365 -0.050759 0.076024
v -0.290764 -0.073339 0.070897
v -0.333377 -0.054844 0.023529
v -0.326916 -0.078106 0.018371
v -0.326985 -0.106923 0.017600
v -0.354690 -0.083368 -0.034756
v -0.354388 -0.115900 -0.036087
v -0.358668 -0.162976 -0.035166
v -0.370812 -0.125146 -0.082800
v -0.371082 -0.087436 -0.081406
v -0.360494 -0.056901 -0.030484
v -0.104989 0.069511 0.180187
v -0.057758 0.068637 0.189504
v -0.059316 0.136733 0.188049
v -0.008780 0.135661 0.194384
v -0.002745 0.206536 0.193924
v 0.046883 0.205293 0.191622
v 0.060467 0.260242 0.189435
v 0.098316 0.256839 0.189087
v 0.106533 -0.019314 0.183741
v 0.107864 -0.000701 0.178856
v 0.153898 -0.018709 0.166900
v 0.153644 -0.000593 0.162761
v 0.154262 0.019483 0.161268
v 0.198915 -0.001526 0.136507
v 0.198368 0.019276 0.135555
v 0.197147 0.064901 0.134472
v 0.242068 0.018854 0.105794
v 0.239855 0.064872 0.106266
v 0.237338 0.134152 0.107159
v 0.274260 0.064896 0.068098
v 0.270782 0.133655 0.070320
v 0.268274 0.203532 0.073765
v 0.302019 0.133212 0.030162
v 0.300422 0.203035 0.035192
v 0.297066 0.257645 0.044512
v 0.328689 0.201770 -0.011309
v 0.327705 0.258407 -0.009360
v 0.326787 0.294496 -0.004063
v 0.348728 0.252176 -0.059282
v 0.357085 0.290832 -0.064960
v 0.367966 0.319683 -0.063551
v 0.378520 0.283141 -0.092735
v 0.391730 0.309740 -0.092455
v 0.360926 0.291536 -0.122628
v 0.369701 0.323215 -0.119648
v 0.368023 0.295342 -0.175262
v 0.366086 0.253306 -0.176608
v 0.366757 0.254494 -0.226018
v 0.379132 0.291844 -0.225455
v 0.360291 0.250011 -0.125249
v 0.359871 0.196972 -0.130509
v 0.363778 0.198358 -0.178468
v 0.363804 0.246092 -0.090333
v 0.354557 0.197078 -0.090981
v 0.357511 0.130883 -0.092861
v 0.364041 0.130525 -0.135350
v 0.344896 0.198810 -0.053384
v 0.346816 0.131899 -0.052286
v 0.348669 0.065403 -0.055278
v 0.360495 0.065096 -0.096657
v 0.328082 0.132702 -0.012626
v 0.330575 0.065472 -0.014046
v 0.335649 0.016208 -0.015222
v 0.304941 0.065226 0.027616
v 0.310678 0.016208 0.027315
v 0.312394 -0.008395 0.025683
v 0.277128 0.017510 0.066396
v 0.279259 -0.006797 0.065636
v 0.285475 -0.024244 0.069092
v 0.242469 -0.003932 0.104429
v 0.246301 -0.021416 0.107133
v 0.253113 -0.034789 0.113857
v 0.201270 -0.019321 0.140457
v 0.205435 -0.033893 0.147260
v 0.204895 -0.050298 0.147112
v 0.155665 -0.033998 0.175277
v 0.153192 -0.051123 0.174870
v 0.147536 -0.066317 0.167553
v 0.365722 0.130689 -0.179342
v 0.362465 0.200041 -0.223509
v 0.362630 0.254709 -0.260363
v 0.352283 0.300721 -0.294780
v 0.376350 0.291943 -0.261291
v 0.365048 0.331412 -0.304421
v 0.335010 0.329775 -0.378708
v 0.376893 0.354976 -0.320755
v 0.394160 0.367968 -0.340129
v 0.354950 0.361920 -0.513169
v 0.312821 0.364861 -0.524392
v 0.324201 0.366893 -0.538094
v 0.336306 0.370628 -0.550169
v 0.284237 0.366575 -0.566793
v 0.298321 0.367254 -0.581091
v 0.308235 0.376399 -0.591849
v 0.249845 0.368128 -0.615778
v 0.260478 0.370903 -0.627786
v 0.260623 0.383827 -0.627974
v 0.216608 0.371140 -0.655643
v 0.219286 0.380499 -0.658583
v 0.217271 0.395866 -0.650434
v 0.182113 0.411022 -0.660785
v 0.207018 0.368321 -0.640897
v 0.170626 0.366420 -0.654863
v 0.196967 0.367437 -0.625479
v 0.170555 0.359860 -0.639041
v 0.121388 0.366723 -0.645723
v 0.122140 0.369201 -0.664509
v 0.236167 0.367862 -0.600799
v 0.268378 0.367432 -0.552580
v 0.254890 0.368282 -0.533888
v 0.301817 0.361495 -0.506926
v -0.305686 -0.472103 0.056183
v -0.265092 -0.465821 0.102826
v -0.278060 -0.399837 0.106230
v -0.262268 -0.532023 0.107996
v -0.228225 -0.527236 0.142738
v -0.307324 -0.537114 0.061517
v -0.307186 -0.599833 0.062804
v -0.261962 -0.595838 0.113552
v -0.316789 -0.663025 0.067784
v -0.189562 -0.243130 0.152254
v -0.138258 -0.232036 0.176411
v -0.133159 -0.174909 0.175352
v -0.088086 -0.219864 0.187584
v -0.091543 -0.169307 0.184227
v -0.090741 -0.121316 0.184721
v -0.093496 -0.282934 0.188247
v -0.099981 -0.351000 0.187355
v -0.050238 -0.345063 0.195450
v -0.232558 -0.523775 -0.488532
v -0.273037 -0.569365 -0.452853
v -0.179607 -0.469415 -0.516834
v -0.162274 -0.503952 -0.529508
v -0.219781 -0.558288 -0.505767
v -0.139748 -0.421152 -0.537253
v -0.124894 -0.455904 -0.555539
v -0.117762 -0.486052 -0.576456
v -0.157608 -0.531456 -0.549302
v -0.106132 -0.392324 -0.547679
v -0.100975 -0.427403 -0.568838
v -0.093773 -0.458302 -0.594167
v -0.083037 -0.487115 -0.610304
v -0.110749 -0.512155 -0.593408
v -0.070174 -0.414728 -0.566422
v -0.064526 -0.443398 -0.594502
v -0.054486 -0.471363 -0.614918
v -0.020552 -0.486045 -0.643723
v -0.051526 -0.493160 -0.639618
v -0.080474 -0.508080 -0.631367
v -0.085637 -0.521735 -0.662273
v -0.119442 -0.546325 -0.644226
v -0.114557 -0.532096 -0.616204
v -0.055473 -0.512350 -0.669341
v -0.064586 -0.532691 -0.705638
v -0.090951 -0.542769 -0.694321
v -0.027192 -0.506038 -0.675828
v -0.040672 -0.527822 -0.713520
v -0.046495 -0.568036 -0.738348
v -0.064185 -0.573693 -0.728732
v -0.001029 -0.507643 -0.680022
v -0.018388 -0.531222 -0.715506
v -0.027185 -0.566060 -0.738953
v -0.009242 -0.566536 -0.733171
v -0.005261 -0.624258 -0.754031
v -0.021751 -0.623081 -0.759107
v -0.040685 -0.623999 -0.756189
v 0.000442 -0.540586 -0.710177
v 0.021035 -0.520868 -0.679249
v 0.037843 -0.545550 -0.675590
v 0.052006 -0.541287 -0.639041
v 0.071979 -0.589150 -0.642731
v 0.053485 -0.584520 -0.677804
v 0.033598 -0.508475 -0.641128
v 0.065259 -0.539150 -0.612558
v 0.010515 -0.489361 -0.644328
v 0.082592 -0.536540 -0.592358
v 0.099778 -0.591777 -0.590042
v 0.081806 -0.592714 -0.612043
v 0.094215 -0.652406 -0.616378
v 0.077461 -0.644105 -0.650410
v 0.113553 -0.691914 -0.623988
v 0.093705 -0.688984 -0.654402
v 0.073154 -0.693226 -0.686459
v 0.060365 -0.638856 -0.685576
v 0.053399 -0.703298 -0.717638
v 0.073509 -0.742309 -0.664800
v 0.063573 -0.757355 -0.701674
v 0.045143 -0.768830 -0.734621
v 0.036042 -0.704411 -0.736812
v 0.033670 -0.766495 -0.760149
v 0.024934 -0.699972 -0.753985
v 0.019169 -0.761996 -0.779595
v 0.010768 -0.696624 -0.769104
v -0.001696 -0.759569 -0.791801
v -0.008840 -0.696050 -0.775240
v -0.028364 -0.759041 -0.792347
v -0.030077 -0.697151 -0.771606
v -0.055820 -0.756942 -0.780137
v -0.049956 -0.698092 -0.760749
v -0.058657 -0.625967 -0.747967
v -0.077501 -0.694155 -0.751104
v -0.077479 -0.628153 -0.735701
v -0.083492 -0.581585 -0.714291
v -0.114589 -0.593554 -0.696657
v -0.119735 -0.565271 -0.672325
v -0.160248 -0.624164 -0.663898
v -0.168247 -0.603938 -0.642479
v -0.167982 -0.587214 -0.616434
v -0.215634 -0.653851 -0.573393
v -0.205661 -0.632645 -0.554226
v -0.160703 -0.571603 -0.591889
v -0.206555 -0.608678 -0.538063
v -0.158160 -0.550570 -0.568469
v -0.214243 -0.584097 -0.522900
v -0.240070 -0.656823 -0.491229
v -0.249457 -0.632541 -0.481337
v -0.260631 -0.604900 -0.469554
v -0.291948 -0.655086 -0.444417
v -0.300522 -0.630698 -0.433483
v -0.310214 -0.595648 -0.415175
v -0.337133 -0.649015 -0.390557
v -0.343009 -0.609645 -0.375108
v -0.363492 -0.662510 -0.339975
v -0.364679 -0.614026 -0.325979
v -0.358633 -0.695987 -0.356752
v -0.329950 -0.673655 -0.402500
v -0.322648 -0.693018 -0.412531
v -0.351952 -0.718428 -0.369407
v -0.284941 -0.675317 -0.452771
v -0.315476 -0.709980 -0.423875
v -0.347445 -0.737072 -0.383509
v -0.368889 -0.770419 -0.346495
v -0.372799 -0.749238 -0.327369
v -0.390963 -0.814789 -0.309079
v -0.395258 -0.783024 -0.289652
v -0.087036 -0.750481 -0.758337
v -0.100536 -0.790169 -0.762352
v -0.135202 -0.774622 -0.738442
v -0.124675 -0.816206 -0.777912
v -0.157480 -0.802976 -0.754565
v -0.191681 -0.790978 -0.722167
v -0.173335 -0.757819 -0.708012
v -0.229974 -0.782836 -0.684836
v -0.216449 -0.747592 -0.664879
v -0.215975 -0.810407 -0.739934
v -0.249658 -0.802972 -0.704454
v -0.293707 -0.792546 -0.662378
v -0.265654 -0.824717 -0.718081
v -0.304739 -0.821637 -0.675141
v -0.348420 -0.817041 -0.635050
v -0.348684 -0.852847 -0.640296
v -0.389699 -0.847317 -0.595062
v -0.381497 -0.823210 -0.592705
v -0.347955 -0.880448 -0.645023
v -0.392856 -0.870032 -0.596752
v -0.355562 -0.900976 -0.658843
v -0.407759 -0.886723 -0.607470
v -0.443195 -0.885972 -0.565034
v -0.425338 -0.901127 -0.625115
v -0.456351 -0.902984 -0.576808
v -0.483683 -0.900840 -0.536964
v -0.472620 -0.921500 -0.585785
v -0.502933 -0.900279 -0.490540
v -0.515196 -0.894186 -0.465054
v -0.524170 -0.914997 -0.439678
v -0.510732 -0.895173 -0.445914
v -0.506920 -0.923840 -0.419674
v -0.494236 -0.904018 -0.424690
v -0.486979 -0.929911 -0.381693
v -0.472408 -0.911448 -0.387508
v -0.475147 -0.936184 -0.332760
v -0.509634 -0.940279 -0.373114
v -0.496104 -0.947337 -0.323638
v -0.473123 -0.945414 -0.259688
v -0.454264 -0.942955 -0.272185
v -0.452519 -0.947011 -0.182679
v -0.430262 -0.947087 -0.189467
v -0.415380 -0.936537 -0.194061
v -0.423663 -0.946775 -0.107315
v -0.406655 -0.941330 -0.110956
v -0.410476 -0.945429 -0.037624
v -0.393754 -0.940553 -0.041365
v -0.390998 -0.946338 0.022117
v -0.375566 -0.939611 0.016336
v -0.362018 -0.948666 0.076939
v -0.346894 -0.940381 0.067372
v -0.341446 -0.921691 0.063757
v -0.310756 -0.938633 0.114609
v -0.303144 -0.921984 0.107549
v -0.298890 -0.900794 0.105311
v -0.255073 -0.924341 0.137284
v -0.250359 -0.902997 0.134612
v -0.245360 -0.879630 0.135154
v -0.209279 -0.905150 0.163727
v -0.207945 -0.881595 0.164340
v -0.206474 -0.850889 0.166718
v -0.180539 -0.883243 0.180916
v -0.178655 -0.850843 0.182229
v -0.176276 -0.801009 0.182964
v -0.164030 -0.851554 0.200725
v -0.162319 -0.796685 0.202674
v -0.158765 -0.851742 0.219910
v -0.155336 -0.782915 0.225312
v -0.153145 -0.854399 0.234908
v -0.146420 -0.797762 0.235412
v -0.135688 -0.855749 0.236735
v -0.130059 -0.803392 0.236454
v -0.122289 -0.721527 0.235569
v -0.114524 -0.805746 0.230187
v -0.112311 -0.730782 0.226719
v -0.094849 -0.654866 0.219247
v -0.093072 -0.639279 0.229588
v -0.045118 -0.609250 0.221275
v -0.039211 -0.599742 0.234767
v -0.032902 -0.585193 0.240545
v 0.035524 -0.605156 0.238919
v 0.044489 -0.591461 0.238122
v 0.055764 -0.581442 0.233265
v -0.024640 -0.564975 0.238019
v 0.107588 -0.646352 0.233832
v 0.122268 -0.642634 0.230214
v 0.144446 -0.717044 0.222785
v 0.149494 -0.720937 0.205018
v 0.131766 -0.714429 0.233714
v 0.140319 -0.777393 0.235482
v 0.149459 -0.781206 0.219733
v 0.091288 -0.651459 0.234783
v 0.114322 -0.713362 0.235165
v 0.122669 -0.774984 0.238309
v 0.126514 -0.832921 0.239552
v 0.144012 -0.834145 0.235983
v 0.098781 -0.712940 0.231528
v 0.105524 -0.772785 0.235481
v 0.108160 -0.831382 0.236809
v 0.128434 -0.877840 0.238611
v 0.099141 -0.770816 0.219122
v 0.100508 -0.828801 0.220609
v 0.097417 -0.768625 0.199653
v 0.098560 -0.825525 0.199793
v 0.098346 -0.872652 0.199648
v 0.057580 -0.819335 0.187716
v 0.061149 -0.866737 0.186732
v 0.006506 -0.813946 0.188007
v 0.009012 -0.862671 0.187538
v -0.051830 -0.810111 0.185165
v -0.052607 -0.861134 0.184413
v -0.106203 -0.807323 0.193365
v -0.106636 -0.859791 0.194512
v -0.110685 -0.806479 0.212844
v -0.111611 -0.858285 0.214210
v -0.120168 -0.857097 0.230335
v -0.137754 -0.890566 0.236060
v -0.139550 -0.914902 0.236780
v -0.152113 -0.888827 0.232729
v -0.151567 -0.911621 0.234715
v -0.155215 -0.923789 0.243789
v -0.142434 -0.926691 0.250961
v -0.158190 -0.886821 0.218922
v -0.159130 -0.910197 0.221687
v -0.167025 -0.921700 0.231257
v -0.166214 -0.909540 0.203105
v -0.177936 -0.921175 0.213931
v -0.189624 -0.927434 0.232061
v -0.190383 -0.924687 0.193289
v -0.203151 -0.931039 0.210965
v -0.213423 -0.938462 0.228747
v -0.222585 -0.935860 0.248588
v -0.224782 -0.933529 0.185099
v -0.236773 -0.938965 0.202975
v -0.248323 -0.942089 0.220786
v -0.259941 -0.942016 0.237378
v -0.233175 -0.927712 0.266720
v -0.276186 -0.939848 0.167667
v -0.289337 -0.941895 0.183252
v -0.302841 -0.942917 0.199190
v -0.318829 -0.937532 0.218367
v -0.337928 -0.945411 0.139587
v -0.352662 -0.945753 0.153157
v -0.369624 -0.944884 0.169378
v -0.390906 -0.943191 0.190625
v -0.337328 -0.933903 0.242024
v -0.396684 -0.947599 0.098478
v -0.415197 -0.946348 0.110998
v -0.440872 -0.945796 0.129561
v -0.461608 -0.945736 0.145666
v -0.407695 -0.942188 0.207899
v -0.451135 -0.944702 0.048292
v -0.481810 -0.944638 0.064108
v -0.507343 -0.944443 0.078379
v -0.527428 -0.944471 0.090516
v -0.477868 -0.945919 0.159641
v -0.512973 -0.944344 -0.007411
v -0.542715 -0.943724 0.003902
v -0.565108 -0.943747 0.013005
v -0.590025 -0.944071 -0.067008
v -0.609516 -0.944302 -0.061399
v -0.583254 -0.943791 0.020590
v -0.543176 -0.944749 0.099735
v -0.565871 -0.944048 -0.074099
v -0.580658 -0.944803 -0.150172
v -0.604543 -0.944997 -0.145728
v -0.533081 -0.944477 -0.082721
v -0.547194 -0.945173 -0.157263
v -0.560703 -0.943912 -0.226510
v -0.591380 -0.942292 -0.221788
v -0.494898 -0.947129 -0.092212
v -0.507427 -0.946344 -0.167019
v -0.524631 -0.945683 -0.236133
v -0.477273 -0.946052 -0.175521
v -0.495902 -0.946779 -0.247322
v -0.467114 -0.946875 -0.098678
v -0.444557 -0.947553 -0.103188
v -0.451902 -0.946317 -0.027274
v -0.430720 -0.947557 -0.032771
v -0.428852 -0.946694 0.037785
v -0.409249 -0.947897 0.029429
v -0.379030 -0.949038 0.087485
v -0.323388 -0.944801 0.125873
v -0.263600 -0.937501 0.151062
v -0.214537 -0.922733 0.170721
v -0.181685 -0.907716 0.182720
v -0.164917 -0.885146 0.200722
v -0.478192 -0.947054 -0.019356
v -0.599406 -0.941628 -0.290956
v -0.618166 -0.941323 -0.291267
v -0.615332 -0.941201 -0.220084
v -0.634549 -0.942296 -0.292319
v -0.634192 -0.941153 -0.219574
v -0.625721 -0.945371 -0.141601
v -0.652434 -0.942579 -0.219196
v -0.643952 -0.946113 -0.138848
v -0.626452 -0.944855 -0.056883
v -0.660184 -0.950302 -0.136400
v -0.641806 -0.948240 -0.052037
v -0.613384 -0.946517 0.033763
v -0.599252 -0.944240 0.027545
v -0.571571 -0.947026 0.117605
v -0.557541 -0.945448 0.108840
v -0.514906 -0.947908 0.192215
v -0.503005 -0.946795 0.181393
v -0.490778 -0.946174 0.170430
v -0.441201 -0.943383 0.243535
v -0.431024 -0.942083 0.232150
v -0.420525 -0.941888 0.220629
v -0.369811 -0.934971 0.287431
v -0.361359 -0.934736 0.275383
v -0.350888 -0.934888 0.260328
v -0.303405 -0.939001 0.312306
v -0.263833 -0.926135 0.325387
v -0.241033 -0.910235 0.321785
v -0.216954 -0.902491 0.334558
v -0.218804 -0.900013 0.311740
v -0.222163 -0.911692 0.289455
v -0.212747 -0.916440 0.347208
v -0.207900 -0.931256 0.354286
v -0.377682 -0.938004 0.298559
v -0.385893 -0.943612 0.309572
v -0.450669 -0.946414 0.254111
v -0.456381 -0.959047 0.260708
v -0.391854 -0.955727 0.316293
v -0.521676 -0.960465 0.198341
v -0.522787 -0.978430 0.199486
v -0.457841 -0.975083 0.262794
v -0.578729 -0.960151 0.122069
v -0.579469 -0.978740 0.122608
v -0.574139 -0.993176 0.119339
v -0.517783 -0.992949 0.195449
v -0.623843 -0.959969 0.037999
v -0.624897 -0.979604 0.038428
v -0.618882 -0.992347 0.035909
v -0.644841 -0.991862 -0.052225
v -0.627953 -0.992023 -0.055776
v -0.601137 -0.992980 0.028728
v -0.559957 -0.993191 0.110949
v -0.652524 -0.979970 -0.050348
v -0.671126 -0.979299 -0.135156
v -0.659053 -0.991249 -0.136668
v -0.650397 -0.961475 -0.049920
v -0.669634 -0.962709 -0.135298
v -0.674835 -0.964222 -0.218177
v -0.673928 -0.982769 -0.217436
v -0.668503 -0.947480 -0.218695
v -0.666275 -0.951041 -0.294408
v -0.670181 -0.967329 -0.293351
v -0.651556 -0.945045 -0.293487
v -0.632972 -0.944116 -0.364553
v -0.647009 -0.949218 -0.368194
v -0.619048 -0.942641 -0.360760
v -0.606070 -0.942221 -0.356883
v -0.593277 -0.942317 -0.351953
v -0.563558 -0.939850 -0.401517
v -0.538325 -0.931546 -0.430179
v -0.524687 -0.936199 -0.405268
v -0.619018 -0.948818 -0.436697
v -0.627956 -0.961817 -0.437490
v -0.653781 -0.965346 -0.368918
v -0.628170 -0.979776 -0.434969
v -0.655749 -0.980805 -0.367799
v -0.669577 -0.985907 -0.292931
v -0.644539 -0.990839 -0.362558
v -0.659448 -0.998336 -0.291908
v -0.662443 -0.990724 -0.217171
v -0.642362 -1.000059 -0.288306
v -0.646173 -0.992664 -0.217300
v -0.642759 -0.991651 -0.139009
v -0.629182 -0.992826 -0.217483
v -0.625711 -0.991896 -0.142186
v -0.611189 -0.992437 -0.060902
v -0.606603 -0.991943 -0.145999
v -0.592808 -0.992467 -0.066726
v -0.567552 -0.992853 0.013932
v -0.584966 -0.992983 0.021538
v -0.529991 -0.992885 0.092878
v -0.545334 -0.993024 0.102084
v -0.480493 -0.992952 0.164720
v -0.493421 -0.993053 0.175261
v -0.506456 -0.993123 0.186171
v -0.434138 -0.993082 0.239697
v -0.446039 -0.992500 0.251506
v -0.456242 -0.989065 0.261339
v -0.383943 -0.992386 0.309249
v -0.391540 -0.986579 0.318165
v -0.392908 -0.971663 0.318631
v -0.331036 -0.983103 0.359476
v -0.330634 -0.968456 0.359436
v -0.329493 -0.953829 0.357920
v -0.290824 -0.966139 0.386101
v -0.286810 -0.950688 0.383388
v -0.264193 -0.966137 0.396654
v -0.259867 -0.952395 0.393570
v -0.244143 -0.967180 0.405163
v -0.240803 -0.955066 0.401353
v -0.225037 -0.969097 0.410451
v -0.222331 -0.957525 0.406713
v -0.207347 -0.970368 0.415567
v -0.205568 -0.957379 0.412002
v -0.190674 -0.970277 0.425462
v -0.189029 -0.954369 0.421343
v -0.184134 -0.948348 0.406649
v -0.167161 -0.953997 0.428644
v -0.163846 -0.946420 0.413482
v -0.137761 -0.956708 0.434036
v -0.137556 -0.946558 0.418317
v -0.137181 -0.943261 0.401022
v -0.104054 -0.952316 0.418158
v -0.103682 -0.947592 0.407986
v -0.102839 -0.944856 0.394480
v -0.135143 -0.941725 0.384621
v -0.102151 -0.943323 0.380075
v -0.133071 -0.936401 0.370013
v -0.101054 -0.940052 0.364505
v -0.130819 -0.929645 0.354353
v -0.099098 -0.936123 0.345089
v -0.128235 -0.924006 0.334380
v -0.148271 -0.920406 0.324461
v -0.127127 -0.921877 0.309276
v -0.147087 -0.920760 0.300360
v -0.126117 -0.929312 0.281958
v -0.145066 -0.925355 0.273438
v -0.097183 -0.934861 0.320551
v -0.097017 -0.938609 0.289824
v -0.045926 -0.943799 0.331845
v -0.044780 -0.944119 0.297309
v 0.017153 -0.939643 0.334674
v 0.017511 -0.941884 0.298119
v 0.014890 -0.940960 0.260323
v 0.078572 -0.938236 0.326927
v 0.082169 -0.938131 0.357467
v 0.136099 -0.944842 0.345256
v 0.121308 -0.943833 0.312901
v 0.016905 -0.938855 0.363187
v 0.016280 -0.939055 0.383986
v 0.083785 -0.939147 0.380960
v -0.047158 -0.943633 0.357840
v -0.048635 -0.943126 0.378337
v -0.050095 -0.942055 0.394258
v 0.015325 -0.940708 0.400440
v 0.014586 -0.943134 0.414231
v 0.084615 -0.940458 0.414550
v 0.084263 -0.940322 0.399387
v -0.051553 -0.941356 0.408667
v -0.053127 -0.941622 0.423863
v 0.013670 -0.946106 0.428804
v 0.013230 -0.951667 0.439425
v 0.085622 -0.948586 0.444787
v 0.084860 -0.941178 0.430058
v -0.055507 -0.946306 0.442415
v -0.056229 -0.960842 0.447780
v 0.012075 -0.963320 0.444502
v -0.104971 -0.961768 0.426958
v -0.106646 -0.973342 0.428524
v -0.056124 -0.977063 0.447384
v -0.138731 -0.973009 0.435876
v -0.139076 -0.991423 0.431037
v -0.105533 -0.984967 0.425048
v -0.168093 -0.970854 0.431930
v -0.167958 -0.988129 0.430953
v -0.165254 -0.993140 0.415908
v -0.139123 -0.993797 0.415213
v -0.190791 -0.986019 0.424109
v -0.186724 -0.993625 0.411603
v -0.182099 -0.992981 0.395004
v -0.162388 -0.993844 0.396978
v -0.207497 -0.983970 0.414508
v -0.204957 -0.991451 0.406264
v -0.225473 -0.983216 0.409029
v -0.223530 -0.991037 0.402227
v -0.244343 -0.982515 0.403857
v -0.241707 -0.991391 0.397380
v -0.264659 -0.982292 0.395558
v -0.262015 -0.992390 0.389612
v -0.255686 -0.993415 0.377161
v -0.288188 -0.991989 0.377365
v -0.280797 -0.993392 0.364062
v -0.272938 -0.993517 0.351320
v -0.264523 -0.993367 0.338736
v -0.316779 -0.992936 0.340631
v -0.308279 -0.993381 0.328189
v -0.298904 -0.993411 0.316241
v -0.287200 -0.993333 0.302840
v -0.253636 -0.993208 0.326023
v -0.363698 -0.993474 0.285454
v -0.352612 -0.993445 0.273192
v -0.338898 -0.993333 0.259420
v -0.320905 -0.993210 0.243839
v -0.271501 -0.993223 0.287837
v -0.410269 -0.993193 0.216217
v -0.394253 -0.993091 0.203131
v -0.372249 -0.992996 0.186276
v -0.338049 -0.992979 0.163675
v -0.294071 -0.993139 0.224436
v -0.445927 -0.992800 0.139005
v -0.419232 -0.992772 0.122176
v -0.372094 -0.992756 0.096726
v -0.313042 -0.992662 0.068593
v -0.285196 -0.992912 0.134937
v -0.455364 -0.992676 0.052607
v -0.399498 -0.992585 0.027302
v -0.332525 -0.992415 0.002004
v -0.264325 -0.992189 -0.019633
v -0.248826 -0.992495 0.045116
v -0.415278 -0.992324 -0.043057
v -0.344236 -0.992145 -0.064703
v -0.274919 -0.991986 -0.084436
v -0.280025 -0.991704 -0.147752
v -0.210680 -0.990562 -0.162980
v -0.206074 -0.991852 -0.102091
v -0.197239 -0.991901 -0.038158
v -0.351645 -0.992096 -0.131633
v -0.353612 -0.987049 -0.191278
v -0.281860 -0.986963 -0.202720
v -0.425276 -0.992046 -0.114165
v -0.428122 -0.990502 -0.178955
v -0.428540 -0.991771 -0.228888
v -0.353347 -0.992245 -0.237286
v -0.495152 -0.992159 -0.095325
v -0.501380 -0.991815 -0.165348
v -0.501886 -0.993378 -0.222252
v -0.500116 -1.001117 -0.268921
v -0.427665 -1.001351 -0.269389
v -0.551285 -0.991909 -0.155854
v -0.552584 -0.992478 -0.219447
v -0.549668 -1.001059 -0.273587
v -0.542464 -0.993159 -0.325120
v -0.494827 -0.989670 -0.316205
v -0.585123 -0.992742 -0.218249
v -0.581480 -1.001003 -0.277973
v -0.570946 -0.993305 -0.334214
v -0.554172 -0.993001 -0.396434
v -0.527554 -0.992997 -0.384368
v -0.605449 -1.000689 -0.281856
v -0.594759 -0.993464 -0.341985
v -0.575138 -0.992958 -0.406902
v -0.547935 -0.993283 -0.471817
v -0.528436 -0.993311 -0.459858
v -0.612041 -0.993551 -0.348734
v -0.590984 -0.992833 -0.415398
v -0.563516 -0.993176 -0.482153
v -0.524889 -0.993170 -0.543127
v -0.510731 -0.993324 -0.532852
v -0.606320 -0.992436 -0.422961
v -0.578508 -0.992585 -0.492022
v -0.539071 -0.992737 -0.553526
v -0.552927 -0.990333 -0.562898
v -0.508910 -0.989006 -0.621877
v -0.495665 -0.991919 -0.610949
v -0.481970 -0.992856 -0.600610
v -0.592481 -0.990273 -0.500751
v -0.621951 -0.990656 -0.430144
v -0.598653 -0.977170 -0.505507
v -0.556529 -0.977004 -0.565825
v -0.555885 -0.959181 -0.565525
v -0.516579 -0.960165 -0.625895
v -0.515912 -0.977728 -0.627161
v -0.597148 -0.958495 -0.506594
v -0.586256 -0.945139 -0.502083
v -0.547609 -0.946978 -0.559416
v -0.497636 -0.942334 -0.606468
v -0.509874 -0.947811 -0.618625
v -0.449809 -0.943405 -0.665941
v -0.460477 -0.946434 -0.679100
v -0.463523 -0.962968 -0.684884
v -0.397306 -0.949996 -0.737009
v -0.398280 -0.966537 -0.741616
v -0.397190 -0.984032 -0.742245
v -0.461606 -0.980856 -0.684915
v -0.388633 -0.992310 -0.733835
v -0.452844 -0.992201 -0.678084
v -0.376335 -0.993104 -0.720787
v -0.440739 -0.992776 -0.667431
v -0.364808 -0.993023 -0.707621
v -0.428279 -0.992868 -0.656072
v -0.352602 -0.992907 -0.691959
v -0.414433 -0.992930 -0.642651
v -0.467251 -0.993135 -0.589683
v -0.397151 -0.993000 -0.625222
v -0.449191 -0.993261 -0.575344
v -0.492375 -0.993405 -0.519860
v -0.426182 -0.993388 -0.555553
v -0.469385 -0.993492 -0.503906
v -0.503637 -0.993326 -0.445841
v -0.484253 -0.992965 -0.368527
v -0.415937 -0.993210 -0.356662
v -0.424393 -0.991907 -0.310528
v -0.342383 -0.993361 -0.361768
v -0.347905 -0.993869 -0.316154
v -0.351631 -1.000164 -0.277046
v -0.279504 -0.993641 -0.328332
v -0.280697 -1.000076 -0.285677
v -0.281716 -0.994227 -0.245660
v -0.213843 -0.997914 -0.296321
v -0.213478 -0.997206 -0.254831
v -0.212756 -0.987382 -0.213525
v -0.146879 -1.000004 -0.265156
v -0.145437 -0.987902 -0.224659
v -0.142975 -0.989365 -0.176677
v -0.078726 -0.991820 -0.234901
v -0.076237 -0.989045 -0.188733
v -0.072369 -0.991345 -0.131337
v -0.138793 -0.991666 -0.117700
v -0.066673 -0.991824 -0.068753
v -0.131980 -0.991849 -0.054559
v -0.058876 -0.992240 -0.005630
v -0.122454 -0.992171 0.008603
v -0.185628 -0.992171 0.025263
v -0.109422 -0.992895 0.073511
v -0.168941 -0.992640 0.090657
v -0.228374 -0.992762 0.110277
v -0.150603 -0.992340 0.156333
v -0.203085 -0.992858 0.175867
v -0.251539 -0.993088 0.198701
v -0.177757 -0.993023 0.236295
v -0.217071 -0.993144 0.251786
v -0.250028 -0.993172 0.270666
v -0.191850 -0.993073 0.285454
v -0.219692 -0.993071 0.296816
v -0.240307 -0.993096 0.311925
v -0.158816 -0.993207 0.280296
v -0.119577 -0.993731 0.273976
v -0.111311 -0.994112 0.310100
v -0.132114 -0.992959 0.219968
v -0.080422 -0.994057 0.206003
v -0.068653 -0.994658 0.265896
v -0.095081 -0.993218 0.139341
v -0.036405 -0.993999 0.125266
v -0.023016 -0.994927 0.193145
v -0.048712 -0.993230 0.058795
v 0.012361 -0.993288 0.046420
v 0.022445 -0.994512 0.112647
v 0.004355 -0.992215 -0.018210
v 0.067419 -0.992106 -0.028771
v 0.072244 -0.993166 0.035114
v -0.001465 -0.991748 -0.081093
v 0.064144 -0.991596 -0.091378
v 0.061400 -0.990862 -0.152432
v 0.130191 -0.990117 -0.159811
v 0.130819 -0.991098 -0.098830
v 0.130881 -0.991881 -0.036628
v -0.005958 -0.991093 -0.143124
v -0.009346 -0.988853 -0.198703
v 0.058745 -0.988841 -0.206088
v 0.056364 -0.998000 -0.250282
v 0.126529 -0.999542 -0.256277
v 0.128736 -0.989137 -0.212166
v -0.011888 -0.994843 -0.243356
v -0.014564 -0.999329 -0.285363
v 0.053302 -0.997411 -0.293605
v -0.080915 -0.999842 -0.275571
v -0.083869 -0.993651 -0.319202
v -0.018458 -0.993380 -0.329917
v -0.148708 -0.995231 -0.307547
v -0.152432 -0.993647 -0.357051
v -0.089118 -0.993477 -0.371476
v -0.215449 -0.993760 -0.342351
v -0.220568 -0.993704 -0.397955
v -0.160289 -0.993755 -0.417438
v -0.279796 -0.993511 -0.378124
v -0.286123 -0.993818 -0.436477
v -0.231870 -0.993873 -0.461658
v -0.254041 -0.993760 -0.529083
v -0.195094 -0.993732 -0.553371
v -0.174280 -0.993830 -0.483948
v -0.307497 -0.993824 -0.500195
v -0.343520 -0.993473 -0.560919
v -0.286099 -0.993366 -0.593839
v -0.315868 -0.992967 -0.642059
v -0.248624 -0.992851 -0.677144
v -0.222331 -0.993257 -0.621605
v -0.375360 -0.993160 -0.601387
v -0.336609 -0.992859 -0.670985
v -0.280587 -0.992866 -0.735826
v -0.267313 -0.992781 -0.712124
v -0.202882 -0.993201 -0.773591
v -0.191650 -0.993001 -0.747233
v -0.176289 -0.992971 -0.706602
v -0.115221 -0.993172 -0.771341
v -0.103307 -0.993173 -0.726751
v -0.085812 -0.993543 -0.660582
v -0.154540 -0.993373 -0.643845
v -0.067190 -0.993664 -0.588014
v -0.132101 -0.993802 -0.573256
v -0.050051 -0.993826 -0.517897
v -0.113324 -0.993880 -0.502699
v -0.035807 -0.993671 -0.449558
v -0.098760 -0.993742 -0.434909
v -0.024876 -0.993242 -0.384788
v 0.029263 -0.993732 -0.461737
v 0.040970 -0.993074 -0.396891
v 0.048745 -0.993041 -0.340112
v 0.109034 -0.993225 -0.407633
v 0.118044 -0.992573 -0.349049
v 0.123377 -0.995412 -0.300518
v 0.190184 -0.992457 -0.357332
v 0.196218 -0.993928 -0.306386
v 0.199510 -0.999297 -0.261301
v 0.272043 -0.993329 -0.312115
v 0.275482 -1.000116 -0.264050
v 0.276466 -0.987278 -0.217369
v 0.201070 -0.989199 -0.216047
v 0.275713 -0.989241 -0.163217
v 0.201489 -0.989595 -0.163533
v 0.271509 -0.989385 -0.101103
v 0.199567 -0.990025 -0.102491
v 0.263000 -0.989231 -0.039255
v 0.195463 -0.990818 -0.040642
v 0.250441 -0.991742 0.020106
v 0.190561 -0.992373 0.019734
v 0.131902 -0.992993 0.026311
v 0.189799 -0.994622 0.082554
v 0.135968 -0.994767 0.090885
v 0.080032 -0.994757 0.101243
v 0.146681 -0.996638 0.159383
v 0.092530 -0.996263 0.170590
v 0.035655 -0.995674 0.181537
v 0.109917 -0.996841 0.241458
v 0.050467 -0.996381 0.250624
v -0.010412 -0.995596 0.258428
v 0.062835 -0.996545 0.308061
v -0.001125 -0.995684 0.311108
v -0.060696 -0.994944 0.311333
v 0.004082 -0.995522 0.347675
v -0.056107 -0.995014 0.344479
v -0.106676 -0.994336 0.338685
v -0.053419 -0.994991 0.369436
v -0.104072 -0.994475 0.362977
v -0.052807 -0.994916 0.388827
v -0.102531 -0.994450 0.381775
v -0.136830 -0.994022 0.379153
v -0.102337 -0.993974 0.398188
v -0.138676 -0.994218 0.397067
v -0.103199 -0.991489 0.413487
v -0.053073 -0.994734 0.405319
v -0.053834 -0.994086 0.421091
v -0.055371 -0.990665 0.437051
v 0.008800 -0.989981 0.425214
v 0.009813 -0.985609 0.438006
v 0.011109 -0.976173 0.444601
v 0.082898 -0.996659 0.442746
v 0.084457 -0.981655 0.450682
v 0.085636 -0.964438 0.450001
v 0.162812 -0.981991 0.435185
v 0.163143 -0.965028 0.434579
v 0.163034 -0.950297 0.430478
v 0.241687 -0.963192 0.411671
v 0.239150 -0.949696 0.407061
v 0.232425 -0.946747 0.395151
v 0.161210 -0.944521 0.418601
v 0.224735 -0.946100 0.380494
v 0.157491 -0.944364 0.403005
v 0.215524 -0.945647 0.365660
v 0.153181 -0.944701 0.387661
v 0.197228 -0.944824 0.349427
v 0.148317 -0.945245 0.368019
v 0.174575 -0.945519 0.328122
v 0.225619 -0.943858 0.328538
v 0.196448 -0.942573 0.311136
v 0.149592 -0.944706 0.297761
v 0.243470 -0.943701 0.309474
v 0.210836 -0.940965 0.293915
v 0.255475 -0.931948 0.293843
v 0.220256 -0.934120 0.279611
v 0.259815 -0.912143 0.289733
v 0.225602 -0.916207 0.274338
v 0.201667 -0.916917 0.254944
v 0.231947 -0.894295 0.269356
v 0.212881 -0.895483 0.247422
v 0.205958 -0.900081 0.227130
v 0.192775 -0.920269 0.235279
v 0.202449 -0.905864 0.209999
v 0.189290 -0.923991 0.219185
v 0.221637 -0.882752 0.212974
v 0.217162 -0.889544 0.195205
v 0.210369 -0.894779 0.180307
v 0.237889 -0.872895 0.178759
v 0.225542 -0.871025 0.163798
v 0.194520 -0.886527 0.174883
v 0.180219 -0.878817 0.181071
v 0.167842 -0.875446 0.189317
v 0.157075 -0.835312 0.199427
v 0.157372 -0.875328 0.202450
v 0.150823 -0.834966 0.219334
v 0.150647 -0.876163 0.219254
v 0.144167 -0.877331 0.235035
v 0.155883 -0.784540 0.199539
v 0.268101 -0.853942 0.160734
v 0.247035 -0.847498 0.149931
v 0.273249 -0.854408 0.177007
v 0.305617 -0.852674 0.161351
v 0.242286 -0.866125 0.195541
v 0.247382 -0.857119 0.214282
v 0.279289 -0.853834 0.196575
v 0.228513 -0.875873 0.233588
v 0.244473 -0.872374 0.255854
v 0.262384 -0.853651 0.239270
v 0.307726 -0.851757 0.246564
v 0.288664 -0.852650 0.220695
v 0.329231 -0.859227 0.231901
v 0.317678 -0.862753 0.201820
v 0.314825 -0.858578 0.175181
v 0.343725 -0.868012 0.177933
v 0.348402 -0.871315 0.212448
v 0.362957 -0.882773 0.197906
v 0.361008 -0.872887 0.160357
v 0.346760 -0.864730 0.258240
v 0.362022 -0.877479 0.242380
v 0.377341 -0.887542 0.229527
v 0.392917 -0.894116 0.220743
v 0.385398 -0.883671 0.185838
v 0.368944 -0.890401 0.264972
v 0.384693 -0.897801 0.254259
v 0.398884 -0.904312 0.244691
v 0.413486 -0.912952 0.231983
v 0.410037 -0.899568 0.212822
v 0.384863 -0.911856 0.270362
v 0.369732 -0.906055 0.280997
v 0.353762 -0.880962 0.279455
v 0.354915 -0.898821 0.294435
v 0.337433 -0.874477 0.293816
v 0.336035 -0.893067 0.308459
v 0.312883 -0.893670 0.316321
v 0.285691 -0.901301 0.309979
v 0.282376 -0.921076 0.312177
v 0.272054 -0.938407 0.322483
v 0.252246 -0.943778 0.341100
v 0.329667 -0.857136 0.272789
v 0.408965 -0.878474 0.182176
v 0.436586 -0.923470 0.212289
v 0.483648 -0.937340 0.188096
v 0.475984 -0.927085 0.180626
v 0.530480 -0.937028 0.117495
v 0.516444 -0.921741 0.117049
v 0.554740 -0.931418 0.028696
v 0.577074 -0.939896 0.034573
v 0.590019 -0.912832 -0.052815
v 0.560461 -0.905979 -0.056915
v 0.543178 -0.941731 0.125380
v 0.555446 -0.944061 0.133752
v 0.595420 -0.941966 0.041897
v 0.493557 -0.943662 0.197076
v 0.504091 -0.946825 0.207385
v 0.513366 -0.949899 0.217256
v 0.566074 -0.947091 0.141715
v 0.468548 -0.947235 0.266179
v 0.469449 -0.961586 0.271316
v 0.517696 -0.962658 0.222934
v 0.438279 -0.961991 0.303549
v 0.435264 -0.977619 0.305331
v 0.467555 -0.977666 0.274609
v 0.407530 -0.965405 0.321683
v 0.407434 -0.978348 0.322750
v 0.379008 -0.962383 0.336167
v 0.383526 -0.977027 0.337664
v 0.346677 -0.957154 0.352750
v 0.352328 -0.974024 0.353437
v 0.358017 -0.989225 0.351684
v 0.358610 -0.994623 0.338604
v 0.308096 -0.974687 0.379450
v 0.311333 -0.990040 0.377122
v 0.308829 -0.996071 0.363280
v 0.242747 -0.992758 0.409358
v 0.239008 -0.996257 0.394364
v 0.233762 -0.996624 0.378510
v 0.228275 -0.996633 0.362700
v 0.158363 -0.996723 0.417278
v 0.154567 -0.997082 0.401676
v 0.150074 -0.997078 0.385465
v 0.144601 -0.997034 0.364333
v 0.218826 -0.996753 0.343107
v 0.078422 -0.996241 0.411138
v 0.076976 -0.996384 0.394896
v 0.074325 -0.996498 0.373635
v 0.070200 -0.996563 0.347208
v 0.137661 -0.997028 0.339401
v 0.008114 -0.993648 0.394384
v 0.006843 -0.994912 0.373960
v 0.008708 -0.992206 0.409991
v 0.080432 -0.996656 0.427315
v 0.162000 -0.995154 0.432033
v 0.242836 -0.979034 0.412460
v 0.304760 -0.957616 0.379494
v 0.126771 -0.996997 0.301197
v 0.191366 -0.997244 0.285908
v 0.207499 -0.997100 0.320715
v 0.255356 -0.997882 0.261396
v 0.279369 -0.997885 0.290603
v 0.304927 -0.998119 0.233204
v 0.333248 -0.997705 0.257294
v 0.344826 -0.998477 0.200634
v 0.369020 -0.997947 0.227346
v 0.384473 -0.997417 0.244227
v 0.420775 -0.998918 0.171657
v 0.440868 -0.998740 0.185623
v 0.460286 -0.998602 0.196598
v 0.496716 -0.998877 0.109940
v 0.517361 -0.998559 0.120199
v 0.532337 -0.998318 0.127415
v 0.475176 -0.998520 0.202662
v 0.546194 -0.998003 0.134438
v 0.488787 -0.998415 0.209762
v 0.559842 -0.997325 0.141230
v 0.502514 -0.998065 0.217795
v 0.452005 -0.996788 0.270313
v 0.513464 -0.992629 0.223822
v 0.464133 -0.991805 0.276518
v 0.517254 -0.978408 0.224573
v 0.569716 -0.989758 0.146143
v 0.572063 -0.974963 0.146719
v 0.571487 -0.959620 0.146131
v 0.621804 -0.967922 0.057199
v 0.620788 -0.951434 0.056066
v 0.609944 -0.943134 0.049618
v 0.643759 -0.940846 -0.038537
v 0.628853 -0.929274 -0.042866
v 0.611065 -0.922068 -0.048290
v 0.640231 -0.934201 -0.130222
v 0.620853 -0.929187 -0.133802
v 0.599190 -0.920345 -0.137098
v 0.629484 -0.939981 -0.220740
v 0.605722 -0.934985 -0.222106
v 0.582303 -0.923413 -0.227015
v 0.569468 -0.906331 -0.142099
v 0.601443 -0.933508 -0.309144
v 0.580197 -0.921849 -0.310516
v 0.558716 -0.901899 -0.310400
v 0.563778 -0.917740 -0.386057
v 0.542899 -0.895024 -0.379130
v 0.534774 -0.913285 -0.446668
v 0.511135 -0.888383 -0.426299
v 0.456759 -0.868270 -0.411938
v 0.432221 -0.858478 -0.424723
v 0.420163 -0.855374 -0.375625
v 0.442347 -0.859839 -0.368420
v 0.423717 -0.868444 -0.313107
v 0.441916 -0.875167 -0.312116
v 0.429103 -0.873102 -0.253409
v 0.444425 -0.882960 -0.251208
v 0.427469 -0.872536 -0.199114
v 0.443825 -0.881973 -0.198617
v 0.418002 -0.859322 -0.255204
v 0.416164 -0.856688 -0.205401
v 0.411058 -0.840377 -0.258254
v 0.411256 -0.835900 -0.214374
v 0.413956 -0.821458 -0.175403
v 0.408024 -0.811873 -0.225248
v 0.409500 -0.798754 -0.190591
v 0.408396 -0.779246 -0.158483
v 0.412986 -0.800726 -0.141405
v 0.406794 -0.759420 -0.127222
v 0.412751 -0.780142 -0.113422
v 0.406333 -0.746392 -0.095953
v 0.414043 -0.765446 -0.086237
v 0.432566 -0.778268 -0.076898
v 0.407620 -0.757885 -0.058867
v 0.425957 -0.767887 -0.050367
v 0.394976 -0.757351 -0.028713
v 0.410995 -0.767680 -0.021795
v 0.369319 -0.776763 0.012924
v 0.389984 -0.784797 0.013214
v 0.411456 -0.810865 0.054312
v 0.443378 -0.829262 0.036020
v 0.419918 -0.833432 0.081756
v 0.400503 -0.849641 0.119802
v 0.433720 -0.847888 0.108897
v 0.409932 -0.859641 0.149325
v 0.375300 -0.858445 0.124456
v 0.383573 -0.872700 0.150284
v 0.473671 -0.847647 0.002107
v 0.383610 -0.740614 -0.033057
v 0.356547 -0.754505 0.007158
v 0.376897 -0.719445 -0.035513
v 0.351365 -0.730620 0.008634
v 0.311737 -0.754107 0.058969
v 0.348724 -0.702930 0.010849
v 0.310321 -0.717412 0.064291
v 0.267309 -0.724187 0.111526
v 0.278297 -0.769449 0.104431
v 0.306013 -0.663261 0.067210
v 0.257577 -0.662441 0.116800
v 0.209148 -0.658300 0.160995
v 0.254164 -0.598943 0.117940
v 0.199777 -0.592339 0.158595
v 0.252416 -0.538878 0.115059
v 0.196552 -0.536034 0.154812
v 0.253041 -0.479125 0.112613
v 0.196338 -0.478725 0.150395
v 0.254218 -0.417171 0.110011
v 0.299562 -0.479537 0.063071
v 0.299495 -0.419195 0.058717
v 0.303258 -0.357911 0.054367
v 0.336652 -0.424019 0.003198
v 0.339415 -0.366670 0.000176
v 0.341096 -0.304690 -0.000529
v 0.373093 -0.375548 -0.042454
v 0.366937 -0.308499 -0.038225
v 0.371616 -0.248591 -0.031831
v 0.381753 -0.308827 -0.068446
v 0.376577 -0.246279 -0.065076
v 0.382639 -0.183001 -0.058172
v 0.382090 -0.248384 -0.092184
v 0.378209 -0.185939 -0.089333
v 0.367212 -0.128094 -0.089083
v 0.386122 -0.310951 -0.095047
v 0.376891 -0.377062 -0.076384
v 0.376749 -0.431855 -0.080291
v 0.361575 -0.429273 -0.046262
v 0.362351 -0.480264 -0.044901
v 0.375088 -0.481817 -0.081773
v 0.339453 -0.479717 0.008359
v 0.343045 -0.539386 0.011054
v 0.366078 -0.539507 -0.042438
v 0.301287 -0.540021 0.065991
v 0.301664 -0.601704 0.066328
v 0.345413 -0.600153 0.012628
v 0.346155 -0.657469 0.012974
v 0.370990 -0.651723 -0.039555
v 0.374451 -0.597589 -0.040102
v 0.383099 -0.649173 -0.082310
v 0.382446 -0.597393 -0.079801
v 0.377697 -0.541161 -0.080822
v 0.387165 -0.544166 -0.111359
v 0.385014 -0.486844 -0.109398
v 0.388377 -0.687621 -0.077268
v 0.373827 -0.692086 -0.037337
v 0.396726 -0.717051 -0.069668
v 0.399369 -0.740299 -0.065121
v 0.404376 -0.722307 -0.105511
v 0.403718 -0.734411 -0.138581
v 0.402315 -0.753457 -0.172932
v 0.404572 -0.769036 -0.203880
v 0.405391 -0.781300 -0.236527
v 0.401439 -0.734633 -0.247257
v 0.411631 -0.789443 -0.269471
v 0.409796 -0.743216 -0.278266
v 0.401301 -0.678454 -0.278952
v 0.398579 -0.670509 -0.248297
v 0.388003 -0.616721 -0.271182
v 0.391909 -0.611372 -0.246365
v 0.381945 -0.552998 -0.265098
v 0.387020 -0.550727 -0.242755
v 0.379194 -0.487191 -0.262193
v 0.371139 -0.486954 -0.292070
v 0.372090 -0.425164 -0.295374
v 0.379868 -0.427018 -0.269873
v 0.364814 -0.360536 -0.296849
v 0.373597 -0.362198 -0.277023
v 0.360758 -0.294658 -0.294756
v 0.349876 -0.358086 -0.327009
v 0.349309 -0.292881 -0.326628
v 0.347202 -0.235255 -0.323070
v 0.361090 -0.237410 -0.290011
v 0.328206 -0.291236 -0.369219
v 0.325902 -0.232516 -0.369029
v 0.297296 -0.288989 -0.421665
v 0.289198 -0.231408 -0.419843
v 0.283885 -0.172932 -0.419821
v 0.240742 -0.232714 -0.466651
v 0.238831 -0.177336 -0.468425
v 0.240436 -0.123882 -0.470366
v 0.245077 -0.288830 -0.464612
v 0.250040 -0.347870 -0.464292
v 0.195698 -0.347437 -0.502540
v 0.297965 -0.350465 -0.419193
v 0.296445 -0.411902 -0.418286
v 0.253264 -0.406617 -0.465658
v 0.332059 -0.354524 -0.371084
v 0.336522 -0.417773 -0.374970
v 0.331578 -0.479945 -0.378248
v 0.295476 -0.471326 -0.424918
v 0.353827 -0.422556 -0.327983
v 0.356198 -0.485148 -0.331537
v 0.292298 -0.528680 -0.438909
v 0.251910 -0.519617 -0.477642
v 0.253003 -0.464312 -0.468917
v 0.215992 -0.515203 -0.515041
v 0.204719 -0.462364 -0.503337
v 0.200361 -0.404991 -0.502234
v 0.156048 -0.464761 -0.533156
v 0.148259 -0.409331 -0.533249
v 0.115400 -0.470316 -0.562028
v 0.099383 -0.419461 -0.553650
v 0.173662 -0.517957 -0.545615
v 0.135858 -0.524190 -0.568268
v 0.104124 -0.532178 -0.578448
v 0.153731 -0.583884 -0.570608
v 0.124911 -0.589657 -0.581182
v 0.185273 -0.576846 -0.545887
v 0.213063 -0.622506 -0.564239
v 0.242546 -0.675216 -0.571783
v 0.223686 -0.568420 -0.521278
v 0.239747 -0.615735 -0.536732
v 0.261710 -0.668458 -0.547828
v 0.264240 -0.611502 -0.511141
v 0.281514 -0.659331 -0.524433
v 0.311343 -0.701800 -0.524896
v 0.251074 -0.570389 -0.489437
v 0.280066 -0.578599 -0.455372
v 0.408510 -0.817763 -0.263048
v 0.401088 -0.818988 -0.309882
v 0.400744 -0.838973 -0.310923
v 0.408761 -0.856729 -0.311452
v 0.399340 -0.845463 -0.379881
v 0.548101 -0.932328 -0.454275
v 0.579813 -0.937835 -0.389265
v 0.598772 -0.941081 -0.391315
v 0.564771 -0.940731 -0.462978
v 0.621162 -0.937492 -0.309045
v 0.639669 -0.940146 -0.310795
v 0.615886 -0.942906 -0.394717
v 0.648651 -0.940619 -0.219839
v 0.665511 -0.944163 -0.219625
v 0.653385 -0.942927 -0.311689
v 0.657169 -0.940614 -0.127314
v 0.663486 -0.957738 -0.125263
v 0.671433 -0.959418 -0.218570
v 0.649574 -0.958929 -0.036377
v 0.650182 -0.978942 -0.035152
v 0.664267 -0.975243 -0.124474
v 0.618186 -0.984783 0.057030
v 0.609290 -0.996256 0.054592
v 0.643906 -0.996409 -0.035779
v 0.627762 -0.999222 -0.038691
v 0.645593 -0.995418 -0.125761
v 0.661509 -0.991608 -0.124122
v 0.594329 -0.998384 0.049588
v 0.578819 -0.998950 0.044494
v 0.610784 -0.999031 -0.041781
v 0.592921 -0.998698 -0.045198
v 0.608602 -0.995722 -0.129863
v 0.626965 -0.995855 -0.127818
v 0.562330 -0.999084 0.038681
v 0.540088 -0.999185 0.030976
v 0.568157 -0.998247 -0.050959
v 0.536691 -0.997924 -0.057611
v 0.549908 -0.995603 -0.136531
v 0.583423 -0.995583 -0.132851
v 0.511538 -0.999204 0.020632
v 0.467732 -0.999159 0.006751
v 0.487581 -0.997563 -0.067854
v 0.472078 -0.999216 0.098143
v 0.435431 -0.999545 0.079344
v 0.377899 -0.999729 0.053423
v 0.403078 -0.999097 -0.012912
v 0.393095 -0.999245 0.147130
v 0.333100 -0.993008 -0.029497
v 0.346099 -0.990280 -0.093847
v 0.419415 -0.996777 -0.081915
v 0.313336 -0.999054 0.030747
v 0.352155 -0.990292 -0.158732
v 0.428103 -0.994437 -0.151102
v 0.497690 -0.995334 -0.142606
v 0.501469 -0.993651 -0.213687
v 0.553865 -0.993736 -0.213163
v 0.431096 -0.992835 -0.215337
v 0.431040 -1.000055 -0.273130
v 0.499549 -0.999068 -0.279933
v 0.354800 -0.989240 -0.216826
v 0.353711 -1.000145 -0.267663
v 0.349232 -0.993208 -0.319843
v 0.425367 -0.994197 -0.331693
v 0.412782 -0.994237 -0.395985
v 0.476480 -0.994510 -0.415107
v 0.491945 -0.994490 -0.346239
v 0.340019 -0.993782 -0.378578
v 0.326028 -0.994236 -0.441871
v 0.394581 -0.994139 -0.461716
v 0.264739 -0.992937 -0.366496
v 0.252963 -0.994084 -0.428295
v 0.237415 -0.994264 -0.492031
v 0.306898 -0.994149 -0.506530
v 0.179867 -0.993587 -0.417686
v 0.166084 -0.994239 -0.481366
v 0.149871 -0.993965 -0.546252
v 0.219391 -0.994143 -0.556265
v 0.096478 -0.993926 -0.471964
v 0.081401 -0.993806 -0.538375
v 0.065751 -0.993686 -0.606331
v 0.134119 -0.993876 -0.611423
v 0.014826 -0.993811 -0.529303
v -0.001303 -0.993629 -0.599395
v -0.017178 -0.993620 -0.670312
v 0.051721 -0.993707 -0.674700
v 0.040972 -0.993528 -0.740673
v 0.112532 -0.993761 -0.733984
v 0.120311 -0.993945 -0.675249
v -0.030705 -0.993385 -0.738042
v -0.039024 -0.993465 -0.784569
v 0.036061 -0.993716 -0.786000
v 0.033613 -0.993924 -0.814219
v 0.110036 -0.994147 -0.804063
v 0.109731 -0.993912 -0.776562
v -0.043965 -0.993676 -0.814121
v -0.048383 -0.993886 -0.838383
v 0.032317 -0.994131 -0.837727
v -0.122957 -0.993378 -0.800898
v -0.129711 -0.993633 -0.824411
v -0.134178 -0.993783 -0.843240
v -0.051267 -0.994022 -0.856554
v -0.211667 -0.993374 -0.795397
v -0.219029 -0.993260 -0.813079
v -0.226434 -0.992503 -0.830254
v -0.138466 -0.993230 -0.862194
v -0.291697 -0.992954 -0.753941
v -0.301654 -0.992889 -0.768957
v -0.312303 -0.992249 -0.784322
v -0.320818 -0.985734 -0.795398
v -0.231175 -0.984668 -0.840978
v -0.229805 -0.967913 -0.839070
v -0.140237 -0.964385 -0.874991
v -0.141204 -0.984065 -0.875107
v -0.320727 -0.970089 -0.793478
v -0.057735 -0.971880 -0.893325
v -0.058379 -0.989062 -0.893958
v -0.054452 -0.993912 -0.875617
v 0.030146 -0.994077 -0.890066
v 0.030677 -0.994988 -0.871765
v 0.031438 -0.994392 -0.854859
v 0.111417 -0.994063 -0.858426
v 0.111230 -0.994445 -0.843222
v 0.110875 -0.994354 -0.825433
v 0.183380 -0.994562 -0.820308
v 0.180394 -0.994114 -0.804521
v 0.178401 -0.993818 -0.783750
v 0.239117 -0.993598 -0.777526
v 0.236620 -0.993746 -0.758547
v 0.235960 -0.993845 -0.734870
v 0.178122 -0.993694 -0.757989
v 0.239575 -0.994013 -0.704921
v 0.180913 -0.993817 -0.720479
v 0.248749 -0.994218 -0.668304
v 0.189022 -0.994111 -0.671623
v 0.264366 -0.994387 -0.622874
v 0.202342 -0.994172 -0.616380
v 0.285433 -0.994338 -0.569041
v 0.316200 -0.994335 -0.634686
v 0.343073 -0.994292 -0.586099
v 0.371724 -0.994078 -0.525319
v 0.386810 -0.994054 -0.603540
v 0.423159 -0.993999 -0.545736
v 0.453097 -0.994133 -0.482454
v 0.452620 -0.993753 -0.560191
v 0.486686 -0.994071 -0.496996
v 0.515810 -0.994665 -0.429560
v 0.508591 -0.993979 -0.507901
v 0.540761 -0.994794 -0.440129
v 0.565246 -0.995048 -0.367273
v 0.537274 -0.994717 -0.358269
v 0.581531 -0.995526 -0.291677
v 0.549873 -0.997309 -0.286736
v 0.588058 -0.993624 -0.213152
v 0.606160 -0.994090 -0.295901
v 0.613822 -0.993956 -0.213445
v 0.624309 -0.993996 -0.299927
v 0.632701 -0.994677 -0.214351
v 0.641498 -0.994359 -0.304116
v 0.650860 -0.995087 -0.215389
v 0.656509 -0.993197 -0.307575
v 0.666729 -0.993786 -0.216562
v 0.663261 -0.977619 -0.309912
v 0.672604 -0.977371 -0.217753
v 0.662651 -0.958521 -0.311580
v 0.639239 -0.976473 -0.396412
v 0.637996 -0.959165 -0.397893
v 0.630262 -0.946404 -0.397516
v 0.609153 -0.955497 -0.477379
v 0.597347 -0.944180 -0.474704
v 0.579911 -0.942644 -0.468528
v 0.558768 -0.942059 -0.539240
v 0.539516 -0.942903 -0.530012
v 0.521779 -0.942957 -0.517364
v 0.502331 -0.944147 -0.581922
v 0.484774 -0.946100 -0.566752
v 0.457329 -0.943524 -0.637893
v 0.443124 -0.943302 -0.622926
v 0.409097 -0.944568 -0.680495
v 0.396252 -0.942779 -0.665190
v 0.383297 -0.938985 -0.646434
v 0.370456 -0.932022 -0.626773
v 0.317283 -0.919423 -0.649150
v 0.358605 -0.918876 -0.607661
v 0.306980 -0.904498 -0.631641
v 0.349958 -0.897993 -0.594597
v 0.388087 -0.874990 -0.565159
v 0.343114 -0.872111 -0.594320
v 0.372377 -0.845737 -0.573581
v 0.347930 -0.820881 -0.586873
v 0.303208 -0.883565 -0.620963
v 0.273490 -0.898060 -0.660848
v 0.268524 -0.878844 -0.644903
v 0.237995 -0.889583 -0.675746
v 0.235352 -0.872590 -0.652568
v 0.235334 -0.842347 -0.648162
v 0.242381 -0.806011 -0.637450
v 0.198419 -0.869175 -0.643667
v 0.200927 -0.830972 -0.629592
v 0.214063 -0.792348 -0.606545
v 0.227703 -0.753977 -0.590775
v 0.174153 -0.819843 -0.605314
v 0.164049 -0.863224 -0.628274
v 0.136310 -0.855092 -0.617601
v 0.145186 -0.804585 -0.599426
v 0.113694 -0.845803 -0.617787
v 0.118937 -0.793721 -0.605420
v 0.115133 -0.739070 -0.607440
v 0.090983 -0.736439 -0.633668
v 0.129254 -0.885834 -0.660604
v 0.105694 -0.881986 -0.656458
v 0.123869 -0.920115 -0.705443
v 0.100702 -0.910138 -0.705150
v 0.079284 -0.889153 -0.710021
v 0.077594 -0.930139 -0.755586
v 0.055095 -0.905043 -0.752472
v 0.043918 -0.871118 -0.755781
v 0.062932 -0.862261 -0.716364
v 0.038349 -0.826966 -0.759443
v 0.052734 -0.822152 -0.724647
v 0.027357 -0.866689 -0.791443
v 0.018444 -0.824783 -0.783928
v 0.040961 -0.898956 -0.798206
v 0.060058 -0.929722 -0.802108
v 0.051200 -0.924439 -0.833318
v 0.100771 -0.937850 -0.802729
v 0.101447 -0.937668 -0.830064
v 0.102113 -0.937741 -0.850956
v 0.043561 -0.923250 -0.854960
v 0.104637 -0.938544 -0.867431
v 0.034877 -0.925637 -0.871450
v 0.107978 -0.943631 -0.879620
v 0.029795 -0.936853 -0.884230
v -0.047480 -0.923208 -0.861547
v 0.029329 -0.950204 -0.892074
v -0.053969 -0.938417 -0.876086
v 0.029098 -0.965016 -0.895020
v -0.056213 -0.953976 -0.887761
v -0.138338 -0.943658 -0.867546
v 0.029464 -0.980701 -0.894243
v 0.111428 -0.970645 -0.884918
v 0.112661 -0.985240 -0.884284
v 0.112247 -0.992307 -0.873975
v 0.190895 -0.989914 -0.862919
v 0.189079 -0.993957 -0.850798
v 0.186650 -0.994843 -0.835647
v 0.249727 -0.991839 -0.819978
v 0.245771 -0.993647 -0.806378
v 0.241842 -0.993674 -0.791661
v 0.285482 -0.996091 -0.788509
v 0.281393 -0.994979 -0.774505
v 0.278116 -0.994211 -0.758985
v 0.314623 -0.995372 -0.772946
v 0.321335 -0.996320 -0.786476
v 0.345709 -0.995636 -0.770423
v 0.337502 -0.993653 -0.757243
v 0.290469 -0.996380 -0.802433
v 0.294755 -0.988910 -0.813338
v 0.325758 -0.989947 -0.795744
v 0.252441 -0.987005 -0.830257
v 0.251938 -0.974575 -0.830515
v 0.295200 -0.973688 -0.815762
v 0.190744 -0.973230 -0.867113
v 0.188115 -0.961073 -0.864927
v 0.248851 -0.961199 -0.827674
v 0.109861 -0.957647 -0.883730
v 0.183355 -0.946946 -0.858837
v 0.174815 -0.941947 -0.845074
v 0.235364 -0.948844 -0.810791
v 0.243887 -0.954022 -0.820990
v 0.280729 -0.942129 -0.791324
v 0.287984 -0.945534 -0.805359
v 0.293180 -0.955318 -0.813998
v 0.321170 -0.947869 -0.787612
v 0.325441 -0.959462 -0.795532
v 0.326673 -0.975161 -0.797931
v 0.350113 -0.962173 -0.779393
v 0.352131 -0.977061 -0.781519
v 0.351859 -0.991265 -0.780272
v 0.376531 -0.977852 -0.764951
v 0.376521 -0.991569 -0.763315
v 0.367963 -0.995055 -0.751264
v 0.399973 -0.992963 -0.739610
v 0.389744 -0.994261 -0.727495
v 0.377997 -0.994256 -0.715338
v 0.357747 -0.994255 -0.738513
v 0.365518 -0.994099 -0.703823
v 0.405916 -0.993637 -0.685320
v 0.393074 -0.993824 -0.673602
v 0.375634 -0.994017 -0.661241
v 0.350352 -0.993555 -0.691980
v 0.351898 -0.994172 -0.648499
v 0.328882 -0.993353 -0.680213
v 0.296247 -0.993680 -0.671093
v 0.413557 -0.993709 -0.617028
v 0.433446 -0.993378 -0.629268
v 0.472592 -0.993467 -0.571332
v 0.449732 -0.993155 -0.640673
v 0.490028 -0.993173 -0.581862
v 0.527440 -0.993895 -0.518442
v 0.505554 -0.992738 -0.591809
v 0.543773 -0.993849 -0.527911
v 0.577489 -0.994866 -0.457505
v 0.560901 -0.994907 -0.449560
v 0.605463 -0.995755 -0.381422
v 0.588169 -0.995437 -0.374938
v 0.594645 -0.994315 -0.466200
v 0.622817 -0.996057 -0.388232
v 0.609296 -0.989936 -0.474215
v 0.636639 -0.992333 -0.394011
v 0.612132 -0.973682 -0.476662
v 0.576024 -0.969940 -0.547599
v 0.572592 -0.951678 -0.546154
v 0.573936 -0.987518 -0.545941
v 0.529592 -0.984063 -0.606815
v 0.530390 -0.967096 -0.606644
v 0.560195 -0.993672 -0.537704
v 0.521450 -0.991843 -0.602188
v 0.478192 -0.992450 -0.663048
v 0.488269 -0.981130 -0.671000
v 0.464172 -0.993034 -0.651405
v 0.418705 -0.993222 -0.697977
v 0.430261 -0.992742 -0.708732
v 0.402453 -0.978859 -0.743735
v 0.434940 -0.978806 -0.713494
v 0.400142 -0.961566 -0.742147
v 0.434466 -0.961764 -0.713542
v 0.489566 -0.963057 -0.670685
v 0.429327 -0.948639 -0.707201
v 0.482705 -0.949801 -0.662801
v 0.526888 -0.951288 -0.603573
v 0.470298 -0.944901 -0.650594
v 0.517023 -0.943864 -0.594764
v 0.419522 -0.945259 -0.693821
v 0.393447 -0.948881 -0.735033
v 0.382694 -0.946502 -0.723637
v 0.371262 -0.945384 -0.710886
v 0.367584 -0.949898 -0.756843
v 0.374192 -0.961743 -0.763335
v 0.344753 -0.952188 -0.772096
v 0.273912 -0.941015 -0.777437
v 0.227842 -0.944020 -0.799999
v 0.220240 -0.940374 -0.787914
v 0.166776 -0.944205 -0.832122
v 0.159889 -0.945583 -0.817110
v 0.151349 -0.942829 -0.792773
v 0.211742 -0.935807 -0.771337
v 0.205716 -0.928898 -0.745610
v 0.150102 -0.936170 -0.759603
v 0.154833 -0.922527 -0.709448
v 0.199390 -0.911461 -0.711604
v 0.108047 -0.937241 -0.761078
v 0.195975 -0.893341 -0.673954
v 0.245623 -0.903710 -0.707000
v 0.156929 -0.891190 -0.666119
v 0.284539 -0.910660 -0.683470
v 0.223031 -0.997621 0.212690
v 0.196858 -0.996941 0.147267
v 0.168020 -0.997138 0.229021
v -0.389779 -0.940855 -0.723398
v -0.378968 -0.938556 -0.705625
v -0.440361 -0.939394 -0.652605
v -0.434358 -0.924059 -0.640237
v -0.371336 -0.929216 -0.690967
v -0.487478 -0.936410 -0.596205
v -0.364740 -0.916333 -0.675966
v -0.312618 -0.929937 -0.744149
v -0.627717 -0.993040 -0.355352
v -0.625358 -1.000321 -0.285312
v -0.609718 -0.992780 -0.217597
v -0.581680 -0.991938 -0.150102
v -0.541947 -0.992303 -0.082064
v -0.570302 -0.992390 -0.073776
v -0.520363 -0.992589 -0.005868
v -0.545859 -0.992704 0.004671
v -0.489453 -0.992714 0.069605
v -0.509784 -0.992769 0.081040
v -0.463824 -0.992858 0.151944
v -0.423193 -0.993223 0.228684
v -0.373948 -0.993210 0.296938
v -0.325954 -0.990925 0.352697
v -0.291959 -0.982577 0.384597
v -0.479928 -0.992476 -0.020862
v -0.108538 -0.740589 0.195002
v -0.109993 -0.737187 0.210637
v -0.096805 -0.663873 0.205409
v -0.048116 -0.612659 0.205391
v 0.023823 -0.609005 0.208192
v 0.028254 -0.609909 0.225379
v 0.075376 -0.651187 0.213282
v 0.078107 -0.654117 0.227981
v 0.095213 -0.710891 0.216380
v -0.051451 -0.752407 0.186144
v 0.004519 -0.759064 0.188311
v 0.055189 -0.764026 0.188452
v -0.185250 -0.816324 -0.776672
v 0.204844 0.068490 -0.492472
v 0.159706 0.022573 -0.519109
v 0.116333 -0.004022 -0.537139
v 0.075783 -0.023257 -0.550482
v -0.022948 -0.168118 -0.548237
v -0.015186 -0.216249 -0.536409
v -0.023333 -0.123217 -0.555684
v -0.020949 -0.176612 -0.529750
v -0.015012 -0.215700 -0.508304
v -0.015176 -0.216019 -0.522141
v 0.014486 -0.216884 -0.516109
v 0.013833 -0.217144 -0.531123
v -0.038432 -0.354638 -0.506167
v -0.352756 -0.867827 -0.149690
v -0.334738 -0.864345 -0.072774
v -0.338051 -0.890605 -0.076693
v -0.296410 -0.861636 0.007549
v -0.298032 -0.887161 0.004755
v -0.299267 -0.907560 0.002137
v -0.232034 -0.884722 0.077950
v -0.233680 -0.903319 0.074621
v -0.235305 -0.921613 0.071607
v -0.156103 -0.902471 0.131610
v -0.159336 -0.920419 0.128337
v -0.160703 -0.936744 0.121387
v -0.082081 -0.921235 0.160654
v -0.083940 -0.937142 0.155605
v -0.084942 -0.942615 0.138639
v -0.008655 -0.936022 0.167711
v -0.014643 -0.942363 0.155303
v -0.020757 -0.943739 0.137735
v 0.047937 -0.943430 0.157050
v 0.041417 -0.943680 0.138792
v 0.095400 -0.943700 0.126384
v 0.153698 -0.947306 0.086236
v 0.211076 -0.947921 0.024243
v 0.249647 -0.945882 -0.048700
v 0.230681 -0.945644 -0.068631
v 0.201863 -0.946035 -0.103861
v 0.117469 -0.948324 -0.123118
v 0.036125 -0.947897 -0.148709
v 0.009578 -0.942091 -0.196627
v 0.109485 0.010532 -0.483896
v 0.116006 0.077904 -0.481648
v 0.176453 0.081128 -0.446363
v 0.182151 0.142268 -0.449379
v 0.120234 0.141838 -0.481606
v 0.183936 0.191351 -0.448495
v 0.121054 0.189824 -0.480777
v 0.183234 0.221034 -0.447438
v 0.121052 0.219982 -0.480814
v 0.120124 0.237527 -0.481503
v 0.234245 0.190172 -0.396279
v 0.235346 0.218416 -0.393917
v 0.270758 0.188251 -0.341152
v 0.269304 0.215706 -0.339802
v 0.230885 0.143751 -0.395806
v 0.096942 0.268486 -0.238413
v 0.072216 0.268686 -0.291370
v 0.112213 0.268749 -0.265914
v 0.089644 0.269387 -0.312987
v 0.125443 0.269811 -0.289338
v 0.104931 0.272414 -0.332348
v 0.057642 0.268803 -0.343701
v 0.076187 0.270058 -0.358825
v 0.063464 0.288814 -0.347811
v 0.093129 0.288929 -0.318695
v 0.042259 0.299727 -0.330457
v 0.077437 0.301014 -0.300405
v 0.016739 0.306665 -0.309062
v 0.058211 0.306173 -0.278047
v -0.014467 0.307602 -0.278499
v 0.032864 0.307158 -0.247888
v -0.046116 0.307904 -0.238136
v 0.002658 0.307913 -0.208048
v -0.078208 0.307620 -0.189736
v -0.027486 0.308026 -0.160779
v -0.097607 0.307396 -0.274237
v -0.131229 0.308009 -0.224765
v -0.150285 0.306995 -0.313692
v -0.187610 0.307803 -0.260311
v -0.194699 0.306802 -0.345368
v -0.234799 0.307575 -0.283836
v -0.227758 0.306288 -0.366387
v -0.269644 0.307379 -0.296992
v -0.294619 0.307952 -0.223069
v -0.299136 0.309486 -0.305965
v -0.323453 0.309570 -0.222575
v -0.318990 0.309015 -0.134619
v -0.293535 0.308086 -0.142301
v -0.284977 0.308645 -0.047825
v -0.261236 0.308080 -0.063040
v -0.230675 0.307532 0.024090
v -0.208922 0.307960 0.002404
v -0.306582 0.312577 -0.034044
v -0.249011 0.307862 0.043239
v -0.172098 0.308985 0.096594
v -0.263722 0.319906 0.059875
v -0.182260 0.317235 0.116128
v -0.092031 0.315429 0.151399
v -0.187412 0.336079 0.128293
v -0.094588 0.334071 0.163879
v 0.002873 0.336947 0.170713
v -0.096829 0.352328 0.174733
v 0.004098 0.355650 0.182140
v 0.102789 0.354680 0.165882
v 0.004501 0.374050 0.192078
v 0.107248 0.372045 0.175524
v 0.202437 0.372604 0.138245
v 0.111872 0.387583 0.186229
v 0.208200 0.388127 0.145168
v 0.288394 0.394348 0.080433
v 0.212547 0.406867 0.150827
v 0.292265 0.412019 0.082456
v 0.352624 0.415048 -0.004705
v 0.349182 0.432052 -0.008574
v 0.384087 0.431105 -0.113807
v 0.291485 0.429397 0.080927
v 0.280137 0.436090 0.068909
v 0.211704 0.425251 0.148447
v 0.204053 0.436748 0.135786
v 0.114934 0.423091 0.192869
v 0.114893 0.404660 0.194110
v 0.004913 0.406277 0.216415
v 0.004961 0.388357 0.205393
v -0.100868 0.387882 0.193756
v -0.199724 0.388615 0.154427
v -0.099216 0.369740 0.185050
v -0.195287 0.372130 0.146047
v -0.284702 0.371620 0.089559
v -0.289602 0.387319 0.096728
v -0.191527 0.354396 0.137624
v -0.279040 0.355534 0.080845
v -0.341543 0.361044 -0.006241
v -0.349546 0.375854 0.001572
v -0.272464 0.338372 0.071527
v -0.333397 0.344907 -0.013723
v -0.371344 0.347848 -0.114323
v -0.374724 0.367800 -0.110717
v -0.322998 0.326997 -0.022668
v -0.360701 0.328273 -0.120004
v -0.366400 0.331852 -0.218398
v -0.378148 0.349884 -0.215078
v -0.342320 0.313968 -0.127001
v -0.348838 0.315824 -0.221489
v -0.325332 0.317984 -0.313042
v -0.343677 0.334968 -0.315703
v -0.296674 0.333026 -0.402858
v -0.309162 0.350367 -0.407673
v -0.356183 0.351419 -0.315966
v -0.280071 0.315242 -0.395467
v -0.218154 0.314833 -0.460955
v -0.233983 0.330342 -0.473583
v -0.255745 0.305150 -0.382315
v -0.245277 0.347500 -0.481532
v -0.156762 0.327994 -0.523164
v -0.165928 0.345247 -0.533809
v -0.174195 0.360464 -0.541740
v -0.254944 0.362046 -0.488077
v -0.089547 0.360174 -0.571712
v -0.096105 0.375451 -0.581306
v -0.182091 0.375228 -0.548540
v -0.010536 0.373552 -0.592450
v -0.014290 0.386543 -0.604510
v -0.102669 0.387034 -0.592118
v 0.073394 0.386489 -0.596050
v -0.319374 0.365675 -0.411362
v -0.366389 0.366501 -0.316413
v -0.392422 0.382570 -0.211249
v -0.386717 0.367557 -0.212890
v -0.383442 0.382106 -0.106261
v -0.396414 0.390718 -0.100469
v -0.356768 0.388617 0.008655
v -0.060210 0.307331 -0.316895
v 0.284294 0.266295 -0.247292
v 0.270959 0.267569 -0.197897
v 0.268149 0.267734 -0.245835
v 0.358738 -0.649207 -0.162746
v 0.357486 -0.656186 -0.195687
v 0.370566 -0.647340 -0.163638
v 0.369272 -0.652465 -0.197274
v 0.370839 -0.606150 -0.162192
v -0.398624 -0.716941 -0.465737
v -0.355095 -0.704238 -0.499495
v -0.377523 -0.633623 -0.220728
v -0.360322 0.308237 0.055005
v 0.472498 0.561308 -0.290041
v 0.460847 0.560806 -0.303869
v 0.444390 0.561124 -0.302324
v 0.427760 0.560793 -0.294633
v 0.448410 0.539089 -0.301451
v 0.433501 0.540678 -0.296955
v 0.419750 0.539999 -0.286330
v 0.416726 0.559214 -0.276283
v 0.450584 0.517919 -0.302827
v 0.438172 0.523413 -0.298328
v 0.444208 0.512666 -0.339103
v 0.416376 0.556761 -0.252290
v 0.417030 0.578553 -0.246527
v 0.416292 0.536065 -0.261823
v 0.418644 0.533437 -0.230667
v 0.418993 0.555915 -0.226561
v 0.420590 0.557136 -0.201309
v 0.419525 0.578956 -0.223408
v 0.420247 0.534614 -0.200679
v 0.426136 0.534560 -0.180931
v 0.424164 0.556967 -0.180712
v 0.439376 0.554897 -0.175979
v 0.440476 0.533392 -0.176393
v 0.455808 0.529998 -0.172261
v 0.455910 0.552390 -0.171922
v 0.439958 0.514663 -0.171033
v 0.453833 0.508455 -0.160735
v 0.472253 0.571626 -0.167826
v 0.455486 0.574187 -0.171103
v 0.481597 0.566974 -0.200076
v 0.480358 0.563292 -0.233259
v 0.480565 0.583805 -0.235937
v 0.477016 0.561932 -0.263567
v 0.479201 0.601379 -0.238663
v 0.461412 0.606108 -0.239729
v 0.440480 0.604428 -0.240937
v 0.441808 0.605398 -0.216147
v 0.419432 0.599785 -0.242425
v 0.421754 0.600973 -0.220090
v 0.180271 0.606193 -0.645559
v 0.172836 0.608575 -0.630545
v 0.163338 0.606909 -0.614147
v 0.153262 0.602468 -0.599117
v 0.149242 0.586456 -0.594059
v 0.124465 0.566481 -0.605177
v 0.148085 0.566084 -0.595035
v 0.171149 0.568142 -0.583491
v 0.193492 0.570677 -0.575721
v 0.145173 0.545738 -0.597380
v 0.170859 0.547485 -0.584508
v 0.194070 0.550824 -0.574802
v 0.213472 0.551856 -0.585765
v 0.213421 0.571499 -0.586195
v 0.170856 0.528038 -0.585175
v 0.196561 0.531431 -0.573926
v 0.214637 0.532030 -0.586101
v 0.225198 0.530980 -0.602435
v 0.225616 0.551693 -0.602945
v 0.232200 0.505046 -0.596114
v 0.234010 0.551743 -0.620309
v 0.235307 0.571257 -0.621699
v 0.226613 0.571075 -0.603578
v 0.215137 0.572226 -0.637860
v 0.217631 0.552332 -0.637169
v 0.190556 0.551829 -0.648884
v 0.187265 0.571555 -0.649743
v 0.156207 0.569456 -0.661555
v 0.184385 0.590470 -0.649895
v 0.119004 0.566960 -0.666353
v 0.111362 0.567065 -0.652728
v 0.105034 0.568533 -0.637663
v 0.104185 0.549646 -0.637627
v 0.099457 0.552543 -0.620013
v 0.106508 0.569679 -0.619392
v 0.100940 0.527333 -0.642203
v 0.070400 0.506877 -0.657233
v 0.118222 0.548425 -0.608356
v 0.314598 0.470738 0.069416
v 0.257871 0.471400 0.114096
v 0.194022 0.471590 0.154891
v 0.247279 0.470824 0.102624
v 0.186192 0.471662 0.142843
v 0.124215 0.472224 0.170173
v 0.130999 0.474435 0.184511
v 0.055032 0.471343 0.191121
v 0.118861 0.471658 0.155519
v 0.051041 0.471143 0.174518
v -0.019001 0.471438 0.184671
v 0.047608 0.470946 0.156394
v -0.018962 0.470980 0.166119
v -0.082216 0.470898 0.157728
v -0.085113 0.471753 0.176491
v -0.143408 0.471059 0.137891
v -0.149282 0.472482 0.155931
v -0.199109 0.471503 0.117230
v -0.206018 0.472110 0.135087
v -0.212451 0.473100 0.151474
v -0.260155 0.471024 0.101810
v -0.269020 0.472835 0.116845
v -0.309556 0.470677 0.057829
v -0.321833 0.471939 0.069541
v -0.330125 0.484692 0.078775
v -0.361016 0.472700 0.016021
v -0.370887 0.480546 0.022423
v -0.389246 0.470170 -0.045474
v -0.403550 0.473765 -0.039849
v -0.418860 0.471404 -0.111730
v -0.404264 0.470308 -0.112961
v -0.404596 0.470282 -0.174320
v -0.419751 0.471209 -0.171978
v -0.374475 0.470183 -0.052200
v -0.390467 0.470376 -0.116591
v -0.390301 0.470602 -0.175992
v -0.378352 0.471244 -0.237654
v -0.394388 0.471458 -0.238563
v -0.373445 0.470633 -0.120637
v -0.373535 0.470827 -0.176828
v -0.362420 0.471096 -0.236311
v -0.344029 0.471572 -0.292061
v -0.358429 0.472084 -0.296615
v -0.353830 0.470854 -0.178097
v -0.343526 0.470981 -0.233911
v -0.327013 0.471242 -0.288189
v -0.314007 0.471624 -0.344593
v -0.330114 0.471826 -0.349995
v -0.317867 0.470747 -0.231389
v -0.304520 0.470782 -0.283776
v -0.292781 0.470640 -0.337513
v -0.281567 0.470968 -0.389962
v -0.304047 0.471707 -0.399088
v -0.263468 0.470047 -0.276469
v -0.254887 0.469698 -0.326146
v -0.245909 0.470313 -0.375064
v -0.229724 0.470876 -0.424108
v -0.260421 0.471238 -0.441997
v -0.208935 0.470364 -0.313935
v -0.201013 0.470493 -0.356546
v -0.189798 0.470637 -0.401476
v -0.166583 0.470749 -0.449234
v -0.198232 0.471814 -0.475227
v -0.164990 0.470853 -0.343301
v -0.155537 0.470908 -0.383064
v -0.139142 0.470851 -0.428745
v -0.113135 0.471087 -0.475571
v -0.133674 0.470985 -0.496982
v -0.130369 0.472031 -0.370691
v -0.116712 0.471118 -0.415163
v -0.092060 0.471319 -0.458565
v -0.060813 0.471727 -0.496884
v -0.076121 0.471101 -0.516107
v -0.096833 0.471868 -0.404443
v -0.073028 0.472228 -0.446701
v -0.044427 0.473422 -0.480480
v -0.015431 0.474725 -0.498504
v -0.024579 0.471706 -0.519369
v -0.055479 0.479388 -0.436969
v -0.078386 0.476517 -0.396833
v -0.060547 0.494389 -0.393766
v -0.043524 0.497331 -0.432374
v -0.047610 0.513860 -0.391629
v -0.032349 0.513830 -0.430211
v -0.027945 0.521763 -0.388262
v -0.015105 0.518525 -0.424970
v 0.004537 0.510126 -0.458262
v 0.019566 0.498387 -0.475817
v 0.042504 0.485152 -0.475989
v 0.028298 0.483359 -0.484847
v 0.056556 0.474738 -0.487561
v 0.035048 0.473546 -0.500638
v 0.010880 0.473346 -0.504268
v 0.042739 0.471472 -0.521646
v 0.010307 0.471539 -0.525863
v 0.049706 0.470774 -0.542351
v 0.009756 0.470712 -0.547557
v -0.031657 0.470771 -0.540258
v 0.009622 0.470272 -0.566414
v -0.037038 0.470236 -0.559218
v -0.088427 0.470352 -0.537200
v -0.040687 0.469938 -0.576331
v -0.097647 0.469712 -0.557216
v -0.152712 0.470558 -0.520564
v -0.103510 0.469448 -0.574478
v -0.165790 0.469732 -0.541687
v -0.219521 0.475387 -0.495749
v -0.173917 0.469087 -0.557987
v -0.232157 0.473868 -0.512976
v -0.280357 0.471259 -0.455272
v -0.243114 0.471822 -0.526849
v -0.295385 0.471040 -0.465771
v -0.322155 0.471778 -0.406542
v -0.309532 0.470735 -0.473953
v -0.339606 0.471073 -0.411731
v -0.345914 0.471810 -0.354663
v -0.355952 0.471483 -0.416004
v -0.361081 0.473444 -0.356830
v -0.372967 0.473402 -0.300357
v -0.370944 0.481909 -0.357327
v -0.386508 0.478343 -0.302237
v -0.408730 0.472259 -0.239449
v -0.387643 0.488144 -0.298122
v -0.419565 0.479289 -0.237157
v -0.323137 0.471485 -0.482128
v -0.253614 0.471367 -0.539193
v -0.188199 0.471406 -0.587472
v -0.181326 0.468560 -0.573317
v -0.111997 0.470110 -0.606490
v -0.113669 0.476971 -0.620758
v -0.108408 0.469385 -0.590245
v -0.045407 0.470092 -0.606821
v -0.047199 0.471325 -0.622168
v -0.042939 0.469831 -0.591284
v 0.009548 0.469670 -0.597153
v 0.010353 0.469841 -0.611745
v 0.009569 0.469963 -0.582302
v 0.059767 0.469854 -0.575978
v 0.063845 0.469229 -0.590593
v 0.055330 0.470320 -0.560585
v 0.099596 0.470324 -0.541371
v 0.108104 0.470018 -0.555849
v 0.087685 0.470709 -0.523683
v 0.122026 0.470341 -0.491780
v 0.141586 0.470121 -0.510540
v 0.072770 0.471426 -0.504927
v 0.098614 0.470758 -0.474744
v 0.117072 0.470909 -0.433483
v 0.147792 0.470243 -0.449116
v 0.075014 0.473153 -0.463197
v 0.090027 0.472048 -0.424588
v 0.053304 0.483224 -0.456039
v 0.062989 0.479790 -0.420264
v 0.042391 0.500249 -0.385291
v 0.018846 0.514241 -0.385055
v 0.018210 0.516590 -0.357033
v 0.042781 0.503316 -0.356499
v 0.020204 0.518475 -0.334774
v 0.043054 0.506802 -0.333784
v -0.008821 0.520449 -0.355139
v -0.005604 0.519642 -0.385252
v -0.033032 0.523157 -0.356208
v -0.052972 0.512802 -0.358602
v -0.068642 0.493231 -0.356486
v -0.091958 0.486179 -0.358367
v -0.112871 0.479784 -0.364124
v 0.164456 0.470532 -0.404158
v 0.204027 0.470061 -0.423448
v 0.177895 0.469968 -0.471052
v 0.233744 0.469885 -0.440960
v 0.197883 0.469757 -0.489945
v 0.154708 0.469943 -0.526447
v 0.210780 0.469577 -0.505294
v 0.164056 0.469814 -0.539766
v 0.115886 0.469491 -0.569340
v 0.172454 0.469952 -0.552587
v 0.122980 0.469287 -0.582211
v 0.067545 0.468736 -0.604237
v 0.129178 0.470191 -0.595207
v 0.071216 0.471686 -0.617757
v 0.010952 0.471647 -0.626464
v 0.075454 0.481149 -0.627698
v 0.010191 0.481564 -0.633984
v -0.048718 0.479165 -0.631563
v 0.133783 0.478593 -0.605874
v 0.179067 0.472507 -0.566326
v 0.230486 0.470627 -0.531743
v 0.220661 0.469605 -0.519143
v 0.268724 0.469710 -0.468501
v 0.283097 0.470251 -0.476215
v 0.254307 0.469789 -0.455178
v 0.282399 0.470144 -0.404091
v 0.301985 0.470435 -0.413614
v 0.255267 0.469909 -0.391537
v 0.268723 0.469881 -0.343013
v 0.303298 0.470071 -0.353431
v 0.218048 0.470096 -0.375751
v 0.222998 0.470062 -0.331445
v 0.222773 0.470068 -0.288375
v 0.275448 0.470149 -0.293604
v 0.174816 0.470551 -0.363591
v 0.180603 0.470274 -0.324760
v 0.183278 0.470133 -0.286462
v 0.150187 0.470542 -0.285945
v 0.149409 0.470393 -0.250476
v 0.181958 0.470051 -0.248180
v 0.220793 0.470047 -0.246415
v 0.274033 0.470246 -0.245386
v 0.176687 0.469956 -0.212978
v 0.215191 0.469964 -0.207344
v 0.268712 0.470117 -0.199714
v 0.320258 0.470437 -0.192314
v 0.323941 0.470594 -0.245450
v 0.205932 0.469897 -0.171386
v 0.257119 0.469921 -0.156155
v 0.307905 0.470277 -0.140860
v 0.336922 0.470809 -0.131918
v 0.350929 0.470577 -0.187406
v 0.240562 0.469791 -0.113788
v 0.287208 0.470141 -0.090187
v 0.314646 0.470711 -0.075795
v 0.333396 0.471034 -0.065917
v 0.357757 0.471024 -0.124619
v 0.261885 0.470161 -0.044430
v 0.289145 0.470634 -0.024824
v 0.307017 0.470934 -0.011358
v 0.321830 0.471373 0.000237
v 0.349913 0.471352 -0.056723
v 0.256556 0.470843 0.019035
v 0.273522 0.470865 0.034509
v 0.287144 0.470735 0.046731
v 0.301882 0.470142 0.058849
v 0.337038 0.472349 0.010403
v 0.224877 0.471022 0.076384
v 0.236035 0.471015 0.090300
v 0.169672 0.471479 0.112844
v 0.178416 0.471643 0.128620
v 0.111742 0.471337 0.138411
v 0.159105 0.471181 0.093197
v 0.104501 0.471099 0.118095
v 0.043368 0.470750 0.133303
v 0.092541 0.470796 0.087474
v 0.037298 0.470517 0.101896
v -0.019040 0.470206 0.107707
v -0.018626 0.470545 0.141603
v -0.074436 0.470170 0.103651
v -0.078150 0.470450 0.134994
v -0.130459 0.470014 0.090043
v -0.138175 0.470325 0.117459
v -0.180481 0.470077 0.071825
v -0.190951 0.470565 0.097583
v -0.226368 0.470377 0.046910
v -0.239723 0.470577 0.068819
v -0.250739 0.470718 0.086253
v -0.283469 0.470417 0.030932
v -0.296683 0.470385 0.044897
v -0.318200 0.470421 -0.014100
v -0.333177 0.470447 -0.002657
v -0.347087 0.470923 0.007174
v -0.359871 0.470449 -0.059277
v -0.342188 0.470610 -0.067133
v -0.353364 0.470785 -0.123915
v -0.319199 0.470634 -0.076463
v -0.328132 0.470725 -0.128168
v -0.326648 0.470720 -0.179294
v -0.288436 0.470514 -0.133481
v -0.282884 0.470398 -0.180602
v -0.273788 0.470278 -0.227904
v -0.231177 0.470363 -0.181628
v -0.224698 0.470316 -0.225171
v -0.216995 0.470320 -0.269790
v -0.188031 0.470683 -0.223927
v -0.181744 0.470662 -0.266096
v -0.173513 0.470690 -0.305968
v -0.156834 0.471451 -0.223504
v -0.192707 0.470748 -0.182661
v -0.160865 0.471622 -0.183997
v -0.196401 0.470869 -0.139617
v -0.237524 0.470500 -0.138143
v -0.299281 0.470507 -0.027730
v -0.267174 0.470496 0.013463
v -0.208526 0.470406 0.014653
v -0.166172 0.469982 0.033618
v -0.120288 0.470142 0.047565
v -0.070485 0.470418 0.056444
v -0.067241 0.470388 -0.002209
v -0.021037 0.470482 0.058130
v -0.025403 0.470749 -0.001156
v -0.030541 0.471795 -0.046537
v -0.066502 0.471715 -0.050856
v -0.032956 0.477379 -0.080562
v -0.066029 0.476756 -0.087952
v -0.033426 0.497740 -0.106375
v -0.063639 0.493124 -0.114796
v -0.028834 0.513774 -0.133060
v -0.005686 0.477938 -0.077780
v 0.001709 0.471807 -0.048216
v 0.033112 0.471106 -0.056743
v 0.019823 0.474763 -0.086540
v 0.064836 0.470612 -0.073230
v 0.087066 0.470401 -0.033547
v 0.120608 0.470311 -0.053927
v 0.092984 0.470552 -0.090950
v 0.050303 0.470534 -0.016567
v 0.072943 0.470549 0.037938
v 0.116768 0.470565 0.017758
v 0.013232 0.470724 -0.005784
v 0.026817 0.470457 0.052115
v 0.143362 0.470845 0.064389
v 0.190231 0.471078 0.033310
v 0.157217 0.470378 -0.008084
v 0.230581 0.470644 -0.003925
v 0.191768 0.470120 -0.038681
v 0.149225 0.470168 -0.077151
v 0.218958 0.469893 -0.074545
v 0.174079 0.470041 -0.105717
v 0.139321 0.470234 -0.129653
v 0.117491 0.470402 -0.108104
v 0.117825 0.472163 -0.146626
v 0.156651 0.470059 -0.154904
v 0.131645 0.471295 -0.164544
v 0.115698 0.484219 -0.172833
v 0.109041 0.490280 -0.155892
v 0.113670 0.502981 -0.181225
v 0.106420 0.509898 -0.167272
v 0.108186 0.520320 -0.192837
v 0.104031 0.526036 -0.180278
v 0.091776 0.527178 -0.177908
v 0.104124 0.545017 -0.188910
v 0.094013 0.546402 -0.185465
v 0.080351 0.545643 -0.189143
v 0.076815 0.526652 -0.181782
v 0.095932 0.567900 -0.191523
v 0.082833 0.567509 -0.193981
v 0.069862 0.567525 -0.198511
v 0.084854 0.594403 -0.190476
v 0.072201 0.595767 -0.196932
v 0.064712 0.598104 -0.208592
v 0.064790 0.567030 -0.209039
v 0.071585 0.624864 -0.187716
v 0.065081 0.630870 -0.200291
v 0.084332 0.623165 -0.180254
v 0.098272 0.593813 -0.188220
v 0.097258 0.625925 -0.181913
v 0.093631 0.649476 -0.175548
v 0.108045 0.632092 -0.194033
v 0.102674 0.657663 -0.187097
v 0.100749 0.677219 -0.178601
v 0.092750 0.668297 -0.163765
v 0.092313 0.685583 -0.154903
v 0.099200 0.694115 -0.172375
v 0.097561 0.709598 -0.168066
v 0.092148 0.702551 -0.149842
v 0.106156 0.687189 -0.195262
v 0.104146 0.703588 -0.190476
v 0.101823 0.718406 -0.186113
v 0.098236 0.731964 -0.181715
v 0.095129 0.724504 -0.164897
v 0.107387 0.712780 -0.210084
v 0.106168 0.728307 -0.204739
v 0.102141 0.741890 -0.198864
v 0.109946 0.720960 -0.230105
v 0.109354 0.695702 -0.214843
v 0.112193 0.701856 -0.235162
v 0.115627 0.704771 -0.255497
v 0.111841 0.726086 -0.249718
v 0.118668 0.704969 -0.276064
v 0.113665 0.728742 -0.269745
v 0.118628 0.704629 -0.295510
v 0.112679 0.731281 -0.288260
v 0.110104 0.751461 -0.283436
v 0.105957 0.732391 -0.301521
v 0.104328 0.752348 -0.298323
v 0.091623 0.730313 -0.301171
v 0.088905 0.751415 -0.297946
v 0.077633 0.727120 -0.293890
v 0.074413 0.749190 -0.289424
v 0.072414 0.723961 -0.278656
v 0.071945 0.746001 -0.273526
v 0.073029 0.765308 -0.268966
v 0.069978 0.742137 -0.255844
v 0.070209 0.761916 -0.250641
v 0.078443 0.776820 -0.246211
v 0.081820 0.778134 -0.264718
v 0.066566 0.757327 -0.233756
v 0.071346 0.776774 -0.228263
v 0.064913 0.748523 -0.216731
v 0.069365 0.765550 -0.209067
v 0.064918 0.736969 -0.200474
v 0.064653 0.730319 -0.223065
v 0.063957 0.721415 -0.204826
v 0.063364 0.711975 -0.184565
v 0.064432 0.727318 -0.181490
v 0.062792 0.703750 -0.164169
v 0.063837 0.720705 -0.162679
v 0.065047 0.699533 -0.144372
v 0.065750 0.716897 -0.144014
v 0.066631 0.731876 -0.144601
v 0.079451 0.716192 -0.136135
v 0.078762 0.730815 -0.136878
v 0.077498 0.745610 -0.137829
v 0.088832 0.732971 -0.145017
v 0.090839 0.718661 -0.147057
v 0.080267 0.699037 -0.136757
v 0.063115 0.696227 -0.188844
v 0.064121 0.705039 -0.208876
v 0.063993 0.687786 -0.214015
v 0.063189 0.680772 -0.194944
v 0.065385 0.711781 -0.227639
v 0.065457 0.692703 -0.231671
v 0.067410 0.716731 -0.244632
v 0.067440 0.695585 -0.248361
v 0.066730 0.671366 -0.249512
v 0.061853 0.645445 -0.245806
v 0.069676 0.696948 -0.265346
v 0.069842 0.720638 -0.261584
v 0.072549 0.697947 -0.281949
v 0.078587 0.699465 -0.298665
v 0.087813 0.702659 -0.312054
v 0.088336 0.663948 -0.305218
v 0.082572 0.631145 -0.290389
v 0.108948 0.703928 -0.313491
v 0.106139 0.663494 -0.308238
v 0.097109 0.627569 -0.292548
v 0.090132 0.599512 -0.281867
v 0.076795 0.601023 -0.278692
v 0.120084 0.667827 -0.295308
v 0.109782 0.630646 -0.282605
v 0.102696 0.597955 -0.276513
v 0.101595 0.569729 -0.281219
v 0.084860 0.571268 -0.286161
v 0.115858 0.634693 -0.268110
v 0.110446 0.597173 -0.264051
v 0.111179 0.567180 -0.268470
v 0.111437 0.546035 -0.273578
v 0.112176 0.596868 -0.249270
v 0.111799 0.563950 -0.252160
v 0.112033 0.540113 -0.255045
v 0.110871 0.562714 -0.236848
v 0.110820 0.536341 -0.235130
v 0.111999 0.516224 -0.232298
v 0.116585 0.496118 -0.227842
v 0.109206 0.537661 -0.216877
v 0.110159 0.516290 -0.209652
v 0.115417 0.497024 -0.201917
v 0.118669 0.477794 -0.195664
v 0.121351 0.476336 -0.223010
v 0.145856 0.470283 -0.217870
v 0.139871 0.470396 -0.189237
v 0.169095 0.469941 -0.181758
v 0.193447 0.469920 -0.137413
v 0.107527 0.540978 -0.201832
v 0.109651 0.563201 -0.222248
v 0.107988 0.564887 -0.208781
v 0.104944 0.567149 -0.195946
v 0.109119 0.596708 -0.212925
v 0.106225 0.596193 -0.199065
v 0.116149 0.638187 -0.207185
v 0.110993 0.596680 -0.224655
v 0.121864 0.641026 -0.221979
v 0.114938 0.675425 -0.218840
v 0.110084 0.667381 -0.201222
v 0.120613 0.641068 -0.238269
v 0.117515 0.679027 -0.238475
v 0.118682 0.638475 -0.253106
v 0.122714 0.678213 -0.257535
v 0.126945 0.673327 -0.276624
v 0.111704 0.596760 -0.236695
v 0.070373 0.570675 -0.281449
v 0.067490 0.541298 -0.266945
v 0.064535 0.516314 -0.267096
v 0.063138 0.514487 -0.250735
v 0.066132 0.539573 -0.251206
v 0.061654 0.515165 -0.233571
v 0.065134 0.539001 -0.235172
v 0.049023 0.511694 -0.251404
v 0.046954 0.512770 -0.234836
v 0.037090 0.527937 -0.253740
v 0.037956 0.529912 -0.237349
v 0.033232 0.533226 -0.221418
v 0.042674 0.544769 -0.237742
v 0.036086 0.548136 -0.219784
v 0.025025 0.552489 -0.203920
v 0.024293 0.538629 -0.207131
v 0.013719 0.554717 -0.189237
v 0.027127 0.567881 -0.199574
v 0.014041 0.572071 -0.183783
v -0.003211 0.572913 -0.178335
v 0.000171 0.554867 -0.182549
v -0.019343 0.571895 -0.190080
v -0.014757 0.553938 -0.192678
v -0.033285 0.568244 -0.202369
v -0.027846 0.548871 -0.204573
v -0.044200 0.561187 -0.215426
v -0.036947 0.542076 -0.217241
v -0.049560 0.552008 -0.231841
v -0.038487 0.536102 -0.231910
v -0.045610 0.521917 -0.231545
v -0.035422 0.532156 -0.248343
v -0.048184 0.520216 -0.249379
v -0.066830 0.513907 -0.249996
v -0.065916 0.515842 -0.231091
v -0.074946 0.527692 -0.252076
v -0.075897 0.526218 -0.232431
v -0.075675 0.549460 -0.251442
v -0.077010 0.545538 -0.232296
v -0.075585 0.572194 -0.245943
v -0.077669 0.567175 -0.228360
v -0.082594 0.565890 -0.212880
v -0.096239 0.564958 -0.204464
v -0.079505 0.596999 -0.220382
v -0.085272 0.594378 -0.205796
v -0.099646 0.592768 -0.199068
v -0.115632 0.595586 -0.203418
v -0.112733 0.564551 -0.205465
v -0.087351 0.626880 -0.188872
v -0.104624 0.626562 -0.185043
v -0.121473 0.631427 -0.194177
v -0.128140 0.640396 -0.209571
v -0.125844 0.600177 -0.218771
v -0.108325 0.655414 -0.172335
v -0.123359 0.660754 -0.181873
v -0.129555 0.669443 -0.197867
v -0.130210 0.677735 -0.214908
v -0.136615 0.648602 -0.224670
v -0.123387 0.681466 -0.171418
v -0.129613 0.690108 -0.187939
v -0.130266 0.698684 -0.204515
v -0.127211 0.705687 -0.219962
v -0.128740 0.684714 -0.231378
v -0.125776 0.707630 -0.179650
v -0.121512 0.699638 -0.163934
v -0.119260 0.716147 -0.157242
v -0.120619 0.723864 -0.171295
v -0.108588 0.694539 -0.154446
v -0.108880 0.711711 -0.145288
v -0.095937 0.696114 -0.159848
v -0.095911 0.713601 -0.151746
v -0.090324 0.702309 -0.173987
v -0.092310 0.719188 -0.169614
v -0.088063 0.708138 -0.187473
v -0.090410 0.724300 -0.182145
v -0.086579 0.713242 -0.200286
v -0.089039 0.728607 -0.193837
v -0.085432 0.719176 -0.214099
v -0.087775 0.733329 -0.206206
v -0.093124 0.746172 -0.200477
v -0.086066 0.741225 -0.217807
v -0.093120 0.753256 -0.209692
v -0.084878 0.750575 -0.227856
v -0.095427 0.763090 -0.217734
v -0.112107 0.762075 -0.215838
v -0.121741 0.750421 -0.224651
v -0.120495 0.744869 -0.250149
v -0.123219 0.736476 -0.237315
v -0.119283 0.727680 -0.267355
v -0.121986 0.719497 -0.251961
v -0.124560 0.712495 -0.235679
v -0.122108 0.695807 -0.267417
v -0.125508 0.690460 -0.248552
v -0.124626 0.660001 -0.279344
v -0.133109 0.659706 -0.262998
v -0.142492 0.656525 -0.243705
v -0.126510 0.611182 -0.268260
v -0.130593 0.608732 -0.252599
v -0.129760 0.604506 -0.235373
v -0.125469 0.568105 -0.257029
v -0.126360 0.565426 -0.237431
v -0.124389 0.564560 -0.217199
v -0.125744 0.538329 -0.259280
v -0.123845 0.546067 -0.283211
v -0.124215 0.572631 -0.274924
v -0.119787 0.580210 -0.292198
v -0.113563 0.554381 -0.300650
v -0.118668 0.613022 -0.283286
v -0.108379 0.614685 -0.297014
v -0.122302 0.659260 -0.297586
v -0.115644 0.658302 -0.315683
v -0.120552 0.700402 -0.286147
v -0.117169 0.706004 -0.303100
v -0.105996 0.709273 -0.311987
v -0.101411 0.661968 -0.322210
v -0.115301 0.736490 -0.280513
v -0.106843 0.744025 -0.290518
v -0.091664 0.744204 -0.290880
v -0.092485 0.708834 -0.310273
v -0.115845 0.754588 -0.261300
v -0.083794 0.703954 -0.297537
v -0.079303 0.668555 -0.300766
v -0.087789 0.666829 -0.316302
v -0.083174 0.735494 -0.280799
v -0.082297 0.725359 -0.268095
v -0.080442 0.698366 -0.280990
v -0.083604 0.744804 -0.251864
v -0.083686 0.734694 -0.240310
v -0.082988 0.715601 -0.253638
v -0.086820 0.761580 -0.235800
v -0.083609 0.708105 -0.238765
v -0.081128 0.686354 -0.248981
v -0.080668 0.692626 -0.264782
v -0.084453 0.726377 -0.227963
v -0.084340 0.701429 -0.223734
v -0.085116 0.694970 -0.209568
v -0.086070 0.689388 -0.195702
v -0.088630 0.684028 -0.181849
v -0.085818 0.662466 -0.191222
v -0.092450 0.657084 -0.176748
v -0.081865 0.631146 -0.206526
v -0.094539 0.678401 -0.167941
v -0.108797 0.677378 -0.163943
v -0.074630 0.663101 -0.257046
v -0.075073 0.667060 -0.270142
v -0.076540 0.669243 -0.285325
v -0.056612 0.655104 -0.269628
v -0.059269 0.652601 -0.284392
v -0.063102 0.644321 -0.298197
v -0.038916 0.654290 -0.287109
v -0.043736 0.644772 -0.305021
v -0.016319 0.655044 -0.286438
v -0.018151 0.645856 -0.307942
v 0.004892 0.654738 -0.283456
v 0.006491 0.645280 -0.305381
v 0.005659 0.626063 -0.318694
v 0.028787 0.646176 -0.299611
v 0.031606 0.625630 -0.312696
v 0.029545 0.603399 -0.317678
v 0.002459 0.603975 -0.322269
v 0.027552 0.583236 -0.317313
v -0.000128 0.583602 -0.321544
v 0.025423 0.564860 -0.314901
v -0.001313 0.565242 -0.318788
v -0.029587 0.560935 -0.317316
v -0.026501 0.546832 -0.307734
v -0.044677 0.545798 -0.292740
v -0.053346 0.551671 -0.273243
v -0.042569 0.538821 -0.267685
v -0.049129 0.544259 -0.249035
v -0.057478 0.560456 -0.253969
v -0.035569 0.524658 -0.266378
v -0.052951 0.517690 -0.267578
v -0.070779 0.514799 -0.269138
v -0.057692 0.570277 -0.234910
v -0.051675 0.580284 -0.217143
v -0.039308 0.587703 -0.204272
v -0.024393 0.591661 -0.191130
v -0.027727 0.611376 -0.196890
v -0.007207 0.593322 -0.178649
v -0.008643 0.614205 -0.186974
v -0.007214 0.631866 -0.199738
v -0.028552 0.631420 -0.205511
v -0.004810 0.649523 -0.215819
v -0.025051 0.650669 -0.219483
v -0.001209 0.657242 -0.237741
v -0.019632 0.657377 -0.241426
v -0.038063 0.657072 -0.247407
v -0.016594 0.657792 -0.263833
v -0.037134 0.657467 -0.267657
v -0.056446 0.654472 -0.254437
v 0.002213 0.657344 -0.260431
v 0.016944 0.658014 -0.235403
v 0.020050 0.657881 -0.257097
v 0.024201 0.654476 -0.278457
v 0.036161 0.655724 -0.253390
v 0.040570 0.651298 -0.270781
v 0.046986 0.641777 -0.287807
v 0.049339 0.621727 -0.297727
v 0.048501 0.600574 -0.301172
v 0.054641 0.578298 -0.279884
v 0.046678 0.580940 -0.301332
v 0.050857 0.559907 -0.278450
v 0.044546 0.561863 -0.299478
v 0.044770 0.542006 -0.274961
v 0.050796 0.558907 -0.257703
v 0.044717 0.542998 -0.256425
v 0.036620 0.524242 -0.271279
v 0.050450 0.511038 -0.268587
v 0.048564 0.559441 -0.236900
v 0.054101 0.575718 -0.258098
v 0.051611 0.573642 -0.236157
v 0.044570 0.576102 -0.214712
v 0.040433 0.562372 -0.216687
v 0.030175 0.584338 -0.197844
v 0.033056 0.600719 -0.198043
v 0.014063 0.609520 -0.187838
v 0.014395 0.590995 -0.182643
v 0.034229 0.621799 -0.201332
v 0.013480 0.628998 -0.197564
v 0.033521 0.645770 -0.214823
v 0.014736 0.648113 -0.213566
v 0.033797 0.655906 -0.234931
v 0.049852 0.651057 -0.249656
v 0.066654 0.737454 -0.239507
v 0.211191 0.470929 0.059485
v 0.348340 0.477883 0.016598
v 0.377754 0.479251 -0.042934
v 0.364546 0.472487 -0.048812
v 0.404834 0.482534 -0.106873
v 0.391812 0.471202 -0.112401
v 0.376614 0.470668 -0.118715
v 0.393619 0.470123 -0.181731
v 0.374366 0.470295 -0.184422
v 0.400848 0.469476 -0.246183
v 0.379619 0.470044 -0.246428
v 0.355840 0.470624 -0.245755
v 0.368513 0.470063 -0.310204
v 0.347134 0.470423 -0.305733
v 0.317726 0.470339 -0.300194
v 0.326614 0.470342 -0.361861
v 0.345787 0.470492 -0.368740
v 0.318089 0.470373 -0.422496
v 0.364365 0.470991 -0.374664
v 0.335470 0.470926 -0.428525
v 0.298544 0.472222 -0.482958
v 0.346799 0.479437 -0.429239
v 0.378557 0.478276 -0.377873
v 0.388415 0.469102 -0.313533
v -0.021495 0.736604 0.884108
v -0.022580 0.736318 0.891342
v -0.022463 0.740242 0.873255
v -0.015562 0.737329 0.761930
v -0.014990 0.738719 0.761792
v -0.015468 0.739522 0.752780
v -0.014821 0.740205 0.752960
v -0.016110 0.736022 0.761861
v -0.015965 0.738738 0.752567
v -0.016458 0.737850 0.752323
v -0.016741 0.734519 0.761751
v -0.018010 0.731259 0.761609
v -0.016904 0.736869 0.752051
v -0.017816 0.734867 0.751496
v -0.020194 0.724744 0.758242
v -0.019099 0.726287 0.762604
v -0.018083 0.734466 0.751388
v -0.018176 0.734855 0.751503
v -0.019406 0.725046 0.762629
v -0.019846 0.723919 0.761670
v -0.018926 0.732434 0.750822
v -0.018880 0.731766 0.750628
v -0.020837 0.723962 0.755493
v -0.021532 0.715733 0.746342
v -0.021555 0.715937 0.746394
v -0.022341 0.722672 0.748092
v -0.021375 0.727698 0.749774
v -0.021369 0.733892 0.759109
v -0.016260 0.744832 0.755166
v -0.022689 0.731233 0.765263
v -0.017513 0.748861 0.757087
v -0.021858 0.727974 0.753099
v -0.021841 0.725270 0.748906
v -0.022274 0.722103 0.747948
v -0.022323 0.722521 0.748053
v -0.022347 0.722725 0.748105
v -0.021473 0.715227 0.746215
v -0.021396 0.714572 0.746050
v -0.021317 0.713893 0.745879
v -0.021238 0.713215 0.745708
v -0.001862 0.700725 0.728871
v -0.011382 0.703435 0.725553
v -0.025864 0.713240 0.713251
v -0.027676 0.732056 0.700547
v -0.036081 0.727313 0.708963
v -0.034283 0.744148 0.692913
v -0.042177 0.741699 0.703185
v -0.040794 0.759664 0.687922
v -0.046204 0.756637 0.699749
v -0.026262 0.753064 0.696639
v -0.024181 0.763096 0.708598
v -0.024139 0.772009 0.723273
v -0.025381 0.779102 0.740044
v -0.030086 0.789435 0.738240
v -0.022067 0.768546 0.741220
v -0.023667 0.775921 0.760077
v -0.026540 0.784486 0.757128
v -0.000269 0.754687 0.762415
v -0.012713 0.763428 0.739592
v 0.004835 0.738508 0.771745
v 0.005392 0.752152 0.776955
v 0.004838 0.736970 0.812021
v 0.013835 0.721439 0.825959
v 0.023644 0.717695 0.826785
v 0.014764 0.722939 0.843428
v 0.037846 0.723955 0.833171
v 0.044266 0.737064 0.835700
v -0.027301 0.788668 0.772105
v -0.030900 0.799184 0.769975
v -0.030704 0.794383 0.754889
v -0.024507 0.780849 0.773468
v -0.024155 0.782486 0.789045
v -0.027398 0.793144 0.787218
v -0.027079 0.795787 0.802369
v -0.032403 0.810127 0.798518
v -0.031759 0.804830 0.784380
v -0.023322 0.778322 0.803978
v -0.022797 0.775091 0.818175
v -0.027239 0.796261 0.817287
v -0.027010 0.796473 0.834692
v -0.022994 0.773519 0.834064
v -0.043116 0.810639 0.796241
v -0.042221 0.805673 0.781335
v -0.040070 0.803357 0.768168
v -0.053481 0.805343 0.780600
v -0.047124 0.805945 0.767586
v -0.042317 0.806597 0.753586
v -0.038807 0.798514 0.753674
v -0.039593 0.806539 0.737512
v -0.038610 0.796028 0.737517
v -0.040657 0.817517 0.754521
v -0.037548 0.817732 0.739671
v -0.035538 0.821172 0.725290
v -0.037394 0.826626 0.711714
v -0.043206 0.816623 0.769093
v -0.037591 0.828129 0.769055
v -0.037730 0.829821 0.783357
v -0.033872 0.844572 0.780325
v -0.035888 0.842072 0.766983
v -0.047635 0.815885 0.783040
v -0.038979 0.831064 0.798068
v -0.043145 0.831596 0.813377
v -0.032932 0.848287 0.813736
v -0.032516 0.846891 0.796301
v -0.030488 0.860713 0.774525
v -0.018545 0.871832 0.765791
v -0.022171 0.864670 0.750389
v -0.032263 0.855721 0.760884
v -0.009854 0.868061 0.739978
v 0.002330 0.866041 0.731307
v 0.013997 0.859300 0.723193
v -0.053095 0.720273 0.771263
v -0.043385 0.703104 0.770279
v -0.047669 0.716824 0.771487
v -0.049634 0.727972 0.771896
v -0.056899 0.747647 0.769985
v -0.066157 0.750906 0.768667
v -0.062381 0.737717 0.770853
v 0.018302 0.718814 0.714791
v 0.022700 0.722103 0.728007
v 0.034573 0.734102 0.678057
v -0.074579 0.783461 0.767917
v -0.106127 0.852032 0.811010
v -0.103891 0.839849 0.801978
v -0.099629 0.831091 0.792461
v 0.055403 0.874953 0.695102
v -0.008902 0.781057 0.790619
v 0.006878 0.765876 0.779980
v -0.005416 0.778295 0.777022
v -0.013152 0.788989 0.775611
v -0.013616 0.790997 0.791256
v -0.013139 0.803456 0.790135
v -0.014686 0.805976 0.805439
v -0.013660 0.791125 0.809072
v -0.012594 0.799770 0.774474
v -0.000421 0.801030 0.775607
v -0.001661 0.804762 0.790055
v 0.009988 0.798644 0.791622
v 0.008523 0.803084 0.806102
v -0.003825 0.809506 0.804578
v 0.010721 0.795045 0.777683
v 0.021110 0.787592 0.779267
v 0.021209 0.790973 0.792773
v 0.011079 0.792344 0.763741
v 0.021152 0.795895 0.806663
v 0.026247 0.773439 0.781461
v 0.022004 0.757830 0.782991
v 0.009170 0.760936 0.766102
v -0.001674 0.774121 0.761075
v 0.020092 0.799688 0.821119
v 0.007122 0.808678 0.820875
v -0.005176 0.816359 0.818737
v 0.007683 0.815412 0.836302
v -0.015174 0.812326 0.820037
v -0.014210 0.794673 0.825365
v -0.016667 0.771342 0.839483
v -0.017026 0.772060 0.827261
v -0.016872 0.773012 0.809003
v -0.019737 0.977271 0.820847
v -0.021695 0.976478 0.822831
v -0.049191 0.954055 0.842945
v -0.019992 0.757397 0.824642
v -0.021978 0.740632 0.821872
v -0.021460 0.737600 0.832460
v -0.022268 0.731754 0.846450
v -0.022919 0.723894 0.822858
v -0.021562 0.762195 0.802563
v -0.020163 0.745099 0.803141
v -0.018604 0.968555 0.750751
v 0.014418 0.757252 0.842919
v 0.017065 0.751467 0.826108
v 0.014897 0.759214 0.825196
v 0.037743 0.770892 0.835949
v 0.061795 0.768041 0.763670
v 0.057873 0.759669 0.762453
v 0.062546 0.769659 0.776808
v 0.058899 0.759797 0.776198
v 0.082879 0.801759 0.777953
v 0.081768 0.795915 0.759648
v 0.098788 0.788202 0.756653
v 0.101392 0.792323 0.756327
v 0.087012 0.786231 0.732828
v 0.087486 0.792664 0.734091
v 0.075815 0.803286 0.743179
v 0.086819 0.804919 0.762538
v 0.062401 0.812835 0.751903
v 0.069304 0.815623 0.771507
v 0.069428 0.822267 0.795959
v 0.052166 0.815956 0.777901
v 0.045391 0.800474 0.785820
v 0.046327 0.809035 0.764671
v 0.063453 0.805376 0.761414
v 0.066540 0.809724 0.777062
v 0.068776 0.815356 0.793032
v 0.058225 0.802208 0.745941
v 0.075247 0.792541 0.739641
v 0.049040 0.821159 0.758979
v 0.032642 0.828439 0.764574
v 0.023964 0.816065 0.771352
v 0.013927 0.809793 0.777884
v 0.017327 0.810432 0.791464
v 0.010639 0.810194 0.763451
v -0.001604 0.815870 0.764270
v 0.000056 0.818971 0.779915
v -0.011363 0.830526 0.779183
v -0.008939 0.833491 0.795574
v 0.002691 0.820804 0.794926
v -0.013795 0.827518 0.762659
v -0.024364 0.840230 0.758996
v -0.020526 0.843331 0.776958
v -0.023559 0.835656 0.740665
v -0.017353 0.848617 0.735632
v -0.019182 0.853935 0.753046
v -0.007535 0.865781 0.769398
v -0.019880 0.858226 0.771472
v -0.018324 0.847153 0.793918
v -0.016017 0.849982 0.811392
v -0.006192 0.836154 0.811837
v -0.002796 0.839001 0.829357
v 0.005571 0.822971 0.810251
v 0.020631 0.814034 0.806977
v 0.070121 0.794507 0.715732
v 0.025367 0.835855 0.684506
v 0.032621 0.767158 0.681795
v 0.017001 0.771427 0.680258
v 0.019216 0.782720 0.679743
v 0.008835 0.787267 0.677492
v 0.005846 0.776741 0.676602
v -0.013231 0.785783 0.700835
v 0.026844 0.953611 0.760481
v 0.050184 0.851786 0.762664
v 0.044230 0.858792 0.773450
v -0.063257 0.753621 0.793171
v -0.063257 0.753621 0.793171
v -0.077458 0.751676 0.799399
v -0.205903 -0.976685 0.377996
vn 0.8860 0.1173 0.4486
vn 0.2511 -0.9670 0.0434
vn 0.4359 -0.8961 -0.0843
vn 0.7828 0.3701 -0.5003
vn 0.7444 0.2663 0.6124
vn 0.1749 0.4973 0.8498
vn -0.3187 -0.7445 0.5867
vn -0.2941 -0.8076 0.5112
vn 0.0926 -0.9327 0.3486
vn -0.0877 -0.9099 0.4054
vn -0.0738 -0.8338 0.5472
vn -0.3403 -0.6566 0.6731
vn 0.6886 0.5035 0.5219
vn 0.7245 0.4044 0.5582
vn 0.8892 0.2060 -0.4086
vn 0.7972 0.6037 0.0049
vn 0.3931 0.7727 0.4984
vn -0.2224 -0.9218 0.3174
vn -0.1609 -0.9123 0.3766
vn -0.3966 -0.0615 0.9159
vn 0.1930 -0.5170 0.8339
vn -0.1963 0.4449 -0.8738
vn -0.5964 0.0727 0.7994
vn 0.7552 0.4642 0.4627
vn 0.6501 0.5309 -0.5435
vn 0.8796 -0.0743 -0.4698
vn 0.1875 0.9548 -0.2307
vn 0.9698 0.0532 0.2379
vn 0.8697 -0.3444 -0.3536
vn 0.8149 -0.4735 0.3342
vn -0.7930 0.4804 -0.3748
vn -0.3630 0.8707 -0.3317
vn 0.3654 -0.5340 0.7624
vn -0.4178 -0.2541 0.8723
vn 0.3665 -0.8474 0.3841
vn -0.1313 -0.8188 0.5588
vn -0.2221 -0.7896 0.5721
vn -0.3223 -0.8013 0.5040
vn -0.5339 -0.6922 0.4856
vn -0.9034 -0.1180 0.4122
vn -0.0667 -0.8798 0.4707
vn -0.8130 0.5821 0.0102
vn -0.6744 0.7316 0.1001
vn 0.9666 0.2471 -0.0678
vn 0.8840 -0.0538 -0.4643
vn -0.2085 0.9159 0.3429
vn 0.5762 0.8150 -0.0617
vn -0.6679 0.7276 0.1563
vn 0.5716 0.5225 -0.6327
vn 0.5881 0.7655 -0.2612
vn 0.7912 0.5378 -0.2911
vn 0.7259 0.5128 -0.4584
vn 0.1690 0.7840 -0.5974
vn -0.0518 0.6078 -0.7924
vn -0.2081 0.3723 -0.9045
vn -0.2281 0.8915 -0.3914
vn -0.0687 0.7965 -0.6007
vn -0.1524 0.8798 -0.4503
vn -0.3104 0.8798 -0.3601
vn 0.6628 0.5415 0.5171
vn 0.6658 0.6960 -0.2689
vn -0.4077 0.8828 -0.2334
vn -0.9852 0.1330 -0.1081
vn -0.6187 0.2181 0.7547
vn 0.6636 -0.5384 0.5194
vn -0.8569 0.2620 -0.4439
vn -0.5089 0.5700 -0.6451
vn 0.3666 -0.1378 0.9201
vn -0.6054 -0.6471 0.4635
vn 0.2603 -0.8357 0.4836
vn -0.3758 -0.8797 0.2914
vn -0.6725 0.5760 -0.4648
vn -0.4446 0.7520 -0.4868
vn -0.4315 0.9013 -0.0388
vn -0.3220 0.9156 -0.2407
vn -0.9350 0.3387 -0.1055
vn 0.9337 0.3381 0.1180
vn 0.7955 0.6022 -0.0676
vn -0.8471 0.5297 -0.0419
vn -0.8961 0.4392 0.0645
vn 0.3665 0.9100 -0.1940
vn -0.2717 0.9517 -0.1431
vn -0.7610 0.6488 -0.0003
vn -0.0461 0.7697 0.6368
vn 0.3462 -0.4484 0.8240
vn -0.1598 -0.8856 0.4362
vn 0.8856 0.4513 -0.1096
vn 0.8937 0.4452 -0.0556
vn 0.6379 0.7107 -0.2967
vn 0.8302 0.5525 -0.0750
vn 0.5069 0.7957 -0.3316
vn 0.1844 -0.5314 0.8268
vn -0.7197 -0.4193 0.5533
vn 0.4658 -0.7120 0.5255
vn 0.9781 0.1225 0.1685
vn 0.3942 -0.3367 0.8551
vn -0.8385 -0.4439 0.3160
vn -0.9815 -0.1256 0.1443
vn -0.9516 -0.0580 0.3019
vn -0.9237 -0.3771 -0.0673
vn -0.9680 0.2000 -0.1517
vn -0.4712 -0.8788 0.0751
vn -0.6468 0.7217 -0.2465
vn -0.8049 0.5626 0.1885
vn -0.6976 0.7130 -0.0704
vn 0.5555 0.8291 -0.0635
vn 0.9653 -0.0009 0.2612
vn -0.8370 0.1198 -0.5338
vn -0.3803 0.8452 -0.3756
vn -0.3816 -0.3367 -0.8608
vn -0.2987 0.1933 -0.9346
vn -0.6877 -0.3261 0.6486
vn -0.2561 -0.6385 -0.7258
vn -0.6005 0.7252 0.3368
vn -0.3241 0.3131 0.8927
vn 0.6266 0.2699 0.7311
vn 0.6855 0.4978 0.5313
vn -0.3757 0.6549 0.6557
vn 0.2227 0.7464 0.6272
vn 0.9771 0.0686 0.2016
vn -0.0984 -0.2923 0.9512
vn 0.1432 -0.2781 0.9498
vn 0.9255 0.0339 0.3771
vn 0.9440 -0.1377 0.2999
vn 0.9691 -0.0368 0.2441
vn 0.9851 0.1706 -0.0228
vn 0.9951 -0.0982 0.0115
vn 0.5590 -0.0764 0.8257
vn 0.1749 0.7781 0.6032
vn 0.1802 -0.4058 0.8960
vn -0.2078 0.9236 -0.3223
vn 0.3121 0.5645 0.7641
vn -0.0063 -0.7872 0.6166
vn -0.7342 -0.6302 0.2527
vn 0.9939 0.0601 0.0928
vn 0.9355 -0.1752 0.3069
vn 0.9307 0.3409 -0.1325
vn 0.8990 0.0627 -0.4334
vn 0.5179 0.7591 -0.3943
vn -0.1123 0.9459 -0.3045
vn -0.5386 0.6646 -0.5179
vn -0.8823 -0.2288 -0.4114
vn -0.4658 -0.8776 -0.1133
vn 0.8179 0.5349 -0.2119
vn 0.9719 0.2075 -0.1114
vn 0.6804 -0.7059 0.1967
vn 0.9535 0.2852 0.0974
vn 0.9280 0.3724 -0.0160
vn 0.8552 0.5172 -0.0334
vn -0.2783 -0.9558 0.0950
vn -0.4536 -0.8632 0.2214
vn -0.4856 0.6663 0.5659
vn -0.3759 0.8983 -0.2275
vn -0.0419 0.9974 -0.0591
vn 0.1277 0.4659 0.8756
vn -0.7703 0.6195 -0.1511
vn -0.6317 0.7499 -0.1965
vn 0.1606 -0.2457 0.9559
vn -0.1429 -0.3055 0.9414
vn -0.8140 0.1794 0.5524
vn -0.9658 0.2562 -0.0397
vn 0.3590 -0.2316 0.9041
vn 0.7932 0.5484 0.2648
vn 0.7936 0.5965 0.1201
vn 0.7749 -0.1674 -0.6095
vn 0.6362 0.0094 -0.7715
vn 0.6997 0.5339 0.4747
vn -0.1300 0.9795 -0.1537
vn 0.5500 0.8019 -0.2333
vn 0.6258 0.6912 0.3614
vn 0.0462 -0.2822 0.9582
vn 0.9210 0.0814 0.3810
vn 0.9831 0.1149 0.1425
vn 0.9900 0.1371 -0.0326
vn 0.9172 -0.3745 0.1360
vn 0.9211 -0.3371 0.1949
vn 0.3212 0.7883 0.5248
vn 0.3297 0.9415 0.0701
vn -0.7749 0.6299 0.0531
vn -0.7711 0.5405 0.3366
vn 0.7574 0.4570 0.4664
vn 0.8262 0.5519 -0.1136
vn -0.7028 -0.2825 -0.6529
vn -0.1500 -0.6837 0.7142
vn -0.2719 -0.8228 0.4992
vn -0.1009 -0.8838 0.4569
vn 0.5667 -0.8216 0.0617
vn -0.6646 0.5587 0.4961
vn -0.2752 0.6666 0.6928
vn 0.8245 -0.1609 0.5426
vn -0.1308 0.6321 0.7637
vn 0.1500 -0.9677 0.2027
vn 0.3783 -0.9218 0.0850
vn 0.0810 -0.9850 -0.1521
vn -0.6123 -0.7860 -0.0862
vn -0.0694 -0.9519 0.2983
vn -0.0755 -0.9936 -0.0836
vn 0.2196 -0.8734 -0.4348
vn 0.9291 -0.3688 0.0271
vn -0.1525 -0.9112 0.3827
vn 0.9374 0.2075 -0.2798
vn 0.2237 -0.5995 0.7684
vn 0.8789 -0.3259 0.3484
vn 0.5225 -0.4020 0.7519
vn 0.3896 -0.5608 0.7306
vn -0.2892 -0.4820 0.8271
vn -0.2067 -0.2464 0.9469
vn 0.1999 -0.1348 0.9705
vn 0.2561 -0.0587 0.9649
vn 0.5849 0.8101 0.0408
vn 0.6569 -0.1474 0.7395
vn 0.2765 -0.4417 0.8535
vn 0.2359 -0.1363 0.9622
vn 0.2048 0.3206 0.9248
vn 0.3669 0.1400 0.9197
vn -0.9900 0.1013 0.0982
vn -0.8725 0.4340 -0.2246
vn -0.9649 -0.0264 -0.2611
vn -0.9697 -0.2318 -0.0774
vn -0.9819 -0.0400 0.1851
vn -0.9391 0.2247 0.2599
vn -0.7818 0.6233 -0.0183
vn 0.5564 -0.8289 0.0576
vn -0.1255 -0.4450 0.8867
vn -0.0315 -0.3697 0.9286
vn 0.3162 -0.6308 0.7086
vn 0.4590 0.3353 -0.8227
vn 0.4760 0.1359 -0.8689
vn 0.0728 -0.9227 -0.3785
vn -0.3163 -0.4863 0.8145
vn 0.6814 -0.6458 0.3444
vn 0.9421 -0.1673 -0.2907
vn 0.3554 0.6537 -0.6681
vn -0.5397 -0.7100 0.4523
vn -0.7586 -0.3723 0.5347
vn -0.8888 0.0024 0.4584
vn -0.0761 0.1685 0.9828
vn 0.7219 -0.0428 0.6907
vn -0.9574 0.2825 -0.0592
vn -0.3420 -0.8606 0.3774
vn 0.8241 -0.5663 0.0137
vn -0.8889 -0.2039 0.4101
vn -0.7937 -0.5325 0.2941
vn -0.9100 -0.2826 0.3033
vn -0.6634 -0.3167 -0.6780
vn -0.9607 -0.2724 0.0541
vn 0.2998 0.2847 -0.9105
vn -0.0252 -0.4932 0.8696
vn -0.4303 -0.2800 0.8581
vn 0.3215 -0.7158 0.6199
vn -0.9551 0.0795 0.2854
vn -0.6597 -0.4119 0.6286
vn 0.5962 0.8028 0.0018
vn 0.6787 -0.6868 0.2600
vn -0.4898 -0.5243 -0.6965
vn 0.1222 0.7221 0.6809
vn 0.0134 0.3761 0.9265
vn 0.1243 0.3948 0.9103
vn 0.2369 0.5276 0.8158
vn 0.0482 -0.4177 0.9073
vn -0.3053 -0.6168 0.7255
vn 0.7369 0.6647 -0.1229
vn 0.9304 0.2524 -0.2657
vn 0.2506 -0.2450 0.9366
vn 0.6489 0.6086 0.4566
vn -0.1109 -0.0648 0.9917
vn 0.9486 0.0810 0.3060
vn 0.9998 0.0174 0.0047
vn 0.8143 -0.5027 0.2902
vn -0.0824 -0.8856 0.4572
vn 0.5178 0.4680 -0.7162
vn 0.5995 0.6650 -0.4453
vn 0.2130 -0.7706 -0.6007
vn 0.7540 -0.4825 0.4457
vn -0.6751 0.5815 -0.4539
vn -0.4069 0.1121 -0.9066
vn 0.3200 0.7012 -0.6371
vn 0.1441 0.7637 -0.6293
vn -0.1549 0.8159 -0.5571
vn -0.2376 0.7650 -0.5986
vn -0.1707 0.4099 0.8960
vn 0.0337 -0.6293 0.7764
vn 0.5225 -0.2702 0.8087
vn -0.4716 0.4334 0.7680
vn -0.6502 0.6311 -0.4230
vn -0.4422 0.8416 -0.3102
vn -0.0967 0.9752 -0.1989
vn -0.3793 0.1336 0.9156
vn -0.1610 -0.4638 0.8712
vn 0.1320 -0.9648 0.2275
vn 0.8803 -0.2315 -0.4141
vn 0.6703 -0.6098 -0.4229
vn -0.2164 -0.9412 0.2593
vn -0.0585 -0.9456 0.3201
vn 0.0190 -0.9410 0.3379
vn 0.9511 0.2817 0.1267
vn 0.8340 -0.0643 -0.5480
vn -0.0078 -0.4248 0.9052
vn 0.4580 -0.8855 0.0775
vn 0.7594 -0.5452 -0.3550
vn -0.4449 0.2960 -0.8453
vn -0.3995 -0.8723 -0.2819
vn -0.4968 -0.8679 0.0046
vn 0.7196 -0.0081 0.6943
vn 0.9235 -0.0597 0.3789
vn 0.9534 0.2646 0.1450
vn 0.9977 0.0602 -0.0320
vn 0.8788 0.1979 -0.4342
vn 0.3607 0.9099 -0.2047
vn 0.5810 0.8132 -0.0339
vn -0.0276 0.6882 -0.7250
vn 0.1589 0.9460 -0.2825
vn -0.3550 0.6896 -0.6312
vn 0.6657 -0.4114 0.6226
vn 0.9247 -0.3055 -0.2270
vn 0.8477 0.3049 -0.4341
vn 0.3628 0.8770 -0.3150
vn 0.0704 0.9459 -0.3167
vn -0.2623 0.9496 -0.1715
vn -0.9068 -0.1321 -0.4003
vn 0.7218 0.2345 -0.6512
vn -0.3620 0.8149 -0.4526
vn -0.3259 0.8722 -0.3648
vn -0.9814 -0.0566 -0.1836
vn -0.7693 -0.6387 -0.0134
vn -0.8972 -0.3465 0.2737
vn -0.9423 0.1903 0.2753
vn -0.8488 -0.0838 -0.5220
vn -0.8143 0.5601 -0.1522
vn -0.6634 0.7413 0.1017
vn -0.3479 0.9365 0.0452
vn 0.7230 0.6759 0.1427
vn 0.9599 0.0102 0.2801
vn 0.9127 -0.0024 0.4087
vn 0.8779 0.0098 0.4788
vn -0.0382 -0.7404 0.6711
vn -0.9335 -0.3096 -0.1812
vn -0.9287 -0.3211 -0.1856
vn -0.8347 -0.5371 -0.1213
vn -0.0678 -0.9759 -0.2076
vn -0.9437 -0.2965 -0.1467
vn -0.5122 -0.6528 0.5581
vn -0.8077 -0.5718 0.1436
vn -0.8709 0.4636 0.1631
vn 0.3891 -0.8117 -0.4356
vn 0.2607 -0.8749 0.4081
vn 0.2813 -0.8025 0.5261
vn 0.9113 -0.3145 0.2657
vn -0.1637 -0.8940 0.4170
vn 0.0282 -0.7990 0.6007
vn 0.7394 0.6234 -0.2543
vn 0.5518 0.6902 -0.4681
vn 0.8288 0.4591 -0.3198
vn 0.6230 0.6803 -0.3861
vn 0.6968 0.0856 -0.7122
vn 0.8948 0.0874 -0.4378
vn 0.6097 0.0044 -0.7926
vn 0.6882 0.0457 -0.7241
vn 0.7571 0.0047 -0.6533
vn 0.6240 -0.1299 -0.7705
vn 0.8888 -0.4063 -0.2121
vn 0.3021 -0.5073 0.8071
vn 0.8564 -0.0162 0.5161
vn 0.5909 0.1830 -0.7857
vn 0.5054 0.2483 -0.8264
vn 0.4013 0.3174 -0.8592
vn 0.5723 0.7169 0.3981
vn 0.7719 0.6322 0.0667
vn 0.8028 0.5807 -0.1352
vn 0.9196 0.2759 0.2797
vn 0.7689 -0.4947 0.4051
vn -0.1826 0.0919 0.9789
vn 0.7064 0.7003 0.1030
vn 0.3180 0.8673 0.3830
vn 0.4897 0.8388 0.2380
vn -0.0308 0.9086 0.4165
vn -0.9573 -0.1451 0.2499
vn -0.9880 -0.0879 0.1268
vn -0.9121 -0.1091 0.3952
vn -0.5955 0.2394 0.7669
vn -0.6917 0.0878 0.7168
vn -0.9673 -0.2511 -0.0365
vn -0.9969 0.0511 -0.0601
vn -0.9243 -0.2792 0.2604
vn -0.8940 -0.4459 0.0434
vn -0.6916 -0.0524 0.7204
vn -0.7876 0.4276 0.4436
vn -0.5117 0.8291 0.2251
vn -0.8198 0.1150 0.5609
vn 0.8471 0.5160 0.1271
vn 0.6840 0.7180 0.1289
vn 0.7687 0.6212 0.1525
vn 0.4532 -0.4195 0.7865
vn 0.5705 -0.4925 0.6573
vn 0.9299 0.1144 -0.3494
vn 0.9985 0.0523 0.0158
vn 0.3660 -0.5710 0.7348
vn 0.2610 -0.4553 0.8512
vn 0.8383 -0.3861 -0.3850
vn 0.7121 0.6673 0.2183
vn -0.8766 0.0180 0.4810
vn -0.9465 0.1120 -0.3028
vn -0.7041 0.6795 -0.2061
vn -0.7388 0.5185 0.4304
vn 0.6473 0.5753 0.5000
vn 0.7700 -0.3410 0.5393
vn 0.6804 0.2099 0.7021
vn -0.2163 0.8483 0.4834
vn 0.1507 -0.8403 0.5207
vn 0.0396 -0.9652 0.2585
vn 0.5544 0.5873 0.5897
vn 0.2249 -0.5157 0.8267
vn -0.7533 0.6056 0.2564
vn -0.6793 0.5772 0.4532
vn -0.8896 0.4241 0.1694
vn -0.7076 0.5370 0.4592
vn -0.5642 0.7814 0.2665
vn -0.5106 0.8562 0.0794
vn -0.9946 0.0511 0.0909
vn -0.0110 0.4008 0.9161
vn 0.9635 -0.1366 0.2304
vn 0.9867 -0.0635 0.1495
vn 0.9398 0.1800 -0.2903
vn 0.9261 -0.3355 -0.1725
vn 0.8217 -0.5646 -0.0776
vn 0.7777 -0.5659 -0.2739
vn 0.3689 -0.1053 0.9235
vn 0.5199 0.7346 0.4359
vn -0.3918 -0.8329 0.3908
vn 0.2515 -0.6876 0.6811
vn 0.6432 0.7633 0.0600
vn 0.4352 0.8933 -0.1123
vn 0.9466 0.1651 0.2769
vn 0.9982 -0.0510 0.0313
vn 0.4664 0.8441 -0.2646
vn 0.1471 -0.9368 0.3173
vn 0.8728 -0.3829 -0.3027
vn 0.8250 -0.5039 0.2557
vn -0.6919 0.6595 -0.2938
vn -0.3089 0.7967 0.5194
vn 0.7949 -0.0921 0.5997
vn 0.1093 0.9828 -0.1492
vn 0.7733 -0.5277 0.3514
vn 0.0819 0.5000 0.8621
vn -0.2290 0.0533 0.9720
vn 0.9296 0.2673 0.2537
vn -0.8938 0.4214 0.1532
vn -0.1531 0.8812 -0.4473
vn 0.3292 0.4156 -0.8479
vn 0.2610 0.4073 -0.8752
vn 0.6056 0.7740 -0.1847
vn 0.6806 -0.6326 -0.3697
vn 0.8250 -0.5428 -0.1576
vn 0.8013 -0.5215 -0.2933
vn 0.4995 -0.8269 -0.2583
vn 0.7856 0.6174 -0.0411
vn 0.8918 -0.4485 0.0598
vn -0.9017 -0.3312 0.2778
vn -0.8454 -0.2246 0.4846
vn -0.6141 0.7362 0.2843
vn -0.8095 0.1831 0.5579
vn -0.1038 -0.2860 0.9526
vn -0.2713 -0.4835 0.8322
vn -0.8240 -0.2024 -0.5292
vn 0.8020 -0.1025 0.5885
vn 0.8035 0.5278 0.2753
vn -0.3613 0.2725 0.8918
vn -0.5756 -0.0816 0.8137
vn -0.6963 -0.0392 0.7166
vn 0.0156 0.9175 -0.3974
vn 0.5493 0.6663 -0.5042
vn 0.1144 0.6987 -0.7062
vn 0.8927 0.4434 -0.0808
vn 0.8345 0.5508 0.0150
vn 0.7250 -0.6885 -0.0177
vn 0.6610 -0.7492 -0.0432
vn -0.4191 0.9079 -0.0016
vn -0.3351 0.8931 0.3001
vn -0.8998 0.2848 0.3305
vn -0.9037 -0.2878 0.3169
vn -0.9621 -0.1407 0.2336
vn -0.9847 -0.0574 0.1648
vn -0.3662 0.9303 -0.0208
vn 0.5651 0.8230 -0.0578
vn 0.2784 0.9464 0.1639
vn -0.6433 0.6811 -0.3496
vn -0.8547 0.4594 -0.2416
vn -0.5881 -0.8075 -0.0453
vn 0.4919 -0.8697 -0.0401
vn 0.7453 -0.6660 -0.0316
vn 0.9985 -0.0030 -0.0542
vn 0.9925 -0.0375 0.1164
vn 0.9430 0.3205 0.0895
vn 0.9953 0.0293 0.0920
vn 0.6515 0.3883 0.6517
vn -0.4840 0.5043 0.7151
vn 0.3312 0.5653 0.7554
vn 0.7441 -0.6384 0.1966
vn 0.5588 -0.6646 0.4960
vn 0.6884 -0.6834 0.2430
vn 0.5722 -0.7963 -0.1964
vn 0.5266 -0.2496 0.8126
vn -0.7718 -0.6325 -0.0651
vn 0.1004 -0.9936 0.0524
vn -0.6875 -0.7074 -0.1641
vn -0.4024 -0.7062 -0.5825
vn -0.6333 -0.2666 0.7265
vn -0.5510 0.7735 0.3132
vn 0.2362 0.9513 -0.1981
vn -0.5163 0.8563 0.0120
vn -0.9627 0.2644 0.0578
vn 0.8152 -0.3834 -0.4340
vn 0.8990 0.3920 -0.1955
vn 0.8124 -0.5382 -0.2243
vn 0.8542 -0.5184 -0.0400
vn 0.7969 -0.3834 -0.4669
vn 0.8229 -0.5540 0.1258
vn 0.7457 -0.6579 0.1052
vn 0.8656 -0.4681 0.1776
vn 0.5065 -0.8484 0.1537
vn 0.3770 -0.9261 -0.0167
vn 0.7379 -0.6693 0.0863
vn -0.9449 -0.3182 -0.0773
vn -0.3066 0.9517 0.0144
vn 0.3296 -0.9417 -0.0681
vn -0.1832 0.9801 0.0765
vn 0.1023 -0.5269 0.8438
vn 0.2543 -0.7757 0.5775
vn -0.8825 0.2118 -0.4199
vn -0.6271 0.7758 0.0703
vn -0.2795 0.3792 -0.8821
vn -0.1265 0.5323 -0.8371
vn -0.2831 0.4637 -0.8396
vn -0.4788 0.4025 -0.7802
vn -0.3396 -0.0154 -0.9405
vn 0.6068 0.6962 -0.3834
vn 0.5655 0.6774 -0.4704
vn 0.1785 0.1318 -0.9751
vn 0.8499 0.3724 -0.3728
vn 0.9495 0.1199 -0.2900
vn 0.7665 0.5325 -0.3589
vn 0.9642 0.2555 0.0710
vn 0.4199 -0.6424 0.6411
vn 0.9894 0.1097 0.0953
vn -0.5701 -0.5529 0.6077
vn 0.3487 -0.5281 0.7743
vn -0.9845 0.0700 -0.1608
vn -0.9545 0.0625 -0.2914
vn -0.9408 0.2237 -0.2547
vn 0.6443 0.0269 0.7643
vn -0.2384 0.9666 -0.0941
vn -0.0122 0.6473 -0.7621
vn -0.5540 -0.5507 0.6244
vn -0.8955 -0.3054 -0.3238
vn -0.2834 0.6660 -0.6901
vn -0.6500 0.5013 -0.5712
vn -0.7956 -0.3098 0.5206
vn -0.8181 -0.5685 0.0868
vn -0.1680 -0.1358 0.9764
vn 0.8431 -0.3190 0.4329
vn -0.9846 -0.1481 0.0925
vn 0.1258 -0.9597 0.2512
vn -0.6813 -0.7164 0.1503
vn 0.3864 -0.6978 0.6032
vn 0.8178 -0.4906 0.3008
vn 0.7743 -0.4870 0.4041
vn 0.9404 -0.1584 0.3009
vn 0.9044 -0.0762 0.4198
vn 0.4133 -0.4559 0.7883
vn 0.4453 -0.4303 0.7852
vn 0.7540 0.6426 -0.1360
vn 0.8989 0.3876 -0.2044
vn 0.7065 0.6616 -0.2515
vn 0.9379 0.3358 -0.0866
vn -0.9923 -0.1234 0.0097
vn 0.7026 -0.2350 -0.6716
vn 0.7679 -0.4593 -0.4466
vn 0.6141 0.0043 -0.7892
vn 0.6961 -0.5592 -0.4502
vn 0.7869 -0.6163 -0.0311
vn 0.9713 -0.1944 -0.1368
vn 0.6607 -0.6832 -0.3110
vn 0.9694 0.2060 -0.1333
vn -0.4556 0.3242 0.8290
vn -0.7581 0.4553 -0.4669
vn -0.5256 0.3891 -0.7565
vn 0.1066 0.4880 -0.8663
vn 0.8985 0.2892 0.3304
vn -0.5906 0.1427 -0.7942
vn 0.6943 0.5638 -0.4473
vn 0.7081 0.6959 -0.1200
vn 0.9497 0.2635 0.1693
vn 0.8145 0.4980 0.2976
vn 0.7723 0.5748 0.2705
vn 0.1668 0.5948 0.7864
vn -0.1305 0.4637 0.8763
vn 0.9076 0.1173 -0.4032
vn 0.9720 0.2315 0.0411
vn -0.5464 -0.3712 -0.7507
vn 0.5796 0.5441 -0.6067
vn -0.7753 -0.5479 -0.3140
vn -0.6928 -0.7190 0.0558
vn -0.3830 -0.1014 0.9182
vn 0.6183 0.6693 0.4119
vn -0.1427 0.6814 0.7179
vn 0.9707 0.2261 0.0811
vn 0.9683 0.2093 0.1363
vn 0.8680 0.4233 -0.2596
vn 0.6551 -0.7499 -0.0916
vn 0.9309 -0.3487 -0.1091
vn -0.3208 0.2806 -0.9046
vn 0.7721 -0.3293 0.5435
vn 0.8054 0.4976 0.3221
vn -0.8671 -0.0847 -0.4909
vn -0.8689 -0.1468 -0.4727
vn -0.5531 -0.4943 0.6706
vn -0.9498 -0.2960 -0.1010
vn 0.8228 0.1406 0.5506
vn 0.7806 -0.0188 0.6247
vn 0.4971 0.4665 -0.7316
vn 0.4753 0.5794 -0.6621
vn 0.3753 0.4388 -0.8165
vn 0.3302 0.4195 -0.8456
vn 0.1225 0.3764 -0.9183
vn 0.1429 0.4558 -0.8785
vn -0.0806 -0.9965 -0.0238
vn -0.0073 -0.9991 -0.0408
vn -0.5741 -0.8171 -0.0519
vn -0.5367 -0.8419 -0.0553
vn 0.5777 -0.8117 0.0855
vn 0.4575 -0.8730 0.1689
vn -0.1713 -0.9852 0.0021
vn -0.5531 -0.8323 0.0368
vn 0.6263 -0.5605 0.5418
vn 0.6042 -0.6914 0.3960
vn -0.9654 -0.0021 0.2607
vn -0.4671 0.0365 -0.8835
vn 0.8115 0.4728 0.3433
vn 0.5590 0.8272 -0.0566
vn -0.6860 0.5763 -0.4443
vn -0.5667 0.7304 -0.3814
vn 0.8658 0.2149 0.4519
vn 0.9293 -0.0836 0.3599
vn -0.1459 -0.0285 0.9889
vn -0.0810 -0.2016 0.9761
vn 0.3381 0.6917 0.6382
vn -0.6729 -0.7019 0.2334
vn 0.2971 -0.7889 0.5380
vn 0.3718 -0.4741 0.7981
vn 0.6702 -0.2322 0.7050
vn 0.7809 -0.0241 0.6242
vn 0.8066 -0.1124 0.5803
vn -0.8420 0.3483 -0.4120
vn 0.2723 0.9444 -0.1843
vn 0.9778 0.0345 0.2068
vn 0.8511 -0.2922 0.4361
vn 0.3839 0.3430 0.8573
vn 0.9305 0.3311 -0.1567
vn 0.5655 0.7318 -0.3804
vn 0.6284 0.4503 -0.6343
vn 0.7519 0.1998 -0.6282
vn 0.8202 0.0181 -0.5718
vn -0.7802 0.2573 0.5702
vn -0.9116 -0.1839 -0.3677
vn -0.7167 0.5478 -0.4316
vn -0.7749 0.3652 -0.5160
vn -0.8915 -0.0208 -0.4526
vn -0.8775 -0.0328 -0.4785
vn -0.9566 -0.0845 -0.2787
vn -0.1627 0.0184 0.9865
vn 0.9717 0.0905 0.2184
vn 0.7329 0.6117 0.2978
vn 0.8087 0.5220 0.2713
vn -0.6464 0.7374 0.1962
vn 0.7147 0.6790 0.1677
vn 0.9924 -0.0028 0.1229
vn 0.3173 -0.8742 0.3675
vn -0.3693 -0.8673 -0.3339
vn -0.8093 -0.4511 -0.3762
vn -0.9247 -0.3107 -0.2201
vn -0.9272 -0.3534 -0.1243
vn -0.8955 -0.2737 0.3510
vn 0.3202 0.4912 -0.8100
vn 0.4361 0.5815 -0.6868
vn 0.3912 0.5092 -0.7666
vn 0.3049 0.4696 -0.8286
vn 0.3584 0.4312 -0.8280
vn -0.2048 -0.4444 0.8721
vn -0.9483 -0.3080 -0.0762
vn -0.9595 -0.2369 -0.1528
vn -0.5120 -0.8033 0.3043
vn -0.7221 -0.6650 0.1906
vn -0.8581 -0.4148 0.3027
vn -0.4996 -0.7981 0.3369
vn 0.9503 0.3113 -0.0070
vn 0.8964 0.4376 -0.0703
vn -0.5721 -0.7456 0.3418
vn -0.6117 -0.6626 0.4322
vn -0.6071 -0.6257 0.4898
vn -0.7276 -0.6204 0.2927
vn -0.8384 -0.5304 0.1253
vn -0.8250 -0.4942 0.2741
vn -0.8408 -0.3935 0.3717
vn -0.6794 -0.1733 0.7130
vn -0.3835 -0.5137 0.7675
vn -0.8325 -0.4636 0.3035
vn -0.3571 -0.7044 0.6134
vn -0.5309 -0.7522 0.3904
vn -0.5768 -0.7920 0.2000
vn 0.5506 0.3778 -0.7444
vn 0.6536 -0.7568 0.0050
vn -0.4292 -0.8617 0.2704
vn -0.6540 -0.6975 0.2929
vn -0.9171 -0.3864 0.0984
vn -0.8658 -0.1952 0.4608
vn -0.9339 -0.3304 0.1364
vn -0.9651 -0.2399 -0.1051
vn -0.9543 -0.2972 0.0325
vn -0.9747 0.2210 -0.0321
vn -0.9879 -0.0372 -0.1503
vn -0.9356 -0.3475 -0.0629
vn 0.5116 -0.5550 0.6560
vn 0.8406 -0.1737 0.5131
vn 0.9221 0.0457 0.3843
vn 0.9425 0.0096 0.3340
vn 0.9477 -0.0071 0.3191
vn 0.3862 -0.8032 0.4536
vn 0.0184 0.8451 0.5342
vn -0.3056 0.9431 -0.1311
vn 0.9963 0.0706 -0.0487
vn -0.0195 0.5288 -0.8486
vn -0.7470 -0.2612 -0.6114
vn -0.9692 -0.0945 0.2273
vn -0.7840 -0.5317 -0.3204
vn 0.1395 -0.2431 0.9599
vn -0.7315 -0.4905 0.4736
vn -0.2646 -0.9246 -0.2742
vn -0.7884 -0.1317 -0.6009
vn 0.4767 0.7009 -0.5306
vn -0.7422 -0.5740 0.3458
vn 0.4592 -0.8754 0.1507
vn 0.4368 -0.8944 -0.0958
vn 0.6687 -0.7415 -0.0555
vn 0.3051 -0.8741 0.3779
vn 0.3384 -0.3727 0.8641
vn 0.6970 -0.7079 0.1141
vn -0.0398 -0.9949 -0.0921
vn 0.0672 -0.9977 -0.0088
vn 0.0623 -0.9981 -0.0003
vn 0.0245 -0.9368 0.3490
vn 0.1379 0.2387 0.9613
vn 0.6683 0.6455 0.3699
vn 0.8898 -0.4542 -0.0452
vn -0.9287 -0.3704 -0.0164
vn -0.6827 -0.7272 -0.0713
vn -0.6392 -0.7530 0.1562
vn -0.9664 -0.1649 0.1973
vn -0.2049 -0.9408 0.2702
vn -0.9226 0.3578 -0.1440
vn -0.9982 -0.0432 -0.0417
vn -0.9037 -0.4170 0.0971
vn -0.8964 -0.4311 -0.1029
vn -0.9111 -0.2165 -0.3508
vn 0.8470 0.4403 0.2978
vn 0.4457 -0.5988 0.6654
vn -0.3694 -0.4474 0.8145
vn 0.4114 0.7610 0.5017
vn 0.8146 0.3815 0.4369
vn 0.4983 -0.8600 -0.1097
vn -0.7641 -0.6342 -0.1178
vn -0.7800 -0.6195 0.0885
vn 0.9202 0.3124 0.2360
vn 0.9332 0.2789 0.2264
vn 0.9574 0.2635 0.1184
vn -0.3367 -0.8402 0.4252
vn -0.7753 -0.5445 0.3201
vn -0.9297 -0.3600 0.0775
vn -0.4513 -0.8861 0.1059
vn 0.9883 0.1521 0.0096
vn -0.3403 -0.9396 -0.0369
vn -0.3116 -0.9499 0.0228
vn 0.6809 0.6606 0.3162
vn 0.6057 -0.3315 0.7234
vn 0.5704 0.6877 0.4491
vn 0.5876 0.8006 0.1169
vn -0.8263 0.4873 0.2824
vn -0.7638 0.4443 0.4683
vn 0.9357 0.3382 0.1007
vn 0.9226 0.3426 0.1773
vn 0.2846 0.0878 -0.9546
vn 0.9096 0.3336 -0.2478
vn 0.9884 0.1308 0.0771
vn 0.8551 -0.1259 -0.5029
vn -0.7555 0.0769 -0.6507
vn -0.3652 0.8916 -0.2678
vn -0.2860 -0.0298 0.9578
vn 0.8064 -0.0130 0.5912
vn -0.2902 0.5821 0.7596
vn 0.8689 0.3517 0.3484
vn -0.4668 -0.0680 0.8817
vn -0.4237 -0.1371 0.8954
vn -0.9809 -0.0973 -0.1686
vn -0.9919 -0.0318 -0.1233
vn -0.9967 0.0331 -0.0742
vn -0.9844 -0.0768 -0.1585
vn -0.0543 -0.9984 0.0164
vn -0.1478 -0.9709 -0.1883
vn 0.6448 -0.3550 0.6769
vn 0.3970 0.8301 0.3916
vn 0.8130 0.2134 0.5417
vn 0.4329 -0.8456 0.3124
vn -0.4913 -0.8653 -0.0999
vn -0.8548 0.4390 -0.2767
vn -0.8383 0.5187 -0.1680
vn -0.8894 -0.4527 0.0639
vn -0.6737 -0.6893 -0.2666
vn 0.9782 0.1712 0.1174
vn 0.8864 -0.4100 0.2147
vn -0.6507 -0.6833 0.3312
vn 0.2225 -0.8476 0.4817
vn -0.9222 -0.2485 -0.2964
vn -0.9078 -0.4171 -0.0436
vn -0.8949 -0.4227 -0.1427
vn -0.8289 -0.5061 -0.2383
vn -0.6763 0.7359 0.0318
vn 0.6837 0.7046 0.1900
vn -0.6018 0.5574 0.5720
vn 0.7594 0.6359 0.1374
vn 0.9058 0.3480 0.2416
vn -0.6596 0.7395 0.1348
vn 0.4305 0.9023 0.0236
vn 0.7028 0.7109 0.0274
vn 0.7429 0.6656 0.0715
vn 0.7023 0.6885 -0.1808
vn -0.9236 -0.3822 -0.0307
vn -0.6745 -0.7383 -0.0031
vn -0.8003 -0.5993 0.0164
vn -0.5700 -0.8216 -0.0068
vn 0.8289 0.5477 0.1133
vn 0.9611 0.1189 0.2492
vn 0.7995 -0.4461 0.4023
vn 0.9442 0.1948 0.2656
vn 0.9195 -0.3931 0.0045
vn 0.4489 -0.8933 0.0234
vn 0.6247 -0.7667 -0.1484
vn 0.7176 -0.6810 -0.1457
vn 0.1346 0.9893 -0.0556
vn -0.3329 0.9381 -0.0954
vn -0.8639 -0.4865 -0.1306
vn -0.7933 -0.1076 0.5993
vn -0.9157 0.3212 -0.2414
vn -0.7190 -0.6815 -0.1365
vn -0.1581 0.9756 0.1521
vn 0.9449 -0.2873 0.1568
vn 0.8655 0.1716 0.4705
vn -0.0066 0.6160 0.7877
vn 0.0464 0.9144 0.4021
vn -0.9652 0.2610 -0.0157
vn -0.9128 0.4069 0.0334
vn -0.4524 0.6941 0.5600
vn -0.9534 0.2782 -0.1167
vn -0.9299 0.3569 -0.0889
vn -0.8994 0.4322 0.0652
vn -0.4776 -0.7706 -0.4220
vn -0.5122 -0.8566 -0.0625
vn 0.0654 0.9868 0.1483
vn -0.9365 0.3506 0.0020
vn -0.5708 -0.7841 -0.2437
vn -0.9927 -0.0592 -0.1050
vn 0.4702 0.7674 0.4358
vn 0.5400 0.1354 0.8307
vn 0.2337 0.3261 0.9160
vn -0.7918 0.4396 0.4241
vn -0.8252 0.4489 0.3428
vn -0.6381 0.7393 0.2151
vn -0.4969 0.8678 0.0092
vn -0.8931 0.1938 0.4060
vn 0.3104 0.4691 0.8268
vn 0.4627 0.5104 0.7248
vn -0.5009 -0.8421 0.1999
vn -0.6501 -0.7314 0.2061
vn -0.5797 -0.3355 0.7426
vn -0.2450 0.4320 0.8680
vn -0.5972 0.6317 0.4942
vn -0.5855 0.7685 -0.2580
vn -0.8194 -0.5414 -0.1883
vn -0.7057 -0.5587 0.4357
vn 0.5115 0.2929 0.8078
vn 0.7560 0.6010 0.2592
vn 0.5809 -0.6665 0.4672
vn 0.6894 0.3476 0.6355
vn 0.5137 -0.8427 0.1613
vn -0.2740 -0.5287 0.8034
vn 0.7123 0.6370 0.2947
vn 0.0719 -0.5889 0.8050
vn 0.6199 -0.7737 0.1305
vn 0.5331 -0.7281 0.4309
vn 0.2813 -0.8466 0.4519
vn 0.9960 -0.0878 -0.0190
vn 0.8232 0.5645 -0.0598
vn 0.6562 0.7546 -0.0023
vn 0.5384 0.8263 0.1652
vn 0.0728 -0.6984 0.7120
vn 0.8267 0.5001 0.2578
vn 0.9849 -0.1619 -0.0610
vn 0.9140 0.0714 -0.3995
vn 0.9695 -0.1659 -0.1805
vn 0.9625 -0.2711 -0.0058
vn 0.9266 -0.3438 0.1524
vn -0.5789 -0.4433 0.6844
vn -0.6938 0.6715 0.2603
vn -0.8233 0.5674 -0.0156
vn -0.5500 0.5677 0.6125
vn -0.9666 -0.2560 -0.0080
vn -0.9950 -0.1002 0.0010
vn -0.9797 0.1920 0.0578
vn -0.8091 0.5864 0.0396
vn -0.2356 -0.1755 0.9559
vn 0.7869 -0.1126 0.6067
vn -0.2343 0.8460 -0.4790
vn -0.9153 -0.1190 -0.3847
vn -0.5638 0.8258 -0.0135
vn -0.5360 0.8433 -0.0402
vn -0.7075 0.6588 -0.2557
vn -0.8252 0.5174 0.2267
vn -0.9147 0.1132 0.3879
vn -0.9701 -0.2343 -0.0638
vn -0.9555 -0.2904 -0.0526
vn -0.9847 0.1328 -0.1129
vn -0.9838 -0.1622 -0.0756
vn -0.8428 0.5226 -0.1287
vn -0.2581 0.9648 -0.0508
vn -0.2642 0.9632 -0.0488
vn -0.2302 0.9730 -0.0134
vn -0.5568 0.8277 -0.0704
vn -0.8526 0.4913 -0.1779
vn 0.3987 0.8728 0.2816
vn -0.7489 0.6614 0.0424
vn -0.7053 0.7089 -0.0001
vn 0.9894 0.0817 0.1204
vn 0.2469 0.9662 0.0743
vn 0.1792 0.9765 -0.1198
vn 0.9760 0.2101 0.0576
vn 0.9215 0.3854 0.0481
vn -0.8363 0.5393 0.0987
vn -0.9315 0.3582 0.0629
vn -0.9647 0.2608 0.0358
vn -0.9615 0.2669 0.0655
vn -0.8730 0.3785 0.3074
vn -0.9885 0.1432 0.0482
vn 0.0242 0.9881 0.1521
vn -0.2590 0.7950 0.5485
vn 0.2467 0.9222 -0.2977
vn 0.7134 0.6982 0.0592
vn 0.9099 0.3778 -0.1715
vn 0.3809 0.7590 -0.5281
vn -0.4779 0.6680 -0.5704
vn -0.3723 0.8664 -0.3328
vn -0.0114 0.9475 0.3197
vn -0.7097 0.6750 0.2019
vn -0.8835 0.3955 -0.2510
vn -0.9932 0.1058 0.0487
vn -0.6477 0.4896 0.5837
vn 0.3332 0.7448 0.5781
vn 0.5807 0.1004 0.8079
vn 0.9787 0.0279 0.2032
vn 0.9823 -0.0290 0.1851
vn 0.5734 -0.4086 0.7101
vn 0.9835 0.0984 0.1520
vn 0.9855 0.0607 0.1587
vn -0.6335 -0.4098 0.6563
vn -0.7413 0.0202 0.6708
vn -0.2856 0.6377 0.7154
vn 0.7558 0.4681 0.4578
vn 0.9836 0.1242 0.1306
vn 0.1630 0.9060 0.3907
vn 0.4222 0.3538 0.8346
vn -0.2716 0.3618 0.8918
vn -0.3015 0.7953 0.5259
vn -0.1178 0.9920 0.0449
vn 0.0740 0.9962 -0.0453
vn 0.7608 0.6310 0.1514
vn 0.9034 0.1710 0.3931
vn -0.3462 0.9317 0.1103
vn 0.0282 0.9685 0.2475
vn -0.0889 0.9439 0.3179
vn -0.1174 0.9725 0.2010
vn -0.2594 0.9124 0.3166
vn -0.6451 0.3097 0.6985
vn -0.4460 0.7136 0.5403
vn -0.8648 -0.0009 0.5022
vn -0.6940 0.1107 0.7114
vn -0.9555 -0.1371 0.2611
vn -0.8692 0.4565 0.1901
vn -0.8652 0.2055 0.4573
vn -0.8443 0.5355 -0.0174
vn -0.7089 0.7053 0.0027
vn -0.6071 0.7946 -0.0027
vn -0.9935 0.1130 0.0113
vn -0.7885 0.6150 0.0009
vn -0.9987 0.0493 0.0138
vn -0.6583 0.4465 0.6060
vn -0.6531 0.7521 0.0876
vn -0.5317 0.2296 0.8152
vn 0.1792 -0.6223 -0.7620
vn 0.9960 -0.0642 0.0623
vn 0.9934 0.1139 0.0166
vn 0.9255 0.1205 -0.3590
vn 0.4293 0.2585 -0.8654
vn 0.1323 0.0529 -0.9898
vn -0.2987 -0.0768 -0.9512
vn -0.3200 -0.3122 -0.8945
vn -0.4135 -0.4336 -0.8006
vn -0.5317 -0.6554 -0.5364
vn -0.8040 -0.5946 -0.0010
vn -0.2533 -0.0806 -0.9640
vn -0.1736 -0.7066 0.6860
vn 0.9307 -0.2424 0.2738
vn -0.9286 -0.3166 0.1937
vn -0.0558 -0.1048 -0.9929
vn 0.2979 0.3036 -0.9050
vn -0.1257 0.3915 -0.9116
vn -0.0532 0.3722 -0.9266
vn -0.1107 0.0497 -0.9926
vn -0.5004 -0.3066 -0.8097
vn -0.1549 -0.2121 -0.9649
vn 0.3029 0.7789 -0.5491
vn 0.6509 0.7542 -0.0869
vn -0.1418 0.9899 0.0062
vn -0.2094 0.9707 -0.1179
vn -0.2822 0.6228 -0.7297
vn -0.3957 0.2747 -0.8763
vn -0.1947 0.8785 -0.4363
vn -0.1793 0.8293 -0.5292
vn -0.4495 0.8756 -0.1769
vn 0.8589 -0.1172 -0.4986
vn 0.6816 -0.3966 -0.6149
vn 0.3495 -0.1310 -0.9277
vn 0.7150 0.1545 -0.6818
vn 0.9308 0.3232 -0.1706
vn 0.9899 -0.0638 -0.1266
vn 0.8801 -0.4565 -0.1307
vn -0.6529 0.5622 0.5076
vn 0.5432 0.5417 0.6415
vn 0.7478 0.0337 0.6630
vn -0.2369 -0.5783 0.7807
vn -0.6709 0.7414 0.0119
vn 0.2695 0.9423 0.1985
vn -0.9880 -0.0360 0.1500
vn -0.9917 -0.0064 0.1282
vn -0.9981 0.0560 -0.0267
vn -0.9919 0.0908 -0.0886
vn -0.9990 -0.0078 0.0444
vn -0.1500 0.4214 -0.8944
vn -0.3059 0.8045 -0.5091
vn -0.9813 0.0874 -0.1713
vn -0.9551 0.0297 -0.2947
vn 0.8603 0.3953 -0.3218
vn 0.6128 0.7414 -0.2734
vn -0.8549 -0.0755 -0.5132
vn -0.8432 -0.0677 -0.5333
vn 0.1317 -0.3375 -0.9321
vn 0.9579 0.0415 -0.2842
vn -0.8844 -0.0192 -0.4663
vn -0.2546 0.8612 -0.4400
vn 0.0933 0.7743 -0.6258
vn -0.2163 0.3869 -0.8964
vn -0.5485 0.6132 -0.5684
vn -0.3137 0.9381 -0.1468
vn 0.1767 0.9706 -0.1632
vn -0.6856 0.7052 -0.1807
vn -0.3331 0.8887 0.3151
vn 0.1093 0.8917 0.4393
vn -0.6768 0.6595 0.3271
vn -0.0160 0.8322 0.5543
vn 0.1572 0.8274 0.5391
vn -0.0649 0.9724 0.2240
vn 0.3174 0.9106 0.2647
vn 0.1463 0.9493 0.2783
vn 0.5275 0.6857 0.5015
vn 0.2354 0.9279 0.2892
vn 0.6678 0.0446 0.7430
vn 0.0848 0.1253 0.9885
vn -0.8435 0.4702 -0.2595
vn -0.9285 0.1256 -0.3494
vn -0.8794 0.4745 -0.0385
vn -0.9948 0.0703 -0.0738
vn -0.4452 0.8942 -0.0465
vn -0.3424 0.9395 -0.0033
vn -0.6123 0.7075 -0.3528
vn -0.4110 0.9028 -0.1262
vn -0.0406 -0.9502 -0.3090
vn -0.0219 -0.9970 -0.0744
vn -0.4193 -0.9024 -0.0989
vn -0.3285 -0.8292 -0.4523
vn 0.2636 -0.8203 -0.5076
vn 0.3833 -0.9172 -0.1089
vn -0.0342 -0.5630 -0.8258
vn 0.9859 -0.1673 -0.0072
vn 0.9740 -0.0805 -0.2120
vn -0.9639 0.0032 -0.2663
vn -0.9860 -0.0675 -0.1524
vn -0.2358 0.9543 0.1839
vn -0.0231 0.9783 0.2058
vn -0.0071 0.9998 0.0198
vn -0.0012 0.9998 0.0205
vn -0.0247 0.9997 0.0027
vn -0.0088 0.9999 0.0112
vn -0.0637 0.9979 0.0093
vn -0.4610 0.8390 -0.2890
vn -0.7783 0.6019 -0.1787
vn -0.8645 -0.3801 -0.3288
vn -0.6312 -0.1110 -0.7676
vn -0.1074 0.1851 -0.9768
vn -0.0360 0.8514 -0.5232
vn -0.2241 0.9726 -0.0624
vn 0.0619 0.9896 -0.1295
vn -0.6370 -0.0581 -0.7687
vn -0.8903 -0.0536 -0.4521
vn -0.7749 0.3420 -0.5316
vn -0.4360 0.1786 -0.8820
vn -0.4531 -0.2625 -0.8519
vn -0.7957 -0.4301 -0.4264
vn -0.1438 0.0001 -0.9896
vn 0.4540 0.7501 0.4809
vn 0.1359 0.8996 0.4151
vn 0.1110 0.8063 0.5810
vn 0.4295 0.7440 0.5119
vn 0.4517 0.7908 0.4130
vn 0.4389 0.7617 0.4766
vn 0.2225 0.7827 0.5812
vn 0.2964 0.8705 0.3928
vn -0.1125 0.6769 0.7274
vn -0.1242 0.8802 0.4580
vn 0.1505 0.9407 0.3040
vn 0.1264 0.9285 0.3491
vn 0.0943 0.6726 0.7340
vn -0.0227 0.5668 0.8236
vn 0.2150 0.9436 0.2518
vn 0.8177 -0.1478 0.5564
vn 0.9552 -0.2108 0.2079
vn -0.9968 -0.0768 -0.0228
vn -0.9972 -0.0465 0.0592
vn -0.6230 -0.5610 0.5451
vn -0.7190 -0.4329 0.5437
vn 0.1235 -0.5577 0.8208
vn 0.3875 -0.5579 0.7339
vn -0.9811 -0.1659 0.0994
vn -0.9704 -0.1471 0.1915
vn 0.2345 -0.3206 0.9177
vn -0.7870 -0.2783 0.5506
vn -0.9956 -0.0773 0.0526
vn -0.5912 0.7937 0.1435
vn -0.5840 0.5702 0.5778
vn 0.5209 0.7980 0.3030
vn -0.6393 0.7529 -0.1564
vn 0.4640 0.8858 0.0042
vn -0.9811 0.1198 0.1522
vn -0.9971 0.0724 -0.0236
vn -0.7279 0.2437 0.6409
vn 0.6101 0.3416 -0.7149
vn 0.3739 0.8312 -0.4115
vn 0.3401 0.8819 -0.3266
vn 0.3525 0.8763 -0.3283
vn 0.9363 0.1928 -0.2936
vn 0.2127 0.9767 -0.0268
vn -0.0302 -0.3107 -0.9500
vn 0.4169 -0.2414 -0.8763
vn 0.8276 -0.3097 -0.4682
vn -0.3650 0.6857 -0.6297
vn -0.2855 0.1966 -0.9380
vn 0.4691 0.2169 -0.8561
vn 0.3535 0.4478 -0.8213
vn 0.1390 0.8188 -0.5570
vn -0.0409 0.8874 -0.4591
vn -0.7506 0.6353 -0.1817
vn -0.8601 0.0993 -0.5003
vn -0.0059 1.0000 -0.0007
vn -0.0073 1.0000 0.0030
vn -0.0119 0.9999 -0.0027
vn -0.0055 1.0000 -0.0030
vn -0.0032 1.0000 0.0012
vn -0.0027 1.0000 0.0045
vn -0.0002 1.0000 -0.0008
vn 0.0180 0.9792 0.2022
vn -0.9095 0.4120 0.0545
vn -0.9704 0.2407 -0.0179
vn -0.8256 0.5252 -0.2062
vn -0.0581 0.8037 0.5921
vn -0.8554 0.4449 0.2653
vn -0.1521 0.9556 -0.2524
vn 0.7486 0.6545 -0.1059
vn 0.9235 0.3448 0.1681
vn 0.8172 0.4793 0.3200
vn 0.7370 0.4729 0.4829
vn -0.9029 0.1297 0.4099
vn -0.7924 0.5664 0.2266
vn 0.5401 0.8173 0.2007
vn 0.8373 0.3207 0.4429
vn -0.2246 0.8819 -0.4144
vn -0.3756 0.2393 -0.8954
vn -0.8864 0.2963 -0.3555
vn -0.4823 0.8664 0.1296
vn 0.6754 0.6952 -0.2460
vn 0.6439 0.1989 -0.7388
vn 0.5964 0.7028 0.3877
vn 0.7010 0.6595 0.2714
vn 0.0224 0.9811 0.1923
vn -0.0804 0.7903 0.6075
vn 0.6965 0.4467 0.5616
vn 0.9199 0.3907 0.0339
vn 0.2096 0.9662 -0.1501
vn 0.9437 0.1286 0.3048
vn 0.9667 0.2543 0.0274
vn 0.8848 0.4359 -0.1646
vn 0.9231 0.2571 -0.2859
vn 0.9862 0.1531 0.0623
vn 0.9696 0.2309 0.0812
vn 0.7209 0.6887 0.0773
vn 0.7531 0.6560 0.0499
vn 0.6259 0.7681 -0.1348
vn 0.6530 0.7074 -0.2707
vn 0.1643 0.8804 -0.4448
vn 0.9013 0.4330 0.0138
vn 0.3843 0.9129 0.1377
vn 0.9951 0.0758 0.0636
vn 0.9887 0.1497 -0.0041
vn 0.9851 0.0451 0.1658
vn -0.2489 0.6549 -0.7135
vn -0.5595 0.6185 -0.5517
vn -0.2032 0.8841 -0.4209
vn 0.0361 0.6725 -0.7392
vn -0.2546 0.7109 -0.6556
vn -0.4911 0.7459 -0.4500
vn 0.0395 0.7150 -0.6980
vn 0.4187 0.8995 -0.1245
vn 0.2402 0.9268 -0.2888
vn 0.1773 0.9804 -0.0853
vn 0.3959 0.9172 -0.0450
vn 0.6063 0.7934 -0.0538
vn 0.5989 0.7761 -0.1976
vn 0.4186 0.7733 -0.4762
vn 0.2511 0.9096 -0.3310
vn 0.2482 0.9118 -0.3271
vn 0.1260 0.9212 -0.3680
vn 0.1436 0.9704 -0.1941
vn 0.3853 0.9068 -0.1712
vn 0.2427 0.9701 -0.0091
vn 0.2006 0.9753 -0.0920
vn 0.0842 0.9919 -0.0956
vn 0.6843 0.7290 0.0179
vn 0.9488 0.2929 0.1184
vn 0.8700 0.2486 0.4258
vn 0.3301 0.6574 0.6774
vn 0.9172 0.3671 -0.1550
vn 0.9023 0.4271 0.0588
vn 0.0617 0.7213 0.6899
vn 0.0702 0.9973 0.0235
vn 0.7958 0.6030 0.0556
vn 0.9816 0.1387 0.1312
vn 0.9500 0.1988 0.2406
vn 0.7899 0.4966 0.3599
vn 0.9992 0.0303 -0.0248
vn 0.9968 -0.0029 0.0796
vn 0.1529 0.9722 -0.1776
vn 0.7769 0.3441 -0.5274
vn 0.6923 0.4905 -0.5293
vn 0.0193 0.9770 -0.2124
vn -0.1229 0.5059 -0.8538
vn 0.6134 0.1207 -0.7805
vn 0.8894 -0.0317 -0.4560
vn 0.8689 0.0804 -0.4884
vn 0.8275 0.2020 -0.5238
vn 0.9031 0.2041 -0.3779
vn 0.3453 0.5030 -0.7923
vn 0.4163 0.0298 -0.9087
vn 0.7217 0.3084 -0.6197
vn 0.2019 0.7719 -0.6029
vn 0.3233 0.3472 -0.8803
vn 0.3403 0.0451 -0.9392
vn 0.1465 0.8800 -0.4518
vn 0.1817 0.8342 -0.5206
vn -0.0135 0.6876 -0.7259
vn 0.0414 0.9376 -0.3454
vn -0.2838 0.5194 -0.8060
vn -0.9204 0.3205 0.2238
vn -0.2334 0.7315 0.6406
vn -0.3419 0.1282 0.9310
vn -0.9617 0.0490 0.2697
vn -0.7677 0.6123 0.1892
vn -0.1374 0.9885 0.0630
vn -0.9927 0.0512 0.1091
vn -0.9682 0.0359 0.2475
vn -0.9876 -0.0086 -0.1567
vn -0.9933 0.0461 -0.1058
vn -0.9980 0.0504 -0.0389
vn 0.9186 0.2540 0.3028
vn 0.6948 0.6965 0.1794
vn 0.9810 0.1374 0.1371
vn 0.9741 0.0751 0.2131
vn 0.9056 0.0612 0.4198
vn 0.6628 0.1486 0.7339
vn 0.2758 0.8504 0.4480
vn 0.1391 0.9858 0.0942
vn 0.1345 0.3911 -0.9105
vn 0.4109 0.3017 -0.8603
vn 0.5422 0.2985 -0.7854
vn 0.3961 0.7096 -0.5828
vn 0.0319 0.9992 -0.0251
vn -0.2745 0.9180 -0.2863
vn 0.0721 0.0430 -0.9965
vn 0.3487 -0.0339 -0.9366
vn -0.5347 0.3139 -0.7846
vn 0.5216 0.4499 0.7249
vn -0.1455 0.3646 0.9197
vn -0.3658 0.9224 0.1240
vn 0.1588 0.9858 -0.0550
vn 0.4184 0.2611 0.8699
vn 0.2393 0.1230 0.9631
vn 0.5889 0.1681 0.7905
vn 0.4929 0.5390 0.6831
vn 0.8443 0.4720 0.2538
vn 0.6310 0.1046 0.7687
vn 0.4031 0.2641 0.8762
vn -0.8519 0.3555 -0.3846
vn -0.2837 0.4999 -0.8183
vn -0.3275 0.9126 -0.2448
vn -0.7250 0.6507 -0.2257
vn -0.9514 0.2372 -0.1966
vn -0.9706 0.2072 -0.1224
vn -0.9864 0.0942 -0.1345
vn -0.9917 0.0065 -0.1284
vn -0.8264 -0.0053 -0.5631
vn -0.1741 -0.0160 -0.9846
vn -0.9857 0.1283 -0.1093
vn -0.9143 0.3750 0.1530
vn -0.7693 0.5855 0.2558
vn -0.9355 0.0440 0.3507
vn -0.9060 0.0921 0.4132
vn -0.4862 0.6349 -0.6004
vn -0.2096 0.9767 -0.0462
vn -0.8857 0.0908 0.4552
vn -0.8990 0.0514 0.4349
vn -0.9001 -0.0055 0.4357
vn -0.9927 0.0517 -0.1090
vn -0.5635 0.0691 -0.8232
vn 0.1278 0.0412 0.9909
vn 0.1017 -0.1099 0.9887
vn -0.2622 0.0033 0.9650
vn -0.7071 0.2699 0.6536
vn 0.1262 0.1124 0.9856
vn 0.6743 0.5766 -0.4614
vn 0.7146 0.6980 -0.0474
vn 0.9957 0.0514 -0.0772
vn 0.7010 0.1005 -0.7061
vn 0.2250 0.1332 -0.9652
vn 0.1859 0.7540 -0.6300
vn 0.0721 0.9963 -0.0472
vn 0.5436 0.6863 0.4832
vn 0.7270 0.2546 0.6377
vn 0.9956 0.0696 0.0622
vn 0.6877 0.7243 0.0497
vn 0.0142 0.9999 0.0066
vn 0.0282 0.9102 0.4131
vn 0.0909 0.4129 0.9062
vn 0.7062 0.6885 -0.1651
vn 0.5863 0.6057 -0.5380
vn 0.3479 0.8261 0.4434
vn -0.0357 0.9960 0.0815
vn 0.9867 0.1153 -0.1144
vn 0.7898 0.1911 0.5829
vn 0.3085 0.4097 0.8585
vn -0.0018 0.2060 0.9785
vn -0.2551 0.1604 0.9535
vn -0.5032 0.4152 0.7579
vn -0.3006 0.9530 -0.0383
vn 0.3637 0.9177 0.1596
vn 0.8480 0.2550 0.4647
vn 0.4957 0.0013 0.8685
vn 0.8088 0.4366 0.3940
vn 0.7272 0.3598 0.5845
vn -0.2256 0.8291 0.5115
vn 0.0287 0.9995 0.0153
vn 0.6754 -0.0102 0.7374
vn 0.4637 -0.0110 0.8859
vn -0.1274 0.1260 0.9838
vn -0.6045 0.4358 0.6668
vn -0.4811 0.8658 0.1374
vn -0.3046 0.8780 0.3692
vn -0.5542 0.4401 0.7065
vn -0.5956 0.0871 0.7986
vn -0.5359 0.1068 0.8375
vn -0.4599 0.1046 0.8818
vn -0.4488 0.1851 0.8742
vn -0.4349 0.1392 0.8896
vn -0.6908 0.2634 0.6733
vn -0.8920 0.4510 0.0310
vn 0.1510 0.9577 -0.2450
vn -0.3241 0.9132 -0.2470
vn -0.7567 0.5693 -0.3214
vn -0.4003 0.1278 -0.9074
vn -0.2036 0.1842 -0.9616
vn -0.1436 0.6590 -0.7383
vn -0.1799 0.0535 -0.9822
vn 0.0835 0.6426 0.7616
vn 0.4004 0.4334 0.8074
vn -0.0385 0.1720 0.9843
vn -0.1046 0.2062 0.9729
vn -0.1274 0.0811 0.9885
vn -0.0931 0.1492 0.9844
vn 0.1485 0.9886 0.0230
vn 0.6849 0.6641 0.2999
vn -0.0701 0.5546 -0.8292
vn -0.2430 0.8168 -0.5232
vn -0.3617 0.2464 -0.8992
vn -0.4056 0.2383 -0.8825
vn -0.4746 0.0993 -0.8746
vn -0.4220 0.0821 -0.9029
vn 0.0989 0.0909 -0.9909
vn 0.6727 0.1025 -0.7327
vn 0.5496 0.6416 -0.5350
vn -0.4163 -0.0150 -0.9091
vn 0.0121 0.9932 -0.1162
vn 0.8594 0.4478 0.2470
vn 0.8171 0.5498 -0.1733
vn 0.9690 0.1133 0.2197
vn -0.6192 0.4729 0.6269
vn -0.6014 0.1508 0.7846
vn 0.0725 0.1450 0.9868
vn -0.0375 0.5558 0.8305
vn -0.2454 0.9303 0.2725
vn -0.7886 0.6078 0.0930
vn -0.9936 0.1129 -0.0091
vn -0.1488 0.3078 0.9397
vn -0.4544 0.4937 0.7414
vn -0.3614 0.7674 0.5296
vn 0.0503 0.0332 0.9982
vn 0.8239 0.3632 -0.4350
vn 0.8017 0.5827 0.1331
vn 0.9125 -0.0511 0.4059
vn 0.9469 -0.0289 -0.3201
vn 0.3875 0.5095 -0.7683
vn 0.2233 0.9449 -0.2393
vn 0.4159 -0.0045 -0.9094
vn -0.4952 0.5098 -0.7035
vn -0.5949 0.8021 -0.0526
vn -0.2454 0.2099 -0.9464
vn -0.5482 0.1611 -0.8207
vn -0.1446 0.0882 -0.9856
vn -0.1501 0.1323 -0.9798
vn -0.1168 0.1134 -0.9867
vn -0.9368 0.2748 -0.2167
vn 0.4922 0.7332 -0.4693
vn 0.7745 0.1628 -0.6113
vn 0.9503 0.3035 0.0700
vn 0.4143 0.9095 -0.0355
vn 0.1261 0.6455 -0.7533
vn 0.1795 0.4092 -0.8946
vn 0.2682 0.1913 -0.9442
vn 0.1999 0.0606 -0.9779
vn -0.7684 0.6259 -0.1336
vn -0.4011 0.8149 0.4184
vn -0.6148 0.1687 0.7704
vn -0.9835 0.0822 0.1609
vn -0.3939 0.8740 -0.2847
vn -0.0948 0.9932 -0.0682
vn -0.7015 0.3492 -0.6213
vn -0.7031 0.4139 -0.5782
vn -0.7601 0.0962 -0.6427
vn -0.6733 0.1284 -0.7281
vn -0.7928 -0.0271 -0.6089
vn -0.9242 0.3706 -0.0923
vn -0.4985 0.7856 0.3665
vn -0.7448 0.1431 0.6518
vn -0.9909 -0.0006 -0.1346
vn -0.7188 0.6704 -0.1840
vn -0.3096 0.9501 -0.0392
vn -0.9099 0.1598 -0.3828
vn -0.9292 0.2036 -0.3083
vn -0.8882 -0.0251 -0.4588
vn -0.8982 0.0557 -0.4360
vn -0.8867 0.0982 -0.4518
vn -0.6680 0.5041 -0.5474
vn -0.7960 0.1050 -0.5961
vn -0.9888 0.1082 -0.1023
vn -0.8099 0.5830 -0.0649
vn -0.1282 0.7466 -0.6527
vn -0.0823 0.1123 -0.9903
vn -0.2451 0.9688 -0.0367
vn -0.0406 0.8145 -0.5788
vn -0.1274 0.3175 -0.9397
vn -0.5488 0.2452 -0.7992
vn -0.3756 0.8437 -0.3836
vn 0.2134 0.9538 -0.2115
vn 0.4681 0.4619 -0.7534
vn -0.1533 0.9844 0.0869
vn -0.2382 0.5968 0.7662
vn -0.2647 0.9562 0.1248
vn -0.0900 0.1719 0.9810
vn 0.0284 0.1106 0.9935
vn -0.0110 0.1858 0.9825
vn -0.4007 0.2543 0.8802
vn -0.7204 0.5922 0.3611
vn 0.0048 0.0632 0.9980
vn -0.6721 0.4269 -0.6050
vn -0.8590 0.4009 -0.3183
vn -0.8914 0.1865 -0.4131
vn -0.9179 0.0629 -0.3918
vn -0.6555 -0.0128 -0.7551
vn 0.0721 0.0771 -0.9944
vn 0.0839 0.5877 -0.8047
vn -0.9413 -0.0121 -0.3375
vn -0.0421 0.9846 -0.1698
vn -0.3987 0.9153 -0.0576
vn -0.7295 0.6816 0.0576
vn -0.0269 0.7725 -0.6344
vn -0.0098 0.2920 -0.9564
vn -0.6181 0.3795 -0.6884
vn -0.2341 0.9308 -0.2808
vn -0.0423 0.9962 -0.0759
vn 0.1658 0.8750 -0.4548
vn 0.3950 0.3191 -0.8615
vn -0.8706 0.0122 -0.4919
vn -0.8872 0.0637 0.4570
vn -0.9997 -0.0098 -0.0245
vn -0.8613 0.1045 -0.4972
vn -0.5420 -0.0038 -0.8404
vn -0.8113 -0.0964 0.5766
vn -0.3473 -0.0400 -0.9369
vn -0.2578 -0.0458 -0.9651
vn -0.4351 0.0311 0.8999
vn -0.4307 -0.0208 0.9023
vn -0.4230 -0.0516 0.9047
vn -0.5548 -0.0087 0.8319
vn -0.8765 0.4489 0.1741
vn 0.7978 0.5993 0.0657
vn 0.5040 0.6621 0.5547
vn 0.6736 0.1218 0.7290
vn 0.9573 0.0990 0.2716
vn 0.8361 0.1015 -0.5391
vn 0.5215 0.7683 -0.3712
vn 0.1200 0.9899 0.0758
vn -0.1462 0.6599 -0.7370
vn 0.5308 0.0780 -0.8439
vn 0.8037 0.1191 -0.5830
vn 0.4730 0.7385 -0.4805
vn -0.6962 0.3597 -0.6212
vn -0.7569 0.1504 -0.6360
vn -0.5761 0.1500 -0.8035
vn -0.3659 0.0026 -0.9307
vn 0.2575 0.6172 0.7435
vn 0.6444 0.6642 0.3788
vn 0.0846 0.9959 0.0318
vn -0.1775 0.7470 0.6407
vn 0.2328 0.0593 0.9707
vn 0.8109 0.0880 0.5786
vn -0.2845 0.0692 0.9562
vn 0.7150 0.6856 0.1368
vn 0.7020 0.6766 -0.2220
vn 0.1411 0.9897 0.0260
vn 0.3640 0.8125 0.4553
vn 0.9595 0.1992 0.1994
vn 0.9431 0.1338 -0.3043
vn 0.5043 0.2805 0.8167
vn -0.7671 0.6399 -0.0452
vn -0.9719 0.1954 -0.1312
vn -0.6860 0.6327 0.3594
vn -0.8870 0.0951 0.4519
vn -0.9881 0.1177 0.0986
vn -0.8441 0.3146 -0.4341
vn -0.4508 0.2459 -0.8581
vn 0.3494 0.4012 0.8467
vn 0.6909 0.5551 0.4632
vn 0.0813 0.9946 0.0643
vn -0.1581 0.8083 0.5672
vn 0.1344 -0.0771 0.9879
vn 0.7314 -0.1949 0.6535
vn -0.3050 0.2102 0.9289
vn -0.5248 0.4712 0.7089
vn -0.6807 0.0379 0.7316
vn -0.1946 0.2504 0.9484
vn -0.0730 0.7786 0.6232
vn -0.0759 0.9889 0.1281
vn -0.6484 0.7246 0.2337
vn -0.9645 0.0468 0.2600
vn 0.5061 0.8285 -0.2397
vn 0.5333 0.3291 -0.7793
vn 0.9372 0.3471 0.0340
vn 0.9146 0.3390 0.2205
vn 0.8138 0.5631 0.1437
vn 0.9540 0.1211 -0.2744
vn -0.9366 0.3503 -0.0090
vn -0.7922 0.3356 0.5097
vn -0.9896 0.0451 0.1364
vn -0.9973 0.0729 0.0090
vn -0.7615 0.6473 0.0335
vn -0.6051 0.7920 -0.0818
vn -0.9985 -0.0492 0.0245
vn 0.4697 0.7964 0.3810
vn 0.7606 0.3736 0.5309
vn 0.8709 0.4841 0.0849
vn 0.3309 0.9334 0.1385
vn 0.1797 0.8692 0.4606
vn 0.3765 0.4218 0.8248
vn 0.0469 0.9931 0.1071
vn 0.1075 0.5048 -0.8565
vn -0.3284 0.6554 -0.6802
vn 0.0373 0.9950 -0.0928
vn 0.4173 0.7443 -0.5214
vn 0.5545 0.0877 -0.8275
vn 0.0347 -0.0377 -0.9987
vn -0.4507 -0.0219 -0.8924
vn -0.7930 0.5567 0.2476
vn -0.7636 0.5296 -0.3695
vn -0.9010 -0.0749 -0.4273
vn -0.9618 -0.0721 0.2640
vn -0.5390 0.0014 0.8423
vn -0.4690 0.5710 0.6738
vn -0.2217 0.9750 0.0163
vn -0.1041 0.4063 -0.9078
vn 0.0272 0.0023 -0.9996
vn 0.5282 0.3163 -0.7880
vn -0.0106 0.9211 -0.3892
vn -0.1807 -0.0516 -0.9822
vn -0.2954 0.3861 -0.8739
vn -0.5107 0.4506 -0.7322
vn -0.4490 0.4089 -0.7945
vn -0.7353 0.5557 -0.3879
vn -0.6767 0.6682 -0.3091
vn -0.8847 0.1815 -0.4293
vn -0.2354 0.8352 -0.4970
vn -0.3505 0.2517 -0.9021
vn 0.0704 0.9681 0.2403
vn 0.1074 0.9759 0.1901
vn -0.0399 0.9984 -0.0396
vn -0.0764 0.9942 0.0758
vn 0.1522 0.5810 0.7995
vn 0.4426 0.6160 0.6516
vn -0.4226 0.6478 0.6339
vn -0.6994 0.6407 0.3167
vn -0.2491 0.7629 0.5966
vn -0.0455 0.9989 -0.0070
vn -0.6347 0.7212 -0.2775
vn -0.9249 0.0416 -0.3779
vn -0.8915 0.0878 0.4444
vn -0.3309 0.0963 0.9387
vn -0.4351 -0.8177 0.3770
vn -0.3411 -0.9363 0.0830
vn -0.2422 -0.9636 -0.1131
vn -0.4344 -0.8673 -0.2430
vn -0.1314 -0.9476 0.2913
vn -0.1993 -0.9603 0.1952
vn -0.5360 -0.6798 -0.5005
vn -0.6938 -0.5941 0.4070
vn -0.4858 -0.4809 0.7299
vn -0.3572 -0.7569 0.5472
vn -0.2353 -0.9312 0.2783
vn -0.0082 0.7705 0.6374
vn -0.2655 0.9198 0.2889
vn -0.7296 0.4452 0.5191
vn -0.3983 0.3876 0.8313
vn -0.4089 0.6695 -0.6201
vn -0.1927 0.5585 -0.8068
vn -0.3043 0.0460 -0.9515
vn -0.5546 0.5124 -0.6556
vn -0.1667 0.9769 -0.1336
vn -0.0043 0.9776 -0.2104
vn -0.3518 0.9120 -0.2108
vn 0.1442 0.9879 -0.0567
vn -0.4227 0.8560 0.2977
vn -0.8870 0.0377 -0.4603
vn -0.6211 -0.0453 -0.7824
vn -0.5983 0.0170 -0.8011
vn -0.5565 0.1157 -0.8227
vn -0.8638 0.2372 0.4444
vn -0.9362 0.3487 -0.0435
vn -0.8774 0.2499 -0.4096
vn -0.9704 0.0475 0.2368
vn -0.7336 0.3707 -0.5696
vn -0.5368 0.4531 -0.7117
vn -0.3238 0.7250 0.6079
vn -0.5795 0.0522 0.8133
vn -0.0230 0.9990 -0.0396
vn -0.4634 0.4660 0.7537
vn -0.5859 0.6961 0.4149
vn 0.2777 0.6310 0.7244
vn -0.0856 0.2168 0.9725
vn -0.4227 0.1626 0.8916
vn -0.3658 0.6222 0.6922
vn -0.3414 0.7874 0.5132
vn -0.4054 -0.0092 0.9141
vn -0.0950 0.4233 -0.9010
vn 0.0665 0.7030 -0.7080
vn -0.0907 0.9046 -0.4165
vn -0.6178 0.5194 -0.5904
vn -0.8617 0.0685 -0.5028
vn -0.4093 -0.0138 -0.9123
vn 0.2361 -0.0211 -0.9715
vn 0.2358 0.0712 -0.9692
vn 0.2446 0.3629 -0.8991
vn 0.1976 0.4027 -0.8937
vn 0.3049 0.1822 -0.9348
vn -0.8467 0.5304 0.0430
vn -0.5665 0.6822 -0.4622
vn -0.9926 -0.0072 0.1209
vn -0.5606 0.0442 0.8269
vn -0.7542 0.0176 -0.6565
vn -0.5388 0.5333 0.6522
vn -0.8087 0.3502 0.4727
vn -0.9513 0.2894 0.1061
vn -0.5614 0.8226 0.0902
vn -0.8179 0.0849 0.5691
vn -0.8242 0.1348 0.5500
vn -0.1276 0.9901 -0.0589
vn -0.0225 0.9072 0.4201
vn 0.1849 0.3576 0.9154
vn -0.5357 0.0883 0.8398
vn -0.8384 0.0124 0.5450
vn 0.9138 0.3807 -0.1412
vn 0.7846 0.5932 0.1803
vn 0.9773 0.0748 0.1982
vn 0.9791 0.0310 -0.2008
vn 0.8229 0.0748 -0.5632
vn 0.6046 0.7216 -0.3372
vn 0.2137 0.9765 0.0289
vn -0.7763 0.4894 -0.3973
vn -0.5985 0.7766 -0.1968
vn -0.2515 0.0380 -0.9671
vn 0.5914 0.5733 -0.5671
vn 0.9940 0.0979 0.0478
vn 0.6894 0.1359 -0.7115
vn 0.0878 0.1338 -0.9871
vn 0.1790 0.7919 -0.5838
vn -0.7306 0.6357 0.2494
vn -0.9952 -0.0116 -0.0967
vn -0.7792 0.4148 -0.4698
vn 0.4787 0.5568 0.6789
vn 0.3010 0.9381 0.1711
vn 0.8603 0.5047 0.0722
vn 0.6745 0.2226 0.7039
vn 0.3647 0.0595 0.9292
vn 0.3298 0.1806 0.9266
vn 0.2791 0.1665 0.9457
vn 0.3622 0.1880 0.9130
vn 0.0659 0.7169 0.6941
vn 0.3942 0.5506 0.7358
vn 0.5377 0.2964 0.7893
vn 0.4792 0.3654 0.7980
vn 0.4547 0.0888 0.8862
vn -0.1191 0.1442 0.9823
vn -0.4592 0.6830 -0.5680
vn -0.0021 0.7776 -0.6288
vn 0.0532 0.1632 -0.9852
vn -0.5886 0.1811 -0.7879
vn -0.9401 0.1555 -0.3033
vn -0.5977 0.7832 -0.1715
vn -0.0631 0.9978 0.0218
vn -0.8076 0.1666 0.5657
vn -0.8468 0.0930 0.5237
vn -0.8946 0.3130 0.3190
vn -0.6032 0.7390 -0.3002
vn -0.0172 0.9995 -0.0276
vn -0.6768 0.4669 0.5692
vn -0.3412 -0.9006 0.2693
vn -0.3850 -0.7889 0.4790
vn -0.1982 -0.9682 0.1526
vn -0.2948 -0.9472 0.1260
vn -0.4362 -0.8168 0.3776
vn 0.3179 -0.6501 0.6901
vn 0.1091 -0.8665 0.4871
vn -0.1823 -0.7278 0.6611
vn 0.5283 0.3789 -0.7598
vn 0.2022 0.5017 -0.8411
vn 0.3037 0.8736 -0.3803
vn 0.7177 0.5016 -0.4830
vn 0.5274 0.1243 -0.8405
vn 0.0529 0.0524 -0.9972
vn 0.8657 0.1610 -0.4739
vn -0.4071 0.0353 -0.9127
vn -0.5216 0.3836 -0.7621
vn -0.0378 0.5378 -0.8422
vn 0.9472 0.2765 0.1621
vn 0.8109 0.5633 0.1585
vn 0.9856 0.1219 0.1171
vn 0.9889 0.1460 0.0291
vn 0.9848 0.1703 -0.0344
vn 0.9898 0.1336 -0.0485
vn 0.9980 0.0216 -0.0601
vn 0.9876 0.0398 0.1516
vn 0.5033 0.0002 0.8641
vn 0.4865 0.4473 0.7504
vn 0.2285 0.9353 0.2703
vn -0.6826 0.5693 0.4582
vn -0.8569 0.2058 0.4727
vn -0.5055 0.1765 0.8446
vn -0.3717 0.7138 0.5935
vn -0.1400 0.9797 0.1431
vn -0.6196 0.7847 0.0185
vn -0.9674 0.2222 -0.1216
vn -0.0453 0.5738 -0.8178
vn -0.1530 0.1016 -0.9830
vn -0.8514 0.0676 -0.5201
vn -0.5912 0.7056 -0.3907
vn -0.0246 0.9986 -0.0465
vn 0.4087 0.7936 -0.4508
vn 0.6952 0.0739 -0.7150
vn -0.3632 -0.8482 -0.3857
vn -0.1326 -0.9670 -0.2177
vn -0.0249 -0.9779 -0.2076
vn -0.1453 -0.9391 -0.3115
vn -0.4558 -0.8819 0.1202
vn -0.2507 -0.9632 0.0973
vn -0.6030 -0.7580 -0.2488
vn -0.7508 -0.5053 -0.4254
vn -0.6713 -0.5757 -0.4668
vn -0.8011 -0.5925 0.0850
vn 0.4943 0.5572 0.6672
vn 0.7638 0.3445 0.5458
vn 0.8143 0.3009 0.4964
vn 0.8465 0.1724 0.5037
vn 0.8919 0.0306 0.4513
vn 0.5509 0.0925 0.8294
vn 0.0058 0.4200 0.9075
vn 0.0139 0.9772 0.2119
vn 0.5929 0.7316 -0.3364
vn 0.1748 0.8076 -0.5632
vn 0.0203 0.9987 0.0477
vn 0.3985 0.9069 0.1367
vn 0.8104 0.2748 -0.5174
vn 0.2316 0.1736 -0.9572
vn 0.8897 0.3873 0.2417
vn 0.6596 0.4323 -0.6149
vn 0.5185 0.8543 0.0361
vn 0.0953 0.9887 -0.1153
vn 0.3749 0.8100 -0.4508
vn 0.6003 0.3523 -0.7180
vn 0.5532 0.2036 -0.8078
vn 0.4538 0.1654 -0.8756
vn 0.4343 0.0862 -0.8966
vn 0.6627 0.0495 -0.7472
vn 0.9755 0.2195 0.0115
vn 0.3886 0.0119 -0.9213
vn 0.8553 0.5035 -0.1224
vn 0.8808 0.2145 -0.4221
vn 0.8493 0.2001 -0.4885
vn 0.8688 0.0805 -0.4885
vn 0.9777 0.1724 0.1202
vn 0.4921 0.3689 0.7885
vn 0.2022 0.9175 0.3425
vn 0.8671 -0.0063 -0.4981
vn -0.7949 -0.5834 0.1667
vn -0.4442 -0.8835 0.1489
vn -0.1736 -0.9752 0.1370
vn -0.2883 -0.9488 0.1289
vn -0.0629 -0.9966 0.0525
vn -0.5555 -0.7954 0.2424
vn -0.5985 0.7739 0.2072
vn -0.9263 0.2897 0.2409
vn -0.4928 0.4509 0.7442
vn -0.1408 0.9658 0.2177
vn -0.6517 0.5982 0.4663
vn -0.7313 0.6779 0.0751
vn -0.9966 0.0390 0.0719
vn -0.8410 0.0182 0.5408
vn -0.3419 -0.0106 0.9397
vn -0.3242 0.4647 0.8240
vn -0.1165 0.9791 0.1669
vn -0.4467 0.6332 -0.6320
vn -0.4719 0.1959 -0.8596
vn -0.9132 0.1797 -0.3657
vn -0.5396 0.8179 -0.1997
vn -0.0605 0.9966 -0.0558
vn 0.0984 0.7663 -0.6349
vn 0.2112 0.2009 -0.9566
vn -0.0006 -0.9997 -0.0261
vn -0.0146 -0.9566 -0.2909
vn 0.0824 -0.9365 -0.3408
vn 0.0559 -0.9916 -0.1164
vn -0.1287 -0.9886 -0.0776
vn -0.0947 -0.9733 -0.2090
vn 0.0125 -0.9995 -0.0278
vn -0.0356 -0.9975 -0.0611
vn 0.1643 -0.7532 0.6369
vn -0.2779 -0.8122 0.5130
vn -0.4780 -0.8132 0.3320
vn -0.6562 -0.7314 0.1857
vn 0.0203 -0.9655 0.2595
vn -0.2622 -0.8860 0.3825
vn -0.3192 -0.9112 -0.2605
vn -0.0146 -0.9449 0.3270
vn -0.5094 -0.7963 0.3263
vn 0.8468 0.4683 0.2523
vn 0.3852 0.9193 0.0806
vn 0.2795 0.8840 -0.3747
vn 0.6083 0.4367 -0.6627
vn 0.6113 0.5304 0.5874
vn 0.4721 0.8012 0.3677
vn 0.6923 0.1886 -0.6965
vn 0.9706 0.0882 0.2240
vn 0.7191 0.0555 0.6927
vn 0.6555 0.3002 0.6929
vn 0.7381 -0.0409 0.6734
vn 0.3456 0.6845 0.6419
vn 0.4955 0.1899 0.8476
vn 0.9905 0.0828 0.1100
vn 0.6969 0.7159 0.0426
vn -0.0930 0.9411 0.3250
vn -0.2858 0.3067 0.9079
vn 0.0585 0.9979 -0.0278
vn 0.0705 0.6466 0.7596
vn 0.0826 0.1465 0.9858
vn 0.6575 0.1641 0.7353
vn 0.3565 0.7992 0.4840
vn -0.3037 0.7572 0.5782
vn -0.4029 0.1609 0.9010
vn -0.0795 0.9911 0.1069
vn 0.9271 0.2281 -0.2973
vn 0.9027 0.0439 -0.4280
vn 0.9911 0.0230 -0.1311
vn 0.9822 0.1349 -0.1306
vn 0.9139 0.2638 -0.3085
vn 0.6384 0.7373 -0.2208
vn 0.5679 0.5150 -0.6421
vn 0.9749 0.1897 -0.1162
vn 0.9617 0.1909 -0.1965
vn 0.3968 0.0434 -0.9169
vn 0.4599 0.4569 -0.7614
vn -0.1786 0.7422 -0.6459
vn -0.5191 0.2076 -0.8291
vn 0.1811 0.1451 -0.9727
vn 0.7487 0.0175 -0.6627
vn 0.7368 0.1261 -0.6643
vn 0.7393 0.1470 -0.6571
vn 0.6945 0.1326 -0.7072
vn -0.3088 0.4922 0.8139
vn -0.4766 0.0307 0.8786
vn 0.3102 0.0143 0.9506
vn 0.1791 0.7002 0.6911
vn -0.6342 0.6797 0.3686
vn -0.8570 0.0661 0.5110
vn -0.1165 0.9904 0.0749
vn -0.4724 -0.8783 -0.0734
vn -0.2678 -0.9610 -0.0686
vn -0.0966 -0.9949 0.0288
vn -0.3388 -0.9390 0.0585
vn -0.5629 -0.7489 -0.3496
vn -0.5807 -0.8094 0.0870
vn -0.4265 -0.8952 0.1292
vn -0.4811 -0.8679 -0.1238
vn -0.6161 -0.3654 -0.6978
vn 0.5353 0.7753 0.3353
vn 0.3896 0.9098 -0.1429
vn 0.0484 0.9983 -0.0327
vn 0.1804 0.8327 0.5235
vn 0.2875 0.2281 0.9302
vn 0.6963 0.3188 0.6431
vn 0.8909 0.4461 -0.0852
vn 0.2804 -0.3991 -0.8730
vn 0.0061 -0.3058 -0.9521
vn -0.0091 0.2244 -0.9745
vn 0.2534 0.2699 -0.9290
vn 0.3774 0.3170 -0.8701
vn 0.3434 -0.4239 -0.8381
vn 0.0535 -0.8698 -0.4905
vn -0.0386 -0.9402 -0.3384
vn 0.0632 -0.9353 -0.3481
vn -0.7663 0.5063 -0.3955
vn -0.7785 0.6274 -0.0147
vn -0.1530 0.9871 -0.0465
vn -0.2837 0.7948 -0.5365
vn -0.7522 0.0788 -0.6542
vn -0.9949 -0.0440 -0.0902
vn -0.3544 0.2227 -0.9082
vn 0.2754 -0.5970 0.7535
vn 0.3592 -0.8781 0.3162
vn 0.0171 -0.4216 0.9066
vn -0.0018 -0.9179 0.3968
vn -0.5886 -0.5563 0.5866
vn 0.1120 -0.4845 0.8676
vn 0.1703 -0.3638 0.9158
vn 0.3582 0.3799 -0.8528
vn 0.3218 -0.1166 -0.9396
vn 0.1464 -0.8298 -0.5385
vn 0.0716 -0.8985 -0.4330
vn -0.6744 -0.6999 0.2352
vn -0.4998 -0.8317 0.2419
vn -0.2202 -0.9351 -0.2778
vn -0.3847 -0.9051 -0.1810
vn -0.8028 -0.5815 -0.1317
vn -0.8580 -0.4908 0.1519
vn -0.4008 -0.9149 -0.0485
vn -0.1706 -0.9792 0.1098
vn -0.8307 0.5536 -0.0598
vn -0.6555 0.6797 0.3291
vn -0.1814 0.9826 0.0390
vn -0.5491 0.7066 -0.4463
vn -0.9885 0.1208 -0.0912
vn -0.8834 0.0946 0.4589
vn -0.6705 0.1097 -0.7338
vn -0.7141 -0.6675 0.2110
vn -0.5958 -0.6936 0.4049
vn 0.5864 0.6760 -0.4463
vn 0.0368 -0.9959 0.0827
vn 0.5238 0.5236 0.6719
vn -0.0533 0.5628 0.8249
vn -0.0945 -0.0494 0.9943
vn 0.6292 -0.0022 0.7773
vn 0.9410 0.0502 0.3346
vn 0.7527 0.5743 0.3220
vn 0.1562 0.9687 0.1931
vn 0.7654 0.6028 0.2256
vn 0.9685 0.0423 0.2455
vn 0.8650 0.0255 -0.5011
vn 0.5886 0.7429 -0.3189
vn 0.3244 0.7174 0.6165
vn 0.5183 0.0415 0.8542
vn -0.0534 0.9971 0.0543
vn -0.4597 -0.7331 0.5013
vn 0.4869 0.1491 0.8606
vn 0.4355 0.6651 -0.6066
vn 0.1485 0.9742 -0.1700
vn 0.6281 0.6273 0.4604
vn 0.7953 0.6009 0.0797
vn 0.6120 0.2496 -0.7505
vn -0.1663 0.1484 -0.9748
vn -0.2234 0.4465 -0.8665
vn 0.9810 0.1039 0.1641
vn 0.7534 0.6310 -0.1851
vn 0.9164 0.1237 -0.3807
vn 0.4297 0.1358 -0.8927
vn 0.2437 0.7708 -0.5887
vn 0.4814 0.8171 0.3173
vn 0.8419 0.1471 0.5193
vn -0.0102 0.9997 -0.0234
vn -0.3580 -0.8979 -0.2562
vn -0.1331 -0.9742 -0.1823
vn 0.6374 0.5547 -0.5347
vn 0.0424 0.8208 -0.5697
vn 0.0740 0.9952 -0.0633
vn 0.7726 0.6178 -0.1463
vn 0.9872 0.0243 -0.1575
vn 0.8433 0.0821 -0.5311
vn 0.1586 0.1929 -0.9683
vn 0.7432 -0.0037 0.6690
vn 0.4208 -0.9001 -0.1127
vn 0.3378 -0.9410 0.0198
vn 0.2524 -0.9568 0.1442
vn 0.1796 -0.9606 0.2123
vn 0.4031 -0.8182 0.4100
vn 0.5939 -0.5268 0.6081
vn 0.7204 -0.6856 0.1048
vn 0.4977 -0.7213 -0.4817
vn 0.3459 -0.9171 -0.1982
vn 0.1334 -0.9659 -0.2220
vn 0.1877 -0.9787 -0.0833
vn 0.7668 -0.4400 -0.4674
vn 0.1359 0.6077 -0.7825
vn -0.3866 0.7186 -0.5781
vn -0.1030 0.9945 -0.0177
vn 0.4814 0.7386 -0.4719
vn 0.2102 0.0621 -0.9757
vn -0.4800 0.0839 -0.8733
vn 0.7607 0.0354 -0.6481
vn -0.5187 -0.3216 0.7922
vn -0.9166 -0.0164 0.3995
vn -0.7766 -0.0915 0.6233
vn -0.6773 -0.0464 0.7342
vn -0.5739 0.0795 0.8151
vn 0.2295 0.2745 0.9338
vn -0.3119 -0.7765 0.5474
vn -0.6690 -0.2845 0.6867
vn -0.8266 0.3643 0.4290
vn -0.6934 -0.3717 0.6173
vn -0.6750 -0.1428 -0.7239
vn -0.9582 -0.1587 0.2379
vn -0.8145 -0.5108 -0.2753
vn 0.3455 -0.8811 0.3230
vn -0.0818 -0.8561 0.5102
vn -0.3495 -0.6673 0.6576
vn 0.6782 -0.6634 0.3161
vn 0.1662 -0.9671 0.1925
vn 0.0763 -0.9925 0.0959
vn 0.1690 -0.9189 0.3564
vn 0.1938 -0.6798 0.7073
vn -0.1658 -0.9101 -0.3799
vn -0.5455 -0.7750 -0.3191
vn -0.1136 -0.6830 -0.7216
vn -0.0105 -0.9805 -0.1963
vn -0.6776 -0.7352 -0.0193
vn -0.2197 -0.9739 0.0577
vn -0.4281 -0.7185 0.5483
vn -0.0921 -0.9190 0.3834
vn -0.2272 -0.5568 0.7989
vn -0.3326 -0.8917 0.3069
vn 0.4495 -0.5429 0.7093
vn 0.6825 -0.3456 0.6441
vn 0.7317 0.0472 0.6800
vn 0.7138 0.0791 0.6958
vn 0.6417 -0.2266 0.7327
vn 0.2569 -0.8592 0.4425
vn -0.3430 -0.8998 0.2696
vn -0.2744 -0.9414 -0.1962
vn -0.2420 -0.9139 0.3260
vn 0.5476 -0.6358 0.5440
vn 0.1666 -0.9821 0.0884
vn 0.8181 -0.5592 0.1338
vn 0.3962 -0.9154 0.0713
vn -0.2210 -0.4295 -0.8756
vn -0.5421 -0.3780 -0.7505
vn -0.6844 -0.5278 -0.5031
vn -0.2628 -0.4544 0.8511
vn 0.7648 -0.4519 0.4592
vn 0.0736 -0.9973 -0.0048
vn 0.1478 -0.9884 0.0338
vn 0.0549 -0.9773 -0.2046
vn -0.0072 -0.9903 -0.1391
vn -0.9160 -0.0215 0.4005
vn -0.8528 -0.0147 0.5220
vn -0.8676 -0.1052 0.4861
vn -0.7806 -0.2721 0.5627
vn -0.8967 -0.0939 0.4326
vn -0.9346 -0.0545 0.3516
vn -0.9637 -0.0870 0.2525
vn 0.7015 -0.6064 0.3743
vn 0.4532 -0.8221 -0.3447
vn 0.2477 -0.9618 -0.1169
vn 0.3034 -0.9512 0.0555
vn 0.4567 -0.8889 -0.0347
vn 0.0298 -0.7753 -0.6308
vn -0.0481 -0.9395 -0.3391
vn 0.1837 -0.9725 -0.1434
vn 0.5417 -0.7396 -0.3995
vn -0.3448 -0.1055 -0.9327
vn -0.2070 -0.3191 -0.9248
vn -0.1457 -0.2939 -0.9447
vn -0.2540 0.0829 -0.9637
vn -0.7942 -0.1703 -0.5834
vn -0.9138 -0.2896 -0.2849
vn -0.5005 -0.0740 -0.8626
vn -0.4708 0.0841 -0.8782
vn -0.4999 -0.4165 -0.7593
vn 0.4529 -0.8914 0.0155
vn 0.3408 -0.9357 0.0906
vn -0.0121 -0.9915 0.1296
vn -0.1286 -0.9838 -0.1245
vn 0.3689 -0.8751 0.3132
vn 0.0573 -0.9581 0.2805
vn 0.0072 -0.9993 0.0360
vn 0.5107 -0.6728 0.5353
vn 0.3284 -0.8320 0.4471
vn 0.7519 -0.6368 0.1703
vn 0.8638 -0.4674 0.1882
vn 0.3904 -0.9153 -0.0990
vn 0.5542 -0.7452 -0.3709
vn 0.2275 -0.9379 -0.2618
vn 0.8899 -0.4073 0.2056
vn 0.8978 -0.4351 0.0686
vn 0.8363 -0.4309 -0.3389
vn 0.0039 -0.9999 0.0131
vn 0.4206 -0.8733 0.2457
vn 0.3295 -0.9418 0.0665
vn 0.0928 -0.9956 -0.0117
vn 0.0450 -0.9984 0.0349
vn 0.2724 -0.9528 -0.1339
vn 0.4450 -0.8814 0.1583
vn 0.8036 -0.5951 0.0056
vn 0.7436 -0.6186 0.2538
vn 0.3095 -0.8980 -0.3127
vn 0.2983 -0.9406 -0.1620
vn 0.2509 -0.7529 -0.6084
vn -0.7950 0.0440 -0.6050
vn -0.6452 0.0502 -0.7623
vn -0.6697 0.1439 -0.7286
vn -0.7263 0.1544 -0.6698
vn 0.6501 -0.6572 -0.3814
vn -0.9659 0.1277 0.2253
vn -0.9622 0.2187 0.1621
vn -0.9380 0.3400 0.0673
vn -0.8872 0.4423 0.1315
vn -0.9987 -0.0513 0.0037
vn -0.9872 -0.1501 0.0539
vn -0.9676 0.0353 0.2500
vn -0.9588 0.1493 0.2418
vn -0.9966 -0.0496 -0.0656
vn -0.9765 -0.0237 0.2142
vn -0.7571 -0.6152 0.2198
vn -0.8308 -0.5517 -0.0740
vn -0.8982 -0.4164 -0.1410
vn -0.8582 -0.4977 -0.1256
vn -0.3411 -0.9372 0.0729
vn -0.7164 -0.6950 -0.0619
vn -0.9617 -0.2276 -0.1530
vn -0.9058 -0.2150 0.3650
vn -0.3604 -0.2573 0.8966
vn -0.2665 -0.6612 0.7013
vn -0.0975 -0.9726 0.2108
vn 0.0997 -0.3110 0.9452
vn -0.0485 -0.3818 0.9230
vn -0.1764 -0.3611 0.9157
vn -0.1909 -0.1284 0.9732
vn -0.0804 -0.0102 0.9967
vn 0.5310 -0.0309 0.8468
vn 0.6290 -0.5968 0.4981
vn -0.2214 -0.5696 0.7915
vn 0.0100 -0.4173 0.9087
vn -0.2689 -0.9131 0.3064
vn -0.7082 -0.1269 0.6945
vn -0.1225 -0.0336 0.9919
vn -0.0717 -0.2711 0.9599
vn 0.0142 -0.3769 0.9261
vn -0.9819 -0.1825 0.0512
vn 0.9705 -0.0867 -0.2249
vn 0.9752 -0.2205 -0.0182
vn 0.9901 0.1314 0.0498
vn 0.9857 0.0489 -0.1609
vn 0.9799 -0.0444 -0.1947
vn 0.8559 -0.0591 -0.5137
vn 0.6758 -0.3919 -0.6243
vn 0.4423 -0.8464 -0.2965
vn 0.1685 -0.4383 -0.8829
vn 0.0297 0.2892 -0.9568
vn 0.1213 0.2460 -0.9617
vn -0.0624 -0.4478 -0.8919
vn -0.0582 -0.1093 -0.9923
vn -0.0405 0.3008 -0.9528
vn 0.3496 -0.9158 -0.1978
vn 0.9044 -0.3964 -0.1577
vn 0.6060 -0.3662 -0.7062
vn -0.0474 -0.1726 -0.9839
vn -0.5474 -0.7971 -0.2549
vn 0.2330 0.2206 -0.9471
vn 0.2732 -0.1792 -0.9451
vn -0.1881 -0.2725 -0.9436
vn -0.8436 -0.3203 -0.4311
vn 0.5683 -0.0883 -0.8181
vn 0.8700 -0.2680 -0.4139
vn 0.0989 0.0696 -0.9927
vn 0.0280 0.2490 -0.9681
vn 0.4673 -0.7987 -0.3790
vn 0.8614 -0.5061 0.0421
vn 0.1410 0.0918 -0.9857
vn -0.0607 0.0172 -0.9980
vn 0.0241 0.0232 -0.9994
vn 0.0267 0.1443 -0.9892
vn 0.9346 -0.0940 0.3430
vn 0.3019 -0.8861 0.3517
vn 0.2937 -0.5058 0.8111
vn 0.8625 -0.0142 0.5058
vn 0.9722 0.1376 0.1897
vn -0.9725 0.2308 -0.0303
vn -0.9869 0.0451 0.1546
vn -0.9171 0.0552 -0.3949
vn -0.3716 0.6742 -0.6383
vn -0.0531 0.9789 -0.1972
vn -0.7407 0.6333 -0.2243
vn -0.9893 -0.0777 -0.1232
vn -0.9923 -0.0566 0.1104
vn -0.9504 -0.0011 0.3110
vn -0.9575 0.0552 0.2830
vn 0.6099 0.2129 -0.7633
vn 0.1936 0.2096 -0.9584
vn 0.2268 0.0262 -0.9736
vn -0.0812 0.0630 -0.9947
vn 0.8626 -0.0471 0.5037
vn 0.9743 0.2069 -0.0895
vn -0.0011 0.2061 0.9785
vn 0.4192 0.2206 0.8807
vn -0.1446 0.0301 0.9890
vn -0.1118 0.0479 0.9926
vn -0.1075 0.0122 0.9941
vn 0.0196 0.0213 0.9996
vn 0.2767 0.9133 0.2988
vn 0.9302 0.3305 0.1595
vn -0.9480 0.2842 -0.1432
vn -0.9813 0.0224 -0.1911
vn -0.9564 -0.0081 -0.2918
vn -0.9531 0.1264 -0.2751
vn -0.4813 0.8301 0.2816
vn -0.9641 0.0213 -0.2649
vn -0.9741 -0.0186 -0.2254
vn -0.9647 0.1086 0.2397
vn 0.9847 0.1492 0.0902
vn 0.9177 0.0333 0.3959
vn 0.9180 0.0037 0.3965
vn 0.3606 -0.0359 -0.9320
vn 0.3587 -0.0195 -0.9332
vn 0.1542 0.0183 0.9879
vn 0.1446 0.0111 0.9894
vn 0.1746 -0.0159 0.9845
vn 0.0039 0.0193 0.9998
vn -0.4733 0.2343 0.8491
vn 0.9898 0.0090 -0.1422
vn 0.9821 0.0210 -0.1874
vn 0.9367 0.0089 -0.3501
vn 0.9367 -0.0343 -0.3484
vn 0.8139 0.4503 -0.3672
vn 0.8440 0.0243 -0.5358
vn 0.9964 -0.0110 0.0836
vn 0.7270 0.6857 0.0368
vn 0.8640 -0.4547 -0.2165
vn 0.9502 -0.1323 0.2822
vn 0.9239 0.0316 0.3813
vn 0.9823 -0.0769 -0.1710
vn 0.9923 -0.0899 -0.0848
vn 0.9847 -0.0441 0.1689
vn 0.4649 -0.2223 -0.8570
vn 0.3583 -0.7114 -0.6046
vn 0.8380 -0.5455 0.0126
vn 0.9872 -0.0732 -0.1417
vn 0.4929 -0.8640 0.1028
vn 0.5442 -0.1830 0.8187
vn 0.8572 -0.4823 -0.1804
vn -0.0233 -0.9784 -0.2056
vn -0.2189 -0.7027 0.6770
vn 0.0103 0.1226 0.9924
vn 0.1373 0.0554 0.9890
vn 0.1281 -0.0103 0.9917
vn -0.0342 0.0876 0.9956
vn 0.9676 -0.2162 0.1302
vn 0.9547 -0.1110 -0.2762
vn 0.9494 -0.1246 -0.2884
vn 0.9007 0.3838 -0.2035
vn 0.8806 0.4474 -0.1560
vn 0.9133 -0.1526 -0.3775
vn 0.0412 0.0124 -0.9991
vn 0.2918 0.1410 -0.9460
vn 0.2862 0.5382 -0.7927
vn 0.3922 -0.0946 -0.9150
vn 0.0304 -0.2407 -0.9701
vn 0.3607 0.0165 -0.9325
vn 0.9815 -0.0270 -0.1896
vn 0.9462 0.2310 -0.2267
vn 0.2916 0.7860 -0.5451
vn -0.0522 -0.0154 -0.9985
vn -0.0784 0.0037 -0.9969
vn 0.0128 -0.1047 -0.9944
vn 0.0727 0.3299 -0.9412
vn -0.1255 -0.0806 -0.9888
vn 0.6031 0.2575 -0.7550
vn 0.0699 0.9962 0.0524
vn -0.1690 0.0396 -0.9848
vn -0.1997 -0.0391 -0.9791
vn -0.0069 0.1006 -0.9949
vn -0.1556 -0.0001 -0.9878
vn -0.0459 0.0690 0.9966
vn -0.1679 -0.0621 0.9838
vn -0.1447 -0.0092 0.9894
vn -0.2726 0.0029 0.9621
vn -0.0725 0.1564 0.9850
vn -0.3162 0.0361 0.9480
vn 0.9795 -0.1103 0.1685
vn 0.7698 0.4660 0.4362
vn 0.9839 -0.1698 0.0554
vn 0.9756 -0.1604 0.1500
vn 0.9979 -0.0652 0.0033
vn 0.7208 0.1275 0.6813
vn 0.9611 -0.0833 0.2635
vn 0.9752 -0.1442 0.1682
vn 0.9876 -0.0636 0.1434
vn -0.3002 -0.0471 -0.9527
vn -0.2982 -0.0075 -0.9545
vn 0.0423 -0.0555 -0.9976
vn 0.0934 0.0553 -0.9941
vn -0.3040 -0.0106 -0.9526
vn -0.0325 0.1829 -0.9826
vn 0.1338 0.0493 -0.9898
vn 0.2972 0.0377 -0.9541
vn 0.2574 0.0764 -0.9633
vn 0.2268 -0.0102 -0.9739
vn 0.1349 -0.0927 -0.9865
vn -0.3786 0.7434 -0.5514
vn -0.6312 0.1665 -0.7576
vn -0.5883 0.3592 -0.7245
vn -0.8154 0.0283 -0.5781
vn -0.0858 -0.0592 -0.9946
vn 0.0944 -0.2108 -0.9730
vn -0.9600 -0.1470 0.2383
vn -0.4517 -0.8396 0.3017
vn -0.5757 -0.5443 -0.6101
vn -0.9518 -0.2295 -0.2034
vn -0.9992 0.0049 -0.0402
vn -0.9892 0.0262 0.1440
vn -0.9829 -0.0541 0.1758
vn -0.7581 -0.1617 0.6318
vn -0.9568 -0.0231 0.2900
vn -0.9515 -0.0628 0.3013
vn -0.7502 -0.1105 -0.6519
vn -0.9450 -0.0592 -0.3216
vn -0.9590 -0.0492 -0.2790
vn -0.9638 -0.0181 -0.2661
vn 0.9672 0.1756 -0.1835
vn 0.9764 0.0408 0.2123
vn 0.9976 0.0234 0.0649
vn 0.9419 -0.2501 -0.2243
vn 0.9847 0.0081 -0.1742
vn 0.9318 0.0665 0.3567
vn 0.3326 0.2312 -0.9143
vn 0.4187 -0.0212 -0.9079
vn 0.9035 -0.4047 0.1410
vn 0.8796 0.4743 0.0356
vn 0.2013 0.8165 -0.5412
vn -0.1921 -0.0085 0.9813
vn -0.6048 0.4380 0.6650
vn -0.0728 0.8620 0.5017
vn -0.0298 0.0812 0.9963
vn -0.2070 0.0096 0.9783
vn -0.7840 0.0451 0.6191
vn -0.3464 -0.0395 0.9373
vn -0.2879 0.0126 0.9576
vn 0.2417 -0.0036 0.9704
vn 0.6821 0.0830 0.7265
vn 0.1103 0.0139 0.9938
vn 0.2108 -0.0365 0.9768
vn 0.7596 0.3304 0.5602
vn 0.9953 0.0952 -0.0155
vn -0.0070 -0.1545 0.9880
vn -0.3694 0.1255 0.9208
vn -0.2318 0.0769 0.9697
vn -0.3287 0.0230 0.9442
vn -0.4448 0.0845 0.8916
vn -0.6296 0.0630 0.7743
vn -0.6754 -0.0122 0.7374
vn -0.6241 0.0326 0.7806
vn -0.6265 0.1110 0.7715
vn -0.2815 0.0921 0.9551
vn -0.1471 0.0951 0.9845
vn -0.0697 0.1251 0.9897
vn -0.4335 0.0411 -0.9002
vn -0.3364 0.0450 -0.9407
vn -0.2928 0.0192 -0.9560
vn -0.4513 0.0033 -0.8924
vn -0.5222 0.0310 -0.8522
vn -0.3610 0.0255 -0.9322
vn -0.5624 0.0283 -0.8264
vn 0.6545 0.5918 0.4705
vn 0.1172 0.4725 0.8735
vn -0.0567 0.9288 0.3663
vn 0.2792 0.9348 0.2197
vn 0.9402 0.2909 -0.1774
vn 0.9996 0.0257 0.0085
vn 0.7485 0.0497 0.6613
vn 0.2668 0.0533 0.9623
vn 0.8414 0.5400 0.0192
vn 0.8823 0.4699 -0.0279
vn 0.8405 0.3540 -0.4102
vn -0.0974 0.1750 0.9797
vn 0.7353 0.0152 -0.6776
vn 0.0952 -0.0022 -0.9955
vn 0.2221 -0.3077 -0.9252
vn 0.9989 0.0237 -0.0408
vn 0.4075 -0.8457 -0.3445
vn -0.8407 0.2713 -0.4687
vn -0.2530 0.2084 -0.9448
vn -0.3548 0.8304 -0.4296
vn -0.8316 0.5535 0.0460
vn -0.9480 -0.3182 -0.0107
vn -0.9333 -0.1135 -0.3407
vn -0.9669 0.0299 -0.2534
vn -0.8997 -0.0269 -0.4358
vn -0.5042 -0.0475 -0.8623
vn -0.1286 -0.0402 -0.9909
vn -0.9991 0.0377 0.0200
vn 0.7246 -0.6763 0.1324
vn 0.9800 -0.1810 0.0825
vn 0.9216 -0.3070 0.2377
vn 0.6261 -0.7566 0.1886
vn 0.7187 -0.6917 -0.0715
vn 0.9811 -0.1459 -0.1268
vn 0.1747 -0.9830 0.0557
vn 0.1694 -0.9842 0.0515
vn -0.9076 0.0994 0.4080
vn -0.1684 0.0155 0.9856
vn 0.0472 -0.0425 0.9980
vn -0.5235 -0.0796 0.8483
vn -0.9694 -0.0290 0.2436
vn -0.9993 -0.0047 0.0382
vn -0.9295 0.1267 -0.3464
vn -0.9758 0.0881 0.2002
vn -0.9876 0.1076 0.1140
vn -0.9988 0.0201 -0.0443
vn -0.5011 0.5735 0.6481
vn 0.1608 -0.9870 -0.0005
vn 0.8092 -0.0030 -0.5876
vn 0.9222 0.0328 -0.3853
vn 0.9318 0.0663 -0.3570
vn 0.8836 0.1218 -0.4522
vn 0.8404 -0.2892 -0.4583
vn 0.9233 -0.3500 -0.1584
vn 0.9959 -0.0219 0.0875
vn 0.9706 0.0028 -0.2406
vn 0.9418 0.0306 -0.3348
vn 0.9224 -0.3829 -0.0504
vn 0.7043 -0.6136 0.3570
vn -0.3774 -0.7906 -0.4823
vn -0.3984 -0.2696 -0.8767
vn -0.4614 -0.0138 -0.8871
vn -0.9968 0.0275 -0.0745
vn -0.9361 0.0004 0.3518
vn 0.9083 -0.4179 -0.0168
vn 0.4731 -0.8750 0.1030
vn 0.1709 -0.9531 0.2498
vn 0.2433 -0.4687 0.8492
vn 0.6943 -0.0268 0.7192
vn 0.2202 -0.0167 0.9753
vn -0.9473 -0.1300 -0.2928
vn -0.9703 -0.1809 0.1607
vn -0.2110 -0.6433 0.7360
vn -0.0655 -0.7355 -0.6743
vn -0.9786 0.0752 0.1917
vn -0.9783 0.0995 0.1815
vn -0.9978 0.0534 -0.0398
vn -0.7905 -0.0085 -0.6124
vn -0.9841 0.0185 0.1766
vn -0.1062 -0.0057 -0.9943
vn -0.3156 -0.0128 0.9488
vn -0.4696 -0.4060 0.7840
vn -0.7971 -0.5705 0.1978
vn -0.8867 0.4560 -0.0765
vn -0.6807 -0.0824 -0.7279
vn -0.8182 -0.0014 -0.5750
vn -0.7833 0.1317 -0.6075
vn -0.7070 -0.0104 -0.7071
vn -0.7248 -0.0032 -0.6890
vn -0.7373 -0.0259 -0.6751
vn -0.8362 -0.0680 -0.5441
vn 0.0027 0.4639 0.8859
vn 0.0967 0.4959 0.8630
vn 0.0436 0.0615 0.9972
vn 0.0280 0.1078 0.9938
vn -0.1009 0.4963 0.8623
vn 0.0674 0.7305 0.6795
vn -0.1111 0.3152 0.9425
vn -0.2670 0.1741 0.9478
vn -0.1143 0.2349 0.9653
vn -0.9880 -0.0035 -0.1546
vn -0.9817 0.0088 -0.1900
vn -0.9707 0.1049 -0.2161
vn -0.8927 0.1382 0.4289
vn -0.2922 0.0819 0.9529
vn -0.9690 0.0830 -0.2326
vn -0.0044 -1.0000 0.0010
vn 0.0180 -0.9998 0.0041
vn 0.0220 -0.9997 0.0131
vn -0.0028 -1.0000 0.0032
vn -0.0015 -1.0000 -0.0016
vn 0.0176 -0.9998 -0.0086
vn -0.0033 -1.0000 0.0006
vn 0.2601 0.4889 -0.8326
vn 0.0616 0.2649 -0.9623
vn 0.1380 0.1498 -0.9790
vn 0.2341 0.2642 -0.9356
vn 0.3142 0.2473 -0.9166
vn 0.5068 0.3882 -0.7697
vn 0.6964 0.5267 -0.4875
vn 0.4165 0.7057 -0.5732
vn 0.0165 0.6202 -0.7843
vn -0.0484 0.3681 -0.9285
vn 0.0249 0.7476 -0.6637
vn 0.8815 -0.2844 -0.3769
vn 0.9144 -0.0328 -0.4035
vn 0.9293 -0.0900 -0.3582
vn 0.6683 -0.0250 -0.7435
vn 0.8815 -0.2328 0.4109
vn 0.9982 -0.0399 0.0450
vn 0.9842 -0.0179 -0.1764
vn 0.0672 0.0183 -0.9976
vn 0.1308 -0.6674 -0.7331
vn 0.0700 -0.6541 0.7531
vn 0.9740 0.1236 -0.1898
vn 0.9750 -0.0181 0.2216
vn 0.9665 -0.0251 0.2555
vn 0.9816 -0.0638 0.1801
vn 0.9839 -0.1580 0.0831
vn 0.9811 0.1931 0.0093
vn 0.4545 0.6824 -0.5725
vn 0.5331 0.1036 -0.8397
vn 0.9735 -0.0037 0.2285
vn 0.9836 -0.0240 0.1786
vn 0.7142 0.0118 0.6999
vn 0.9635 -0.0363 0.2653
vn 0.0219 0.0674 0.9975
vn 0.1053 -0.9474 0.3021
vn -0.0360 -0.8249 0.5641
vn -0.2110 -0.7191 0.6620
vn -0.0853 -0.9132 0.3986
vn -0.2329 -0.3748 0.8974
vn 0.1599 -0.3650 0.9172
vn 0.7010 -0.1812 0.6897
vn 0.1320 -0.9898 0.0534
vn 0.0066 -0.9991 0.0424
vn 0.0292 -0.9908 0.1321
vn 0.0593 -0.8650 0.4982
vn -0.9156 0.2947 -0.2734
vn -0.1395 0.5794 -0.8030
vn -0.9841 0.0445 0.1721
vn -0.1947 0.9348 0.2969
vn -0.8310 0.5455 0.1089
vn -0.9985 0.0448 0.0324
vn -0.9838 0.0309 0.1765
vn -0.3284 0.0544 0.9430
vn -0.1421 0.1547 0.9777
vn -0.6188 0.0196 0.7853
vn -0.8404 0.0858 0.5351
vn -0.2198 0.0106 0.9755
vn 0.0864 -0.1234 0.9886
vn -0.9971 -0.0117 -0.0754
vn -0.5715 0.3262 -0.7530
vn -0.8064 0.5618 -0.1847
vn -0.9968 -0.0779 -0.0157
vn -0.9957 -0.0486 -0.0793
vn -0.4596 0.0072 -0.8881
vn -0.9733 -0.2287 -0.0194
vn -0.9823 -0.1716 -0.0752
vn -0.9898 -0.1011 -0.1007
vn -0.9909 -0.0902 0.0998
vn -0.9337 -0.0269 0.3572
vn -0.9781 0.0617 -0.1985
vn -0.9401 0.0539 -0.3366
vn -0.9394 0.0412 -0.3403
vn -0.9373 0.0606 -0.3431
vn -0.9659 0.0623 -0.2514
vn -0.8804 0.2364 0.4111
vn -0.9925 0.0611 -0.1057
vn -0.9922 0.0307 -0.1205
vn 0.9694 0.2211 0.1065
vn 0.9597 0.1001 0.2627
vn 0.5662 0.0666 0.8216
vn 0.4937 0.6019 0.6277
vn 0.5382 0.8428 -0.0059
vn 0.9812 0.1039 -0.1628
vn 0.9889 0.0212 -0.1473
vn 0.9845 0.0883 -0.1516
vn 0.9937 -0.0018 -0.1121
vn 0.9871 0.0186 -0.1591
vn 0.9944 -0.0543 -0.0903
vn 0.8179 0.2529 -0.5168
vn 0.9401 -0.0885 -0.3291
vn 0.9418 -0.0461 -0.3329
vn 0.9943 -0.0371 -0.0995
vn 0.0294 0.5792 -0.8146
vn 0.9931 -0.0642 0.0983
vn 0.9252 0.2118 0.3149
vn 0.0915 0.9254 0.3679
vn 0.4164 0.3639 0.8332
vn 0.4333 0.6618 0.6118
vn 0.7729 0.3614 0.5215
vn 0.6070 0.1805 0.7739
vn 0.3989 0.1161 0.9096
vn 0.3458 0.1066 0.9322
vn 0.1492 0.1105 0.9826
vn 0.4620 0.0821 0.8831
vn 0.2329 0.9253 0.2993
vn 0.0420 0.9979 0.0493
vn 0.1163 0.9931 0.0178
vn 0.4626 0.8855 0.0440
vn 0.0643 0.6959 0.7153
vn 0.9242 -0.3811 -0.0241
vn 0.0069 -0.0251 0.9997
vn 0.3578 -0.5975 0.7176
vn 0.6496 -0.2509 0.7177
vn 0.0334 0.0028 0.9994
vn -0.0288 -0.0019 0.9996
vn -0.0631 -0.0366 0.9973
vn -0.2193 -0.6896 0.6902
vn 0.8031 0.2084 -0.5582
vn 0.7010 0.2123 -0.6808
vn 0.7150 0.2437 -0.6553
vn 0.8120 0.2493 -0.5277
vn 0.7058 0.2871 -0.6477
vn 0.6816 0.2973 -0.6686
vn 0.7524 0.2711 -0.6004
vn 0.9585 -0.1659 -0.2318
vn 0.9985 -0.0048 0.0553
vn 0.9982 0.0375 0.0470
vn 0.7536 0.0213 -0.6570
vn 0.9343 -0.3565 -0.0077
vn 0.9849 -0.1724 0.0182
vn 0.1146 -0.0305 -0.9929
vn 0.3552 -0.5218 -0.7756
vn 0.4286 -0.9025 -0.0413
vn -0.9567 -0.0221 0.2903
vn -0.3239 0.3090 0.8942
vn -0.2663 0.0096 0.9638
vn -0.9783 -0.0195 0.2062
vn -0.9231 -0.1476 -0.3550
vn -0.9733 -0.2037 -0.1063
vn -0.9633 -0.2363 0.1276
vn -0.9606 -0.2418 0.1370
vn -0.9726 -0.0580 0.2251
vn -0.7019 0.6251 0.3413
vn 0.9657 -0.1061 0.2371
vn 0.9716 -0.0585 0.2294
vn 0.7763 0.0587 0.6277
vn 0.0754 0.2154 0.9736
vn 0.9694 -0.0835 0.2309
vn 0.8641 -0.1063 0.4920
vn 0.9346 -0.3181 0.1590
vn 0.3189 -0.6435 0.6959
vn 0.1993 -0.1018 0.9746
vn 0.9909 -0.1252 -0.0501
vn 0.9982 0.0557 -0.0232
vn -0.1684 -0.0537 0.9842
vn -0.1509 -0.0260 0.9882
vn -0.7884 -0.1532 0.5958
vn -0.6657 -0.4765 0.5743
vn -0.8409 -0.1741 -0.5124
vn -0.8047 -0.5190 -0.2883
vn -0.1658 -0.6772 -0.7168
vn -0.2125 -0.0962 -0.9724
vn -0.9810 -0.0669 -0.1822
vn -0.7649 -0.0354 -0.6432
vn -0.9714 -0.0611 -0.2296
vn -0.2062 -0.0016 -0.9785
vn -0.6306 0.1549 -0.7605
vn -0.6167 0.1277 -0.7768
vn -0.6627 0.1251 -0.7384
vn -0.6878 0.1684 -0.7061
vn -0.5730 0.3638 -0.7344
vn -0.5194 0.3746 -0.7680
vn -0.5356 0.2882 -0.7938
vn -0.9234 -0.3732 0.0901
vn -0.3628 -0.9209 0.1425
vn -0.2539 -0.9652 0.0624
vn -0.1274 -0.9914 -0.0312
vn -0.0478 -0.9970 -0.0613
vn -0.6564 -0.5421 -0.5247
vn -0.7708 -0.3626 0.5238
vn -0.3767 -0.8927 0.2473
vn -0.5574 0.7732 -0.3023
vn -0.6959 0.7168 0.0434
vn -0.7408 0.5053 0.4425
vn -0.7233 -0.2317 0.6504
vn -0.7808 -0.5475 0.3009
vn -0.9718 -0.1371 0.1920
vn -0.4411 0.0051 0.8975
vn -0.0561 0.0088 0.9984
vn -0.1370 -0.1232 0.9829
vn -0.1458 -0.7091 0.6899
vn -0.8009 0.0470 0.5970
vn -0.0269 0.9575 0.2872
vn -0.2665 0.9635 0.0271
vn -0.3866 0.9100 -0.1501
vn -0.0482 0.9985 -0.0253
vn -0.0758 0.8943 0.4410
vn -0.4020 0.8934 0.2007
vn -0.1362 0.9641 0.2278
vn -0.4912 0.5859 0.6445
vn -0.6338 0.6094 0.4764
vn -0.7948 0.5603 0.2330
vn -0.7278 0.5992 0.3336
vn -0.5705 0.7728 0.2780
vn -0.2151 0.7801 0.5875
vn -0.2705 0.8333 0.4821
vn -0.5445 0.6179 0.5672
vn -0.7618 0.4071 0.5039
vn -0.7632 0.4174 0.4933
vn -0.7929 0.4765 0.3799
vn -0.0019 -1.0000 -0.0049
vn -0.0050 -1.0000 -0.0077
vn -0.0017 -1.0000 -0.0058
vn -0.0000 -1.0000 -0.0035
vn 0.0013 -1.0000 -0.0016
vn -0.0013 -1.0000 -0.0041
vn -0.0058 -1.0000 -0.0078
vn 0.8542 0.1575 -0.4955
vn 0.9152 0.1766 -0.3622
vn 0.9070 0.1789 -0.3813
vn 0.8551 0.1404 -0.4991
vn 0.8916 0.0716 -0.4471
vn 0.9422 0.0760 -0.3262
vn 0.8232 0.1269 -0.5534
vn 0.8307 0.0599 -0.5535
vn 0.8434 0.2839 -0.4561
vn 0.8573 0.2836 -0.4296
vn 0.9140 0.1938 -0.3563
vn -0.6813 0.6097 -0.4051
vn -0.7372 0.6045 -0.3017
vn -0.6023 0.7274 -0.3288
vn -0.2483 0.8772 -0.4108
vn 0.9583 0.2679 -0.0996
vn 0.9981 -0.0025 -0.0619
vn 0.9821 0.0212 0.1874
vn 0.9841 0.1026 0.1450
vn 0.9735 0.1873 0.1309
vn 0.9896 0.1397 0.0331
vn 0.4882 0.6337 -0.6001
vn 0.6067 0.0004 -0.7949
vn 0.9970 0.0773 -0.0090
vn 0.9142 0.3747 0.1544
vn 0.1039 0.5829 0.8059
vn -0.4651 0.8628 0.1984
vn -0.4396 0.8981 0.0113
vn -0.2379 0.9711 -0.0178
vn -0.2557 0.9639 0.0739
vn -0.3748 0.9172 0.1352
vn -0.3080 0.9282 0.2088
vn 0.1827 0.0805 -0.9799
vn 0.2522 0.2280 -0.9404
vn 0.2589 0.2771 -0.9253
vn 0.2386 0.2028 -0.9497
vn 0.4108 0.0942 -0.9068
vn 0.4736 0.2965 -0.8294
vn 0.0085 0.1467 -0.9891
vn 0.2792 -0.0389 -0.9594
vn -0.7701 0.6022 0.2104
vn -0.8998 0.3718 0.2284
vn -0.8814 0.3743 0.2882
vn 0.8557 0.4844 -0.1819
vn 0.8453 0.5024 -0.1817
vn 0.8338 0.4935 -0.2474
vn 0.8644 0.3392 -0.3711
vn 0.8140 0.5526 -0.1788
vn 0.7924 0.0625 0.6068
vn 0.1338 0.0185 0.9908
vn 0.9945 0.1044 0.0076
vn 0.9967 0.0770 0.0274
vn 0.9981 0.0554 -0.0282
vn -0.6736 0.5157 -0.5294
vn -0.4668 0.6242 -0.6265
vn -0.7820 0.5526 -0.2883
vn -0.7060 0.3688 -0.6046
vn -0.4916 0.7094 -0.5051
vn -0.5391 0.6547 -0.5298
vn -0.4241 0.4942 -0.7589
vn -0.3797 0.6721 -0.6357
vn -0.5199 0.6814 -0.5152
vn -0.4751 0.5142 -0.7141
vn -0.7981 0.3426 -0.4956
vn -0.8532 0.4726 -0.2207
vn -0.6081 0.6792 -0.4110
vn -0.5942 0.4340 -0.6772
vn -0.6319 0.4046 -0.6610
vn -0.8177 0.3591 -0.4499
vn -0.9127 0.3846 -0.1383
vn -0.8102 0.4981 0.3089
vn -0.8836 0.4450 0.1457
vn -0.9559 0.1965 0.2184
vn -0.9701 0.1938 0.1462
vn -0.8297 0.4942 0.2596
vn -0.8578 0.4511 0.2463
vn -0.8529 0.4055 0.3288
vn 0.5451 0.0035 0.8384
vn 0.5711 -0.0058 0.8208
vn 0.6044 0.0023 0.7967
vn 0.5212 0.0162 0.8533
vn 0.6048 0.0731 0.7930
vn 0.6277 0.0284 0.7779
vn 0.5199 0.0160 0.8541
vn 0.5930 0.0491 0.8037
vn 0.3795 0.1682 0.9098
vn 0.4604 0.1479 0.8753
vn 0.5084 0.2438 0.8259
vn -0.9956 0.0856 0.0369
vn -0.9867 -0.0785 -0.1426
vn -0.9778 -0.0860 -0.1909
vn -0.9746 0.0211 -0.2232
vn -0.7556 0.3823 -0.5319
vn -0.7298 0.5275 0.4349
vn -0.9987 -0.0339 0.0388
vn -0.9934 -0.0051 -0.1149
vn -0.9511 0.0227 0.3079
vn -0.9739 -0.0713 0.2155
vn -0.9749 -0.0578 0.2151
vn -0.9713 -0.0210 0.2370
vn -0.7377 0.6000 0.3096
vn -0.8516 0.3998 0.3391
vn -0.8286 0.5574 0.0517
vn -0.6907 0.4975 0.5248
vn -0.8383 0.4381 0.3245
vn -0.7991 0.5986 0.0556
vn -0.7822 0.5397 0.3113
vn -0.6779 0.6956 -0.2381
vn -0.5877 0.7988 -0.1286
vn -0.7634 0.5692 -0.3054
vn 0.8710 0.0718 -0.4861
vn 0.8881 0.0341 -0.4585
vn 0.7686 0.0341 -0.6388
vn 0.7376 0.2067 -0.6428
vn 0.9044 0.1694 -0.3917
vn 0.9238 0.0463 -0.3800
vn 0.7588 0.4413 -0.4791
vn -0.5487 0.7350 -0.3984
vn -0.5741 0.6840 -0.4500
vn 0.9195 0.3820 -0.0923
vn 0.9093 0.0578 -0.4121
vn 0.9639 0.2030 -0.1720
vn 0.8446 0.5073 -0.1711
vn 0.8918 0.4517 0.0236
vn 0.8767 0.4741 0.0811
vn 0.8384 0.5202 -0.1625
vn -0.5545 0.6380 -0.5343
vn -0.4820 0.6653 -0.5702
vn 0.5552 0.8061 0.2047
vn 0.5958 0.7130 0.3696
vn 0.7118 0.1258 0.6911
vn 0.8958 0.0962 0.4339
vn 0.2233 0.9711 0.0842
vn 0.0382 0.9978 0.0542
vn 0.0437 0.9989 -0.0141
vn 0.1050 0.7932 0.5998
vn 0.5285 0.0848 0.8447
vn 0.3619 0.6008 0.7128
vn 0.2637 0.9477 0.1797
vn 0.1007 0.1166 0.9881
vn 0.5504 0.6430 -0.5325
vn 0.5485 0.4301 -0.7170
vn 0.6401 0.3502 -0.6839
vn 0.6756 0.4684 -0.5693
vn 0.2574 0.7267 -0.6369
vn 0.2184 0.4297 -0.8761
vn 0.6636 0.6997 -0.2648
vn 0.8467 0.0672 -0.5279
vn 0.9322 0.0645 -0.3560
vn 0.9472 -0.0464 -0.3174
vn 0.6888 0.4812 -0.5423
vn 0.7310 0.3673 -0.5750
vn 0.6863 0.5655 -0.4573
vn 0.7364 0.6137 -0.2849
vn 0.1548 0.5423 -0.8258
vn -0.0440 0.3789 -0.9244
vn 0.4128 0.2542 -0.8746
vn 0.4941 0.4433 -0.7479
vn -0.1520 0.7007 -0.6971
vn -0.3329 0.4329 -0.8377
vn -0.0005 0.5361 -0.8441
vn -0.1819 0.6691 -0.7206
vn 0.5555 0.6297 -0.5431
vn 0.2932 0.6318 -0.7176
vn 0.1392 0.5101 -0.8488
vn -0.8560 0.0228 -0.5165
vn -0.8969 0.2110 -0.3887
vn -0.5535 0.2882 -0.7814
vn -0.6597 0.1401 -0.7383
vn -0.8803 0.1776 -0.4399
vn -0.9251 0.3249 -0.1965
vn -0.7494 0.3294 -0.5743
vn -0.5104 0.5900 -0.6256
vn -0.5284 0.4904 -0.6930
vn -0.5252 0.2551 -0.8119
vn -0.5169 0.7364 0.4364
vn -0.2345 0.4495 0.8619
vn -0.4671 0.0220 0.8840
vn -0.9210 0.0177 0.3891
vn -0.0045 0.9860 0.1669
vn 0.0147 0.9356 0.3528
vn -0.1079 0.9881 0.1092
vn -0.0015 0.9996 0.0294
vn 0.5534 0.6572 0.5117
vn 0.3193 0.8567 0.4051
vn 0.2606 0.7991 0.5418
vn 0.5787 0.5684 0.5849
vn 0.8170 0.5198 0.2497
vn 0.5854 0.8107 0.0036
vn 0.8662 0.3079 0.3936
vn -0.6855 0.2458 -0.6854
vn -0.3996 0.6006 -0.6925
vn -0.3279 0.3480 -0.8783
vn -0.6788 0.0634 -0.7316
vn -0.7673 0.2833 -0.5754
vn -0.5435 0.6980 -0.4662
vn -0.7975 -0.0377 -0.6022
vn -0.5503 0.3371 -0.7639
vn -0.5166 0.6629 0.5419
vn -0.0408 0.7745 0.6312
vn -0.0331 0.9993 0.0186
vn -0.2600 0.9640 0.0558
vn -0.1958 0.0617 0.9787
vn -0.0168 0.0926 0.9956
vn 0.1315 0.9417 -0.3097
vn -0.1625 0.9619 -0.2198
vn 0.0261 0.8791 -0.4759
vn 0.1972 0.9233 -0.3297
vn 0.1643 0.9699 -0.1794
vn 0.0523 0.9954 -0.0801
vn -0.1398 0.9900 -0.0169
vn 0.3885 0.9202 0.0476
vn 0.2421 0.9646 0.1045
vn 0.2981 0.9347 0.1934
vn 0.3105 0.7022 0.6407
vn 0.6800 0.3803 0.6269
vn 0.6468 0.3452 0.6800
vn 0.4671 0.6617 0.5865
vn 0.0258 0.8154 0.5783
vn 0.0225 0.8084 0.5882
vn 0.0704 0.8240 0.5622
vn 0.2224 0.9052 0.3621
vn 0.9150 0.4016 -0.0392
vn 0.9616 0.2731 -0.0291
vn 0.7205 0.6249 -0.3006
vn 0.7562 0.4835 -0.4410
vn 0.6990 0.5573 -0.4481
vn 0.7320 0.5050 -0.4574
vn 0.6714 0.5524 -0.4940
vn 0.9272 0.3720 -0.0445
vn 0.6135 0.6471 -0.4528
vn 0.8292 0.4473 -0.3352
vn 0.8146 0.5798 0.0138
vn 0.6452 0.7137 -0.2727
vn 0.4148 0.8155 -0.4036
vn 0.3933 0.5927 -0.7029
vn 0.7415 0.4128 -0.5290
vn 0.5940 -0.0161 -0.8043
vn 0.2648 0.3439 -0.9009
vn -0.1335 0.5716 -0.8096
vn 0.1065 0.8051 0.5835
vn 0.4641 0.7289 0.5034
vn 0.6799 0.6622 0.3149
vn 0.1756 0.9677 0.1810
vn 0.1472 0.8080 0.5705
vn 0.0310 -0.4472 0.8939
vn -0.1809 0.5247 0.8318
vn 0.0600 0.9927 0.1051
vn -0.2433 0.9015 0.3580
vn -0.1826 0.9047 0.3848
vn 0.1685 0.8602 0.4814
vn -0.4593 0.8816 -0.1092
vn -0.4210 0.8848 0.1998
vn -0.6377 0.7652 0.0879
vn -0.5585 0.7851 -0.2678
vn -0.5277 0.7772 -0.3427
vn -0.4451 0.8406 -0.3087
vn -0.3627 0.9170 -0.1660
vn -0.2767 0.9576 -0.0801
vn -0.1990 0.9799 0.0148
vn -0.3545 0.8989 -0.2575
vn -0.1261 0.9882 0.0872
vn 0.2841 0.9061 0.3134
vn 0.7497 0.1998 0.6310
vn 0.2030 0.3165 0.9266
vn 0.1750 0.8870 0.4274
vn 0.7165 0.6533 0.2447
vn 0.9475 0.0568 0.3147
vn -0.0284 0.9990 0.0336
vn -0.1481 0.9819 0.1180
vn -0.4672 0.7961 0.3846
vn -0.4490 0.8734 0.1886
vn -0.3148 0.9438 0.1010
vn -0.4545 0.5446 0.7048
vn -0.1299 0.3980 0.9082
vn 0.4528 0.0989 0.8861
vn 0.0225 0.7695 0.6382
vn -0.2532 0.9652 0.0658
vn -0.7412 0.6671 0.0753
vn -0.7161 0.6265 0.3078
vn 0.1913 0.7965 0.5735
vn 0.0675 0.8571 0.5106
vn 0.1064 0.9644 0.2421
vn 0.1564 0.5768 0.8018
vn 0.1295 0.2135 0.9683
vn 0.1806 0.3288 0.9270
vn 0.2261 0.4264 0.8758
vn 0.1490 0.8794 0.4522
vn 0.0940 0.9875 0.1267
vn 0.0599 0.9917 0.1142
vn 0.0286 0.9992 -0.0284
vn 0.0733 0.9970 -0.0247
vn -0.0004 -1.0000 0.0054
vn -0.0010 -1.0000 0.0036
vn -0.0016 -1.0000 -0.0003
vn 0.0013 -1.0000 0.0032
vn 0.0005 -1.0000 0.0064
vn 0.0004 -1.0000 0.0045
vn 0.0033 -1.0000 0.0050
vn 0.5942 0.5242 0.6100
vn 0.6715 0.6032 0.4304
vn 0.6796 0.0449 0.7322
vn 0.8587 0.0239 0.5119
vn -0.3911 0.3855 -0.8357
vn -0.1778 0.4296 -0.8853
vn -0.2783 0.4309 -0.8584
vn -0.4726 0.5835 -0.6605
vn -0.1070 0.6506 -0.7518
vn -0.6053 0.2639 -0.7510
vn -0.7210 0.3333 -0.6075
vn -0.6709 0.4877 -0.5586
vn -0.7202 0.2981 -0.6264
vn -0.6054 0.3634 -0.7081
vn -0.3262 0.5234 -0.7872
vn -0.3438 0.4209 -0.8394
vn -0.7928 0.3823 -0.4747
vn -0.5715 0.5573 -0.6023
vn 0.7532 0.6570 0.0317
vn 0.8144 0.5658 -0.1285
vn 0.7565 0.5341 -0.3774
vn 0.8024 0.4680 -0.3703
vn 0.6770 0.5866 -0.4446
vn -0.3327 0.9228 -0.1941
vn -0.3580 0.8874 -0.2904
vn -0.0628 0.9871 -0.1470
vn -0.0814 0.9939 -0.0744
vn -0.1064 0.9940 -0.0264
vn -0.4277 0.8887 -0.1651
vn -0.4788 0.8316 -0.2814
vn 0.1809 0.9411 0.2857
vn 0.3590 0.6236 0.6944
vn 0.4193 0.8619 0.2851
vn 0.2769 0.9078 0.3150
vn 0.1632 0.9132 0.3734
vn -0.0042 0.6962 0.7178
vn -0.0665 0.3311 0.9413
vn -0.2177 0.2197 0.9510
vn -0.1469 -0.5008 0.8530
vn -0.2656 0.3780 0.8869
vn -0.2583 0.0628 0.9640
vn 0.0358 0.9985 0.0421
vn 0.0489 0.9987 0.0154
vn 0.0344 0.9989 0.0328
vn 0.0215 0.9959 0.0873
vn -0.0324 0.9949 0.0956
vn 0.0069 0.9996 0.0280
vn 0.0428 0.9991 0.0055
vn 0.6868 0.7202 0.0978
vn 0.7962 0.5881 0.1422
vn 0.6551 0.7214 0.2246
vn 0.6349 0.7580 0.1492
vn 0.6653 0.7448 0.0512
vn 0.5567 0.8157 0.1573
vn 0.4320 0.8972 0.0914
vn 0.5388 0.7570 -0.3697
vn 0.4789 0.8491 0.2229
vn 0.2590 0.9648 0.0457
vn 0.2327 0.9096 -0.3443
vn -0.1600 0.8631 -0.4790
vn -0.4268 0.7399 -0.5201
vn 0.6215 0.5799 0.5268
vn 0.4496 0.7600 0.4693
vn -0.7159 0.6982 0.0017
vn 0.3237 0.4821 -0.8142
vn 0.8672 0.3519 0.3522
vn 0.5019 -0.1589 -0.8502
vn 0.6275 -0.0487 -0.7771
vn 0.5396 -0.1176 -0.8336
vn 0.2439 0.1226 -0.9620
vn 0.3312 0.0210 -0.9433
vn 0.5184 0.5615 0.6450
vn 0.4133 0.7171 0.5612
vn 0.2589 0.6993 0.6663
vn 0.1493 0.6497 0.7454
vn 0.8650 -0.1172 0.4879
vn -0.7960 -0.0814 0.5998
vn -0.4310 0.6690 0.6055
vn 0.1149 0.8351 0.5379
vn -0.1096 0.8524 0.5113
vn -0.0385 0.9993 0.0013
vn -0.1892 0.3978 -0.8978
vn -0.1765 0.9726 0.1515
vn -0.0798 0.9849 0.1535
vn -0.1197 0.9781 0.1702
vn -0.1967 0.9267 0.3201
vn -0.2912 0.9422 0.1657
vn -0.1144 0.9096 0.3993
vn -0.0092 1.0000 0.0021
vn 0.1340 0.9848 -0.1103
vn 0.2674 0.9296 -0.2538
vn 0.2068 0.9779 -0.0301
vn -0.0029 0.9985 0.0547
vn 0.0674 0.9956 0.0643
vn 0.2420 0.9685 0.0587
vn -0.0024 1.0000 0.0020
vn -0.0039 1.0000 0.0013
vn 0.0041 1.0000 -0.0005
vn 0.0088 1.0000 -0.0018
vn -0.0050 1.0000 -0.0000
vn -0.0040 1.0000 0.0006
vn 0.0040 1.0000 -0.0046
vn -0.4880 0.5212 -0.7002
vn -0.3635 0.8410 -0.4008
vn -0.1260 0.9032 0.4102
vn -0.3115 0.8890 0.3355
vn -0.1457 0.9768 0.1568
vn -0.1450 0.9618 0.2320
vn -0.1412 0.9220 0.3605
vn 0.0245 0.9258 0.3772
vn 0.1429 0.8775 0.4578
vn -0.2559 0.8769 0.4069
vn -0.0300 0.6556 0.7545
vn -0.1591 0.6542 0.7394
vn -0.3556 0.7896 0.5001
vn 0.3827 0.9237 -0.0194
vn 0.4949 0.8569 -0.1440
vn 0.4716 0.8812 0.0328
vn -0.4596 0.8855 -0.0677
vn -0.4044 0.8667 0.2921
vn -0.0396 0.8159 0.5768
vn -0.0940 0.5318 0.8417
vn -0.6594 0.7518 -0.0053
vn 0.0377 0.7012 -0.7119
vn 0.0660 0.7156 0.6953
vn 0.7394 0.6728 0.0251
vn -0.1561 0.9673 0.2001
vn -0.2010 0.9635 0.1766
vn -0.1789 0.9243 0.3371
vn -0.0697 0.9617 0.2651
vn -0.0951 0.9837 0.1524
vn -0.1439 0.9854 0.0910
vn -0.3883 0.5041 -0.7714
vn -0.4121 0.5678 -0.7126
vn -0.2614 0.8849 -0.3855
vn -0.4237 0.8728 -0.2423
vn -0.7056 0.3495 -0.6164
vn -0.1888 0.9498 -0.2495
vn 0.0029 -1.0000 -0.0053
vn 0.0042 -1.0000 -0.0045
vn 0.0046 -1.0000 -0.0041
vn 0.0024 -1.0000 -0.0033
vn 0.0017 -1.0000 -0.0051
vn 0.0024 -1.0000 -0.0028
vn 0.0002 -1.0000 -0.0032
vn 0.1744 0.9743 0.1427
vn 0.1222 0.9889 0.0847
vn 0.0510 0.9783 0.2009
vn 0.0842 0.9856 0.1465
vn 0.3550 0.9337 0.0474
vn 0.3801 0.9238 -0.0464
vn 0.2753 0.9414 -0.1947
vn -0.3005 0.7576 0.5794
vn -0.4482 0.7149 0.5366
vn -0.5332 0.4354 0.7253
vn -0.3836 0.5360 0.7520
vn 0.1348 0.6401 0.7564
vn 0.0543 0.8942 0.4444
vn -0.1797 0.9539 0.2403
vn 0.4199 -0.8615 0.2855
vn -0.2958 -0.7922 0.5338
vn -0.6706 -0.0360 0.7410
vn 0.9374 -0.2072 0.2799
vn -0.2613 0.2440 -0.9339
vn -0.1289 -0.9685 -0.2131
vn 0.0669 -0.9861 0.1520
vn -0.0799 -0.9913 0.1047
vn 0.0518 -0.9889 0.1394
vn 0.0504 -0.9939 0.0982
vn 0.0037 -0.9851 0.1717
vn -0.0443 -0.9990 0.0061
vn -0.0410 -0.9991 -0.0147
vn -0.1557 -0.9858 -0.0634
vn 0.0168 -0.9992 0.0351
vn -0.0100 -0.9994 0.0342
vn -0.0275 -0.9995 0.0143
vn -0.1662 0.9732 0.1591
vn -0.2388 0.7260 0.6448
vn -0.0020 0.9874 0.1584
vn -0.2670 0.9573 0.1109
vn 0.2047 0.9189 0.3371
vn 0.1345 0.9464 0.2938
vn -0.0570 -0.9970 -0.0518
vn -0.1069 -0.9899 -0.0929
vn -0.1816 -0.9752 -0.1262
vn -0.0027 1.0000 -0.0070
vn 0.0122 0.9995 -0.0301
vn -0.0098 0.9997 -0.0238
vn -0.0284 0.9995 -0.0136
vn -0.0161 0.9999 -0.0002
vn -0.0108 0.9998 0.0151
vn 0.0254 0.9996 0.0134
vn 0.0255 0.9996 -0.0088
vn 0.5663 0.7139 -0.4120
vn 0.5722 0.7632 -0.3002
vn 0.3734 0.8411 -0.3912
vn 0.4496 0.7533 -0.4800
vn 0.3615 0.8528 -0.3767
vn 0.3487 0.8886 -0.2981
vn 0.4412 0.7689 -0.4626
vn 0.5268 0.5718 -0.6289
vn 0.2550 0.9379 -0.2351
vn 0.2023 -0.1450 0.9685
vn 0.0841 0.7046 0.7046
vn 0.2359 0.5568 0.7965
vn 0.2846 0.8277 0.4836
vn -0.0768 -0.9938 -0.0799
vn -0.1607 -0.9592 -0.2325
vn 0.0746 -0.9757 -0.2063
vn -0.0186 0.9806 0.1950
vn 0.0749 0.9546 0.2883
vn 0.1443 0.9089 0.3913
vn 0.2444 0.8612 0.4456
vn 0.4996 0.7679 -0.4009
vn 0.2671 0.9205 -0.2853
vn 0.2840 0.8239 -0.4905
vn 0.4503 0.7652 -0.4601
vn 0.3618 0.8573 -0.3663
vn 0.2380 0.8786 -0.4141
vn 0.3984 0.9125 0.0932
vn 0.1512 0.9841 -0.0930
vn 0.0092 0.9725 -0.2326
vn 0.1439 0.8781 -0.4563
vn 0.9246 0.2832 0.2546
vn 0.0060 0.9999 0.0115
vn 0.0049 1.0000 -0.0075
vn 0.0054 1.0000 -0.0037
vn 0.0008 0.9999 -0.0115
vn 0.0003 0.9999 -0.0146
vn -0.0017 1.0000 -0.0085
vn -0.0001 1.0000 -0.0028
vn 0.0050 1.0000 0.0001
vn -0.1119 0.9720 0.2065
vn -0.0405 0.9276 0.3714
vn 0.2417 0.7922 0.5603
vn 0.2368 0.9139 0.3297
vn 0.0738 0.8939 0.4422
vn 0.0511 -0.9961 0.0725
vn 0.0276 -0.9986 0.0441
vn 0.0895 -0.9943 0.0579
vn 0.1618 0.7746 0.6114
vn -0.2847 0.8240 0.4898
vn -0.1624 0.9822 0.0941
vn -0.0188 0.9662 0.2569
vn 0.2913 0.7381 0.6085
vn 0.3858 0.7069 0.5929
vn 0.4594 0.7519 0.4729
vn 0.5555 0.6683 0.4948
vn 0.6512 0.4123 0.6371
vn 0.3402 0.4720 0.8133
vn -0.1973 0.4860 0.8514
vn 0.0080 0.9999 -0.0124
vn -0.0072 1.0000 -0.0052
vn 0.0282 0.9990 -0.0333
vn 0.0352 0.9992 -0.0209
vn 0.0221 0.9996 -0.0175
vn -0.0015 0.9999 -0.0155
vn -0.0054 1.0000 0.0031
vn 0.2135 -0.9767 0.0229
vn 0.0820 -0.9965 0.0129
vn 0.1481 -0.9884 -0.0323
vn 0.1269 0.9477 0.2928
vn 0.3323 0.5745 0.7480
vn -0.1844 0.4999 0.8462
vn -0.4193 0.3491 -0.8381
vn 0.5489 0.7355 0.3972
vn 0.5443 0.6051 0.5810
vn 0.6139 0.7758 0.1460
vn -0.0511 0.9984 0.0246
vn 0.2104 0.9672 0.1421
vn 0.3071 0.9305 0.1995
vn 0.4696 0.8191 0.3296
vn 0.6354 0.5536 0.5383
vn 0.4625 0.6745 0.5755
vn 0.5366 0.6440 0.5453
vn 0.6013 0.5991 0.5287
vn 0.6510 0.6719 0.3532
vn 0.4260 0.7964 0.4292
vn 0.6737 0.6729 0.3054
vn -0.0023 0.9999 0.0113
vn 0.0092 0.9999 0.0057
vn 0.0104 0.9998 0.0185
vn 0.0009 0.9999 0.0158
vn -0.0045 1.0000 -0.0022
vn 0.0039 1.0000 -0.0087
vn -0.0114 0.9999 0.0086
vn 0.6603 0.4109 0.6287
vn 0.6280 0.3394 0.7003
vn 0.7378 0.3557 0.5737
vn 0.5864 0.1991 0.7852
vn 0.3012 0.7587 0.5776
vn -0.2852 0.9570 -0.0530
vn -0.2052 0.9512 0.2304
vn 0.1230 -0.8842 -0.4506
vn 0.4962 -0.8082 0.3171
vn 0.1891 0.9545 0.2304
vn -0.3996 -0.8219 0.4060
vn 0.1368 -0.8872 0.4406
vn -0.2138 -0.9495 0.2297
vn -0.2165 -0.9756 0.0359
vn -0.3708 -0.9256 -0.0764
vn -0.0130 -0.9647 0.2631
vn -0.1302 -0.9514 -0.2792
vn 0.3560 0.7402 0.5705
vn 0.2403 -0.9691 -0.0558
vn 0.1624 -0.9802 0.1132
vn 0.1444 -0.9654 -0.2171
vn 0.0167 0.9961 0.0865
vn 0.1646 0.9845 0.0610
vn -0.1009 0.9933 -0.0565
vn -0.9045 -0.2257 0.3618
vn -0.5112 -0.8242 -0.2438
vn 0.3143 -0.7872 -0.5306
vn 0.1101 -0.8358 0.5378
vn 0.1006 -0.9611 -0.2574
vn 0.1387 -0.9812 -0.1340
vn 0.2344 -0.9692 0.0757
vn 0.1721 -0.9379 0.3013
vn -0.0707 -0.9942 0.0814
vn -0.5568 -0.8270 0.0777
vn -0.1028 -0.9946 -0.0117
vn 0.0326 -0.9995 0.0020
vn 0.0325 -0.9991 0.0280
vn 0.0438 -0.9970 0.0639
vn 0.0286 -0.9996 0.0080
vn -0.1457 -0.9774 0.1530
vn 0.3735 -0.6734 0.6380
vn 0.3316 -0.7395 0.5859
vn 0.4330 -0.7141 0.5501
vn -0.0016 -1.0000 0.0004
vn -0.0030 -1.0000 -0.0012
vn -0.0017 -1.0000 -0.0041
vn -0.0010 -1.0000 -0.0008
vn -0.0004 -1.0000 0.0044
vn -0.0023 -1.0000 0.0050
vn -0.0043 -1.0000 0.0038
vn -0.0055 -1.0000 0.0029
vn -0.0027 -1.0000 0.0043
vn -0.0030 -1.0000 0.0001
vn -0.0062 -1.0000 -0.0013
vn -0.0054 -1.0000 -0.0019
vn -0.0028 -1.0000 0.0041
vn -0.0010 -1.0000 0.0079
vn -0.0335 -0.9994 -0.0057
vn -0.0217 -0.9996 -0.0166
vn -0.0351 -0.9987 -0.0381
vn -0.0453 -0.9988 -0.0186
vn -0.0152 -0.9999 0.0059
vn -0.0113 -0.9999 -0.0015
vn -0.0094 -0.9999 0.0051
vn -0.0073 -1.0000 -0.0022
vn -0.0015 -1.0000 -0.0040
vn -0.0028 -1.0000 -0.0052
vn -0.0066 -1.0000 -0.0051
vn -0.0056 -1.0000 0.0021
vn -0.0016 -1.0000 0.0009
vn -0.0055 -1.0000 0.0026
vn 0.9412 -0.2432 0.2344
vn 0.9221 -0.3597 0.1425
vn 0.7818 0.4062 0.4730
vn 0.4423 -0.8910 0.1020
vn -0.3943 -0.9163 0.0701
vn -0.3572 -0.9329 0.0453
vn -0.9106 -0.1470 0.3862
vn -0.8931 -0.3946 0.2158
vn -0.3235 -0.9457 0.0313
vn -0.1614 0.9745 0.1561
vn -0.4727 0.8365 0.2772
vn -0.7731 0.6068 -0.1847
vn -0.4235 0.8874 0.1822
vn -0.0840 0.9792 0.1845
vn 0.0350 0.9993 0.0140
vn -0.2561 -0.9656 0.0451
vn 0.9170 -0.3681 0.1534
vn -0.1072 -0.9853 0.1329
vn 0.9346 0.2782 0.2219
vn -0.5205 -0.8473 -0.1056
vn -0.8405 -0.5096 -0.1839
vn -0.8445 -0.4547 -0.2830
vn -0.4972 -0.8364 -0.2306
vn -0.9725 0.0452 -0.2283
vn -0.9282 0.0619 -0.3669
vn -0.9721 -0.0043 -0.2346
vn -0.9452 -0.0681 -0.3192
vn -0.9667 -0.0599 -0.2488
vn -0.9666 -0.0667 -0.2475
vn -0.9614 -0.0914 -0.2596
vn -0.9689 -0.1011 -0.2258
vn -0.9648 -0.1470 -0.2181
vn -0.9695 -0.1229 -0.2119
vn -0.9722 -0.1497 -0.1800
vn -0.9677 -0.1581 -0.1965
vn -0.9697 -0.1922 -0.1508
vn -0.9675 -0.2503 -0.0347
vn -0.9514 -0.2795 -0.1291
vn -0.9555 -0.2921 -0.0414
vn -0.9459 -0.3055 -0.1096
vn -0.9537 -0.2864 -0.0916
vn -0.8619 -0.0474 -0.5049
vn -0.9695 -0.2160 -0.1158
vn -0.8530 0.0851 -0.5150
vn -0.3323 0.4170 -0.8460
vn -0.3869 0.2616 -0.8842
vn -0.1388 0.4436 -0.8854
vn -0.1720 0.4824 -0.8589
vn -0.2530 0.3661 -0.8955
vn -0.2342 0.5029 -0.8320
vn -0.2431 0.4804 -0.8427
vn -0.2004 0.4744 -0.8572
vn -0.1937 0.5235 -0.8297
vn -0.0561 0.4665 -0.8827
vn -0.0722 0.5343 -0.8422
vn 0.1353 0.5174 -0.8450
vn 0.1184 0.5505 -0.8264
vn 0.3254 0.4484 -0.8325
vn 0.3370 0.4705 -0.8155
vn 0.3600 0.4896 -0.7941
vn 0.0915 0.5783 -0.8107
vn 0.3805 0.4862 -0.7866
vn 0.0357 0.5631 -0.8256
vn 0.3689 0.4752 -0.7988
vn -0.0807 0.5320 -0.8429
vn -0.6351 0.4156 -0.6511
vn -0.2138 0.6432 -0.7352
vn -0.6583 0.5769 -0.4836
vn -0.2343 0.8654 -0.4429
vn -0.5960 0.7626 -0.2513
vn -0.7678 0.6192 -0.1646
vn -0.5546 0.8198 -0.1426
vn -0.8004 0.5945 -0.0767
vn -0.9573 0.2890 -0.0108
vn -0.8167 0.5724 -0.0739
vn -0.9681 0.2416 -0.0660
vn -0.9912 -0.1237 -0.0479
vn -0.9957 -0.0726 0.0574
vn -0.8833 -0.4679 -0.0301
vn -0.9020 -0.4148 0.1195
vn -0.6438 -0.7651 -0.0109
vn -0.6585 -0.7315 0.1771
vn -0.6662 -0.7197 0.1955
vn -0.2906 -0.9298 0.2259
vn -0.3141 -0.9235 0.2203
vn -0.3646 -0.9307 -0.0285
vn -0.6808 -0.7313 -0.0416
vn 0.1375 -0.9771 0.1626
vn 0.1090 -0.9855 -0.1299
vn 0.5356 -0.8413 0.0734
vn 0.4886 -0.8274 -0.2770
vn 0.5127 -0.7997 0.3123
vn 0.7627 -0.5800 0.2864
vn 0.1401 -0.9487 0.2834
vn 0.0959 -0.9944 0.0434
vn 0.4940 -0.8659 0.0788
vn -0.2945 -0.9555 0.0152
vn -0.3007 -0.9531 -0.0357
vn 0.0526 -0.9986 -0.0107
vn -0.6298 -0.7749 -0.0541
vn -0.8710 -0.4871 -0.0647
vn -0.8812 -0.4702 -0.0492
vn -0.6403 -0.7671 -0.0396
vn -0.3165 -0.9481 -0.0290
vn -0.6662 -0.7455 -0.0208
vn -0.3404 -0.9403 -0.0041
vn 0.0210 -0.9998 0.0047
vn 0.0253 -0.9995 -0.0192
vn 0.3786 -0.9256 0.0063
vn 0.3871 -0.9220 -0.0067
vn 0.4231 -0.9059 0.0163
vn 0.7252 -0.6885 0.0098
vn 0.7574 -0.6519 0.0363
vn 0.7925 -0.6017 0.0995
vn 0.9506 -0.3074 0.0436
vn 0.9586 -0.2751 0.0734
vn 0.9465 -0.2092 0.2457
vn 0.9966 0.0783 0.0256
vn 0.9503 0.1884 0.2479
vn 0.9132 0.4073 -0.0138
vn 0.9064 0.3644 0.2135
vn 0.9926 0.1216 -0.0051
vn 0.9988 0.0338 0.0350
vn 0.9329 0.3598 0.0135
vn 0.7580 0.6522 -0.0061
vn 0.7406 0.6687 -0.0661
vn 0.4583 0.8885 -0.0207
vn 0.4659 0.8742 -0.1371
vn 0.1107 0.9932 -0.0357
vn 0.1054 0.9758 -0.1918
vn 0.1541 0.8578 -0.4903
vn 0.2794 0.6153 -0.7372
vn -0.2292 0.9551 -0.1880
vn -0.2437 0.9684 -0.0535
vn -0.5668 0.8211 -0.0679
vn -0.2339 0.9721 -0.0168
vn -0.5807 0.8136 -0.0303
vn -0.8296 0.5563 -0.0478
vn -0.5722 0.8192 -0.0391
vn -0.8290 0.5571 -0.0479
vn -0.9714 0.2315 -0.0524
vn -0.9719 0.2271 -0.0627
vn -0.9909 -0.1231 -0.0535
vn -0.9887 -0.1334 -0.0686
vn -0.9659 0.2554 -0.0424
vn -0.9933 -0.1086 -0.0397
vn -0.8918 -0.4511 -0.0340
vn -0.9956 -0.0833 -0.0420
vn -0.9023 -0.4295 -0.0374
vn -0.6935 -0.7199 -0.0298
vn -0.9167 -0.3982 -0.0333
vn -0.7136 -0.7002 -0.0235
vn -0.4129 -0.9106 -0.0145
vn -0.3781 -0.9256 -0.0157
vn -0.0325 -0.9995 -0.0027
vn 0.0079 -1.0000 0.0022
vn 0.3461 -0.9381 0.0096
vn 0.3720 -0.9281 0.0155
vn 0.6634 -0.7481 0.0176
vn 0.6843 -0.7288 0.0245
vn 0.7030 -0.7112 0.0105
vn 0.8986 -0.4377 0.0312
vn 0.9160 -0.4006 0.0195
vn 0.9346 -0.3547 0.0255
vn 0.9980 -0.0549 0.0298
vn 0.9994 -0.0048 0.0355
vn 0.9545 0.2961 0.0346
vn 0.9432 0.3303 0.0368
vn 0.7876 0.6155 0.0293
vn 0.7801 0.6251 0.0267
vn 0.5078 0.8613 0.0150
vn 0.4907 0.8713 0.0083
vn 0.1579 0.9875 -0.0025
vn 0.1317 0.9913 -0.0067
vn -0.2126 0.9769 -0.0221
vn 0.1863 0.9825 -0.0044
vn -0.2019 0.9792 -0.0205
vn -0.5552 0.8309 -0.0364
vn -0.1750 0.9844 -0.0191
vn -0.5359 0.8438 -0.0283
vn -0.7945 0.6062 -0.0365
vn -0.8126 0.5813 -0.0430
vn -0.9583 0.2825 -0.0423
vn -0.7914 0.6105 -0.0310
vn -0.9542 0.2962 -0.0412
vn -0.9978 -0.0517 -0.0413
vn -0.9291 0.3462 0.1301
vn -0.9913 -0.0166 0.1304
vn -0.9253 -0.3603 0.1182
vn -0.9809 -0.0267 0.1927
vn -0.9126 -0.3658 0.1824
vn -0.7479 -0.6399 0.1764
vn -0.7368 -0.6666 0.1130
vn -0.4645 -0.8699 0.1657
vn -0.4416 -0.8906 0.1087
vn -0.0754 -0.9862 0.1475
vn -0.0604 -0.9933 0.0989
vn 0.3099 -0.9429 0.1219
vn 0.3157 -0.9448 0.0873
vn 0.6049 -0.7900 0.1005
vn 0.6241 -0.7766 0.0860
vn 0.8431 -0.5303 0.0893
vn 0.8628 -0.4977 0.0890
vn 0.8882 -0.4589 0.0207
vn 0.9860 -0.1407 0.0890
vn 0.9933 -0.1143 0.0186
vn 0.9949 -0.0948 0.0336
vn 0.9680 0.2507 0.0140
vn 0.9625 0.2694 0.0301
vn 0.8126 0.5828 0.0096
vn 0.7986 0.6015 0.0209
vn 0.5451 0.8384 0.0018
vn 0.5266 0.8501 0.0084
vn 0.2148 0.9766 -0.0088
vn 0.5420 0.8395 0.0378
vn 0.2155 0.9764 0.0110
vn -0.1518 0.9884 -0.0093
vn 0.2245 0.9708 0.0848
vn -0.1222 0.9881 0.0933
vn -0.4583 0.8825 0.1052
vn -0.5154 0.8567 -0.0200
vn -0.7469 0.6534 0.1233
vn -0.4424 0.8727 0.2068
vn -0.7234 0.6585 0.2076
vn -0.9180 0.3426 0.1995
vn -0.7956 0.6036 0.0511
vn -0.9593 0.2797 0.0398
vn -0.9979 -0.0551 0.0325
vn -0.9440 -0.3288 -0.0270
vn -0.9270 -0.3728 0.0404
vn -0.7945 -0.6068 -0.0216
vn -0.7655 -0.6417 0.0476
vn -0.5440 -0.8390 -0.0116
vn -0.4954 -0.8670 0.0528
vn -0.1975 -0.9803 0.0040
vn -0.1254 -0.9902 0.0614
vn 0.2092 -0.9775 0.0283
vn 0.2781 -0.9581 0.0686
vn 0.5738 -0.8173 0.0526
vn 0.6014 -0.7962 0.0663
vn 0.8266 -0.5587 0.0680
vn 0.8378 -0.5431 0.0561
vn 0.9764 -0.2035 0.0717
vn 0.9817 -0.1835 0.0516
vn 0.9830 -0.1607 0.0886
vn 0.9794 0.1929 0.0604
vn 0.9737 0.2103 0.0873
vn 0.9722 0.2191 0.0821
vn 0.8144 0.5737 0.0876
vn 0.8167 0.5731 0.0672
vn 0.5287 0.8450 0.0802
vn 0.8317 0.5479 0.0902
vn 0.5676 0.8125 0.1333
vn 0.2584 0.9503 0.1737
vn 0.5928 0.7992 0.0989
vn 0.2308 0.9678 0.1009
vn -0.1891 0.9787 0.0802
vn -0.1069 0.9738 0.2007
vn -0.5379 0.8407 0.0625
vn 0.1486 0.9878 -0.0472
vn 0.5610 0.8275 -0.0232
vn 0.5456 0.8380 -0.0117
vn 0.1182 0.9922 -0.0393
vn 0.5735 0.8186 0.0319
vn 0.1656 0.9861 0.0153
vn 0.6324 0.7743 -0.0239
vn 0.2408 0.9704 -0.0171
vn -0.1683 0.9856 -0.0182
vn 0.3236 0.9422 -0.0869
vn -0.0905 0.9910 -0.0984
vn -0.4788 0.8715 -0.1061
vn -0.5352 0.8441 -0.0331
vn -0.7868 0.6077 -0.1077
vn -0.8250 0.5627 -0.0519
vn -0.9635 0.2509 -0.0935
vn -0.9757 0.2089 -0.0661
vn -0.9933 -0.0862 -0.0769
vn -0.9914 -0.1095 -0.0720
vn -0.9063 -0.4173 -0.0663
vn -0.8971 -0.4368 -0.0666
vn -0.8822 -0.4672 -0.0587
vn -0.8591 -0.5098 -0.0444
vn -0.6504 -0.7577 -0.0534
vn -0.6395 -0.7671 -0.0503
vn -0.6183 -0.7852 -0.0357
vn -0.5875 -0.8086 -0.0331
vn -0.8280 -0.5588 -0.0453
vn -0.3007 -0.9527 -0.0438
vn -0.2889 -0.9571 -0.0235
vn -0.2538 -0.9670 -0.0219
vn 0.1092 -0.9940 -0.0076
vn 0.1494 -0.9888 -0.0031
vn 0.4962 -0.8682 0.0103
vn 0.5332 -0.8457 0.0208
vn 0.8206 -0.5712 0.0170
vn 0.8217 -0.5691 0.0291
vn 0.9786 -0.2052 0.0142
vn 0.9790 -0.2031 0.0186
vn 0.9889 0.1474 0.0182
vn 0.9862 0.1650 0.0089
vn 0.9833 0.1666 0.0727
vn 0.8560 0.5169 -0.0021
vn 0.8553 0.5113 0.0844
vn 0.8548 0.5187 0.0140
vn 0.9922 0.1191 0.0365
vn 0.8697 0.4921 0.0380
vn 0.9946 0.1031 -0.0120
vn 0.8960 0.4435 -0.0238
vn 0.9966 0.0766 -0.0303
vn 0.9132 0.4048 -0.0462
vn 0.6881 0.7223 -0.0693
vn 0.9243 0.3813 0.0146
vn 0.7244 0.6894 -0.0079
vn 0.4013 0.9154 -0.0327
vn 0.7514 0.6595 0.0210
vn 0.4680 0.8837 0.0108
vn 0.0683 0.9977 -0.0027
vn -0.0152 0.9983 -0.0566
vn -0.3827 0.9233 -0.0309
vn -0.4349 0.8968 -0.0812
vn -0.7156 0.6965 -0.0533
vn -0.7510 0.6537 -0.0935
vn -0.9258 0.3729 -0.0618
vn -0.9445 0.3173 -0.0851
vn -0.9973 -0.0358 -0.0635
vn -0.9959 -0.0580 -0.0700
vn -0.9150 -0.3992 -0.0578
vn -0.9125 -0.4045 -0.0606
vn -0.7176 -0.6949 -0.0454
vn -0.7018 -0.7107 -0.0482
vn -0.6731 -0.7380 -0.0481
vn -0.3628 -0.9314 -0.0303
vn -0.3203 -0.9470 -0.0245
vn -0.2981 -0.9537 -0.0411
vn 0.0664 -0.9977 -0.0121
vn 0.0801 -0.9963 -0.0299
vn 0.0878 -0.9956 -0.0321
vn 0.4401 -0.8978 -0.0184
vn 0.4649 -0.8853 -0.0080
vn 0.7856 -0.6187 -0.0062
vn 0.8096 -0.5866 0.0210
vn 0.9727 -0.2320 -0.0020
vn 0.9763 -0.2138 0.0346
vn 0.7588 -0.6506 -0.0307
vn 0.9580 -0.2852 -0.0307
vn 0.7349 -0.6781 0.0089
vn 0.9357 -0.3523 0.0187
vn 0.9994 0.0259 0.0238
vn 0.9147 -0.4026 0.0358
vn 0.9989 -0.0209 0.0417
vn 0.9353 0.3523 0.0340
vn 0.7622 0.6115 -0.2125
vn 0.5512 0.3864 -0.7395
vn 0.3586 0.5781 -0.7330
vn 0.5276 0.8236 -0.2084
vn 0.1839 0.0537 -0.9815
vn 0.0329 0.1967 -0.9799
vn 0.0094 -0.1279 -0.9917
vn 0.1982 -0.3215 -0.9259
vn -0.2569 -0.3975 -0.8809
vn -0.5939 -0.6533 -0.4695
vn -0.7107 -0.6915 -0.1290
vn -0.9006 -0.4105 -0.1432
vn -0.9838 -0.0289 -0.1769
vn -0.8984 0.3915 -0.1992
vn -0.3933 -0.9189 -0.0287
vn 0.0039 -0.9999 -0.0125
vn 0.0373 -0.9992 -0.0122
vn 0.3996 -0.9167 0.0022
vn 0.4234 -0.9059 0.0002
vn 0.4326 -0.9014 -0.0188
vn 0.7064 -0.7075 0.0192
vn 0.6712 -0.7281 -0.1393
vn 0.5138 -0.6240 -0.5888
vn 0.5456 0.3335 -0.7688
vn 0.4657 0.3906 -0.7941
vn 0.4033 0.4294 -0.8081
vn 0.3677 0.4355 -0.8217
vn -0.0459 0.4119 -0.9101
vn -0.1869 0.3800 -0.9059
vn -0.2157 0.3444 -0.9137
vn -0.0866 0.5010 -0.8611
vn -0.0045 0.9939 -0.1098
vn -0.0695 0.9976 0.0009
vn 0.1008 0.2258 0.9689
vn 0.2492 0.2449 0.9370
vn 0.2950 -0.1271 0.9470
vn 0.0488 -0.1911 0.9804
vn -0.1113 0.9931 -0.0380
vn -0.2332 0.3420 -0.9103
vn -0.3569 0.4204 -0.8342
vn -0.2021 0.9790 -0.0247
vn 0.3347 0.2349 0.9126
vn -0.5827 0.7980 0.1538
vn 0.6303 0.4890 0.6030
vn 0.8391 0.2311 0.4924
vn 0.4471 -0.0720 0.8916
vn 0.4698 -0.2369 0.8504
vn 0.2995 -0.2926 0.9081
vn 0.9060 0.1302 0.4028
vn 0.9589 0.0052 0.2837
vn 0.4841 -0.4298 0.7621
vn 0.7870 0.5498 -0.2799
vn 0.7962 0.4688 -0.3824
vn 0.7888 0.4474 -0.4216
vn 0.9796 0.0702 0.1883
vn 0.7138 0.4787 -0.5113
vn 0.7428 0.4708 -0.4760
vn 0.6155 0.6309 -0.4724
vn 0.4685 0.8304 -0.3016
vn 0.4149 0.8767 -0.2433
vn 0.6667 0.7436 -0.0513
vn -0.4646 0.8629 0.1988
vn -0.4439 0.8853 -0.1384
vn -0.9985 0.0417 -0.0342
vn -0.9971 0.0723 0.0231
vn -0.5063 0.8502 -0.1445
vn -0.9990 -0.0317 -0.0330
vn -0.9724 -0.2181 -0.0831
vn -0.8671 0.2048 -0.4541
vn -0.9608 -0.2659 -0.0784
vn -0.9833 -0.1817 -0.0106
vn -0.9799 -0.1953 0.0398
vn -0.9864 -0.1258 0.1055
vn -0.9835 0.1241 0.1319
vn -0.9905 -0.0858 0.1076
vn -0.9734 0.1885 0.1301
vn -0.5130 0.8579 0.0286
vn -0.4870 0.8733 -0.0162
vn 0.3610 0.9146 -0.1824
vn 0.4143 0.8920 -0.1807
vn -0.9965 -0.0783 0.0286
vn -0.9757 -0.1836 0.1192
vn -0.9789 -0.2030 0.0242
vn -0.9683 -0.2447 0.0497
vn -0.9186 -0.3352 -0.2095
vn -0.5046 -0.7888 0.3510
vn -0.9848 -0.1513 -0.0856
vn -0.9737 -0.1044 -0.2023
vn -0.9620 -0.0287 0.2715
vn 0.2095 0.0720 0.9752
vn -0.9997 -0.0160 0.0180
vn -0.1433 0.0837 0.9861
vn 0.8477 0.0272 0.5299
vn 0.8761 0.0448 0.4800
vn 0.7659 -0.1131 0.6329
vn 0.7662 0.0010 0.6426
vn -0.9628 -0.1006 -0.2508
vn -0.9612 -0.2309 -0.1510
vn 0.9525 0.2091 0.2213
vn 0.5113 -0.4115 0.7545
vn 0.4687 -0.4582 0.7552
vn 0.2025 -0.4482 0.8707
vn 0.0196 -0.3028 0.9529
vn 0.7513 0.6416 0.1546
vn 0.8969 0.3783 0.2291
vn -0.0047 -1.0000 -0.0056
vn -0.0023 -1.0000 0.0016
vn -0.0013 -1.0000 0.0049
vn -0.0039 -1.0000 0.0038
vn -0.0036 -1.0000 0.0022
vn -0.0014 -1.0000 0.0013
vn -0.0003 -1.0000 0.0025
vn -0.0010 -1.0000 0.0005
vn -0.0017 -1.0000 0.0001
vn -0.0037 -1.0000 0.0011
vn -0.0024 -1.0000 0.0019
vn 0.0017 -1.0000 -0.0003
vn -0.0022 -1.0000 -0.0019
vn -0.0044 -1.0000 -0.0012
vn -0.0036 -1.0000 -0.0003
vn -0.0044 -1.0000 0.0018
vn -0.0019 -1.0000 -0.0029
vn -0.0036 -1.0000 -0.0042
vn -0.0017 -1.0000 -0.0038
vn -0.0010 -1.0000 -0.0003
vn -0.0019 -1.0000 -0.0033
vn -0.0000 -1.0000 -0.0048
vn -0.0006 -1.0000 0.0010
vn 0.0005 -1.0000 -0.0012
vn 0.0005 -1.0000 0.0023
vn 0.0005 -1.0000 0.0012
vn 0.0009 -1.0000 0.0010
vn -0.0002 -1.0000 0.0014
vn -0.0015 -1.0000 0.0034
vn -0.0017 -1.0000 0.0022
vn 0.0015 -1.0000 -0.0010
vn -0.0001 -1.0000 -0.0019
vn 0.0024 -1.0000 -0.0036
vn 0.0009 -1.0000 -0.0032
vn 0.0021 -1.0000 -0.0027
vn 0.0037 -1.0000 -0.0015
vn 0.0021 -1.0000 -0.0005
vn 0.0007 -1.0000 -0.0006
vn 0.0024 -1.0000 0.0009
vn 0.0014 -1.0000 0.0017
vn -0.0019 -1.0000 0.0019
vn 0.0004 -1.0000 0.0029
vn 0.0002 -1.0000 0.0050
vn -0.0023 -1.0000 0.0047
vn -0.0008 -1.0000 0.0070
vn -0.0015 -1.0000 0.0041
vn -0.0040 -1.0000 0.0032
vn -0.0003 -1.0000 0.0017
vn 0.0031 -1.0000 0.0005
vn 0.0031 -1.0000 -0.0025
vn 0.0050 -1.0000 0.0014
vn 0.0034 -1.0000 0.0003
vn 0.0026 -1.0000 0.0070
vn 0.0003 -1.0000 0.0093
vn -0.0043 -1.0000 0.0001
vn -0.0027 -0.9999 0.0138
vn -0.0077 -0.9999 0.0076
vn -0.0066 -1.0000 -0.0023
vn -0.0152 -0.9997 0.0166
vn -0.0110 -0.9999 0.0047
vn 0.0041 -1.0000 0.0028
vn 0.0006 -1.0000 0.0015
vn 0.0118 -0.9999 0.0061
vn 0.0038 -1.0000 0.0055
vn 0.0071 -1.0000 0.0038
vn 0.0022 -1.0000 0.0040
vn 0.0005 -1.0000 0.0038
vn 0.0019 -1.0000 0.0029
vn 0.0030 -1.0000 0.0029
vn 0.0038 -1.0000 0.0021
vn 0.0050 -1.0000 0.0021
vn 0.0056 -1.0000 0.0024
vn 0.0028 -1.0000 0.0004
vn 0.0030 -1.0000 0.0051
vn 0.0041 -1.0000 0.0015
vn 0.0027 -1.0000 0.0074
vn 0.0031 -0.9999 0.0165
vn 0.0012 -1.0000 0.0081
vn 0.0052 -0.9999 0.0111
vn 0.0022 -1.0000 0.0048
vn 0.0015 -1.0000 0.0026
vn 0.0016 -1.0000 0.0009
vn -0.0032 -1.0000 0.0040
vn -0.0000 -0.9999 0.0138
vn -0.0119 -0.9998 0.0150
vn -0.0141 -0.9997 0.0184
vn -0.0045 -1.0000 0.0065
vn -0.0120 -0.9999 0.0108
vn -0.0033 -1.0000 0.0043
vn -0.0115 -0.9999 0.0031
vn -0.0013 -1.0000 -0.0005
vn -0.0069 -1.0000 -0.0010
vn 0.0004 -1.0000 -0.0030
vn -0.0000 -1.0000 -0.0021
vn -0.0001 -1.0000 -0.0028
vn -0.0005 -1.0000 -0.0020
vn -0.0023 -1.0000 -0.0007
vn -0.0022 -1.0000 -0.0008
vn -0.0009 -1.0000 0.0002
vn -0.0015 -1.0000 -0.0000
vn -0.0010 -1.0000 0.0015
vn -0.0004 -1.0000 0.0035
vn -0.0033 -1.0000 -0.0004
vn -0.0034 -1.0000 0.0042
vn -0.0056 -1.0000 -0.0008
vn -0.0020 -1.0000 0.0031
vn -0.0010 -1.0000 0.0013
vn 0.0011 -1.0000 -0.0004
vn -0.0003 -1.0000 0.0075
vn -0.0017 -1.0000 -0.0046
vn -0.0008 -1.0000 -0.0010
vn -0.0062 -0.9999 0.0129
vn 0.0074 -0.9991 -0.0413
vn 0.0185 -0.9992 -0.0349
vn 0.0470 -0.9980 -0.0427
vn 0.2266 -0.8751 -0.4276
vn 0.3493 -0.8638 -0.3631
vn 0.4488 -0.8563 -0.2556
vn 0.0682 -0.9968 -0.0418
vn 0.4702 -0.8741 -0.1219
vn 0.0593 -0.9982 -0.0135
vn 0.3921 -0.9197 0.0212
vn 0.0484 -0.9988 0.0081
vn 0.3272 -0.9394 0.1020
vn 0.0353 -0.9993 0.0093
vn 0.3182 -0.9290 0.1891
vn 0.0248 -0.9995 0.0175
vn 0.0036 -1.0000 0.0045
vn 0.0584 -0.9960 0.0681
vn 0.0067 -1.0000 0.0034
vn 0.0975 -0.9792 0.1777
vn 0.0053 -0.9998 0.0193
vn 0.0843 -0.9614 0.2620
vn 0.0101 -0.9988 0.0483
vn 0.0341 -0.9700 0.2409
vn 0.0133 -0.9992 0.0383
vn -0.0152 -0.9868 0.1614
vn 0.0573 -0.6731 0.7373
vn -0.1096 -0.7236 0.6815
vn -0.2565 -0.7992 0.5436
vn -0.0449 -0.9950 0.0891
vn -0.3610 -0.8391 0.4069
vn -0.0639 -0.9956 0.0692
vn -0.4216 -0.8664 0.2677
vn -0.0918 -0.9942 0.0568
vn -0.4061 -0.9032 0.1392
vn -0.1036 -0.9941 0.0333
vn -0.3020 -0.9520 0.0492
vn -0.0681 -0.9976 0.0121
vn -0.2016 -0.9793 -0.0196
vn -0.0216 -0.9998 0.0003
vn -0.1604 -0.9839 -0.0789
vn -0.0036 -1.0000 -0.0026
vn 0.0003 -1.0000 0.0001
vn -0.0116 -0.9999 -0.0096
vn -0.0007 -1.0000 0.0029
vn -0.0175 -0.9995 -0.0254
vn 0.0008 -1.0000 0.0069
vn -0.0137 -0.9988 -0.0471
vn -0.0011 -1.0000 0.0034
vn -0.0041 -0.9986 -0.0525
vn -0.1200 -0.9095 -0.3980
vn -0.0064 -0.9019 -0.4318
vn 0.1197 -0.8892 -0.4417
vn -0.0134 -0.4964 -0.8680
vn 0.2313 -0.5043 -0.8320
vn 0.4119 -0.4841 -0.7720
vn 0.2622 0.0345 -0.9644
vn 0.4692 -0.0223 -0.8828
vn 0.6831 -0.0726 -0.7267
vn 0.5992 -0.4909 -0.6324
vn 0.8687 -0.1223 -0.4799
vn 0.7588 -0.4945 -0.4239
vn 0.9685 -0.1253 -0.2153
vn 0.8384 -0.5086 -0.1960
vn 0.9902 -0.1180 0.0753
vn 0.8368 -0.5447 0.0557
vn 0.7854 -0.5643 0.2543
vn 0.9424 -0.1202 0.3121
vn 0.8537 -0.0835 0.5140
vn 0.7319 -0.5250 0.4343
vn 0.9292 0.3616 0.0762
vn 0.9228 0.2349 0.3055
vn 0.8331 0.2165 0.5090
vn 0.8505 0.4483 0.2749
vn 0.7615 0.4471 0.4693
vn 0.6015 0.4848 0.6350
vn 0.6662 0.2746 0.6934
vn 0.6960 -0.0068 0.7180
vn 0.6335 -0.4098 0.6563
vn 0.4639 0.4267 0.7763
vn 0.5280 0.0870 0.8448
vn 0.5053 -0.2935 0.8115
vn 0.3474 -0.7395 0.5766
vn 0.3456 -0.8630 0.3685
vn 0.3092 0.1975 0.9303
vn 0.3096 -0.2682 0.9123
vn 0.2409 -0.6650 0.7069
vn 0.0447 -0.2485 0.9676
vn 0.0328 0.2897 0.9565
vn -0.1778 0.2737 0.9452
vn -0.1716 -0.2676 0.9481
vn -0.4103 0.1921 0.8915
vn -0.3898 -0.3774 0.8400
vn -0.6643 0.1563 0.7309
vn -0.5960 -0.4475 0.6667
vn -0.8449 0.0951 0.5263
vn -0.7384 -0.4885 0.4649
vn -0.7979 -0.5420 0.2638
vn -0.9531 0.0337 0.3006
vn -0.9971 -0.0064 0.0752
vn -0.7979 -0.5967 0.0858
vn -0.6959 0.5643 0.4441
vn -0.8580 0.4369 0.2702
vn -0.9426 0.3281 0.0627
vn -0.9497 0.2615 -0.1721
vn -0.9831 -0.0416 -0.1784
vn -0.7900 0.5526 0.2657
vn -0.8710 0.4871 0.0648
vn -0.8875 0.4317 -0.1615
vn -0.8129 0.4021 -0.4212
vn -0.8596 0.2627 -0.4383
vn -0.8440 0.5319 0.0691
vn -0.8466 0.5112 -0.1481
vn -0.7855 0.4689 -0.4039
vn -0.6510 0.4387 -0.6194
vn -0.6647 0.4138 -0.6221
vn -0.8324 0.5368 -0.1378
vn -0.7716 0.5068 -0.3845
vn -0.6380 0.4738 -0.6070
vn -0.4241 0.4715 -0.7732
vn -0.4412 0.4494 -0.7768
vn -0.7102 0.6163 -0.3404
vn -0.5578 0.6405 -0.5279
vn -0.3510 0.6767 -0.6472
vn -0.1629 0.6996 -0.6957
vn -0.2067 0.4844 -0.8501
vn -0.2744 0.9271 -0.2554
vn -0.1449 0.9535 -0.2642
vn -0.0555 0.9651 -0.2558
vn -0.0088 0.9731 -0.2300
vn -0.0244 0.7322 -0.6807
vn -0.0055 1.0000 -0.0056
vn 0.0026 1.0000 0.0032
vn -0.0013 1.0000 0.0011
vn -0.0047 1.0000 0.0031
vn 0.0395 0.9816 -0.1868
vn -0.0008 1.0000 -0.0087
vn -0.0004 1.0000 -0.0099
vn -0.0005 1.0000 -0.0090
vn -0.0037 1.0000 -0.0036
vn -0.0019 1.0000 -0.0041
vn 0.0002 1.0000 -0.0055
vn 0.0050 1.0000 0.0013
vn 0.0084 1.0000 -0.0026
vn 0.0049 1.0000 -0.0041
vn 0.0091 0.9999 -0.0054
vn 0.0006 1.0000 -0.0011
vn 0.0004 1.0000 -0.0005
vn 0.0007 1.0000 -0.0036
vn -0.0003 1.0000 -0.0068
vn 0.0027 1.0000 -0.0057
vn 0.0314 0.9976 -0.0624
vn 0.0215 0.9994 -0.0266
vn 0.0066 1.0000 -0.0046
vn 0.0114 0.9942 -0.1066
vn -0.0319 0.9942 -0.1027
vn -0.1248 0.9608 -0.2477
vn 0.0183 0.9574 -0.2880
vn 0.1140 0.9714 -0.2081
vn 0.1859 0.9328 -0.3089
vn 0.1925 0.9434 -0.2701
vn 0.0892 0.9890 -0.1183
vn 0.0161 0.9444 -0.3285
vn -0.2027 0.9444 -0.2589
vn -0.3617 0.7839 -0.5047
vn 0.0115 0.8512 -0.5246
vn 0.2323 0.8587 -0.4569
vn 0.3570 -0.2794 -0.8913
vn 0.4911 -0.2773 -0.8258
vn 0.2859 0.8433 -0.4551
vn -0.0224 -0.4340 -0.9006
vn -0.0122 -0.9961 -0.0875
vn 0.0260 -0.9952 -0.0949
vn -0.4007 -0.5551 -0.7289
vn -0.0380 -0.9970 -0.0668
vn -0.0215 -0.9997 -0.0072
vn -0.0124 -0.9998 -0.0138
vn -0.0050 -0.9998 -0.0215
vn -0.0022 -1.0000 -0.0024
vn 0.0003 -1.0000 -0.0042
vn 0.0049 -0.9997 -0.0243
vn -0.0063 -1.0000 -0.0005
vn -0.0164 -0.9999 -0.0000
vn -0.0128 -0.9999 0.0007
vn -0.0039 -1.0000 0.0013
vn -0.0004 -1.0000 0.0007
vn 0.0011 -1.0000 -0.0006
vn 0.0014 -1.0000 -0.0010
vn 0.0005 -1.0000 -0.0007
vn -0.0016 -1.0000 -0.0016
vn -0.0078 -1.0000 -0.0037
vn -0.0355 -0.9994 -0.0010
vn -0.0194 -0.9998 -0.0057
vn -0.0111 -0.9999 -0.0117
vn -0.0275 -0.9993 -0.0239
vn -0.0218 -0.9996 -0.0196
vn -0.0094 -0.9999 -0.0108
vn -0.0470 -0.9988 -0.0097
vn -0.4662 -0.8728 -0.1443
vn -0.3426 -0.9158 -0.2097
vn -0.0847 -0.9964 -0.0040
vn -0.5777 -0.8107 -0.0946
vn -0.9515 -0.2582 -0.1671
vn -0.8845 -0.3546 -0.3032
vn -0.1141 -0.9935 0.0044
vn -0.6634 -0.7483 0.0075
vn -0.9824 -0.1858 -0.0215
vn -0.9989 -0.0406 -0.0232
vn -0.9842 -0.0516 -0.1695
vn -0.7056 -0.6930 0.1481
vn -0.9753 -0.1111 0.1908
vn -0.9823 -0.0285 0.1851
vn -0.9405 -0.0181 0.3393
vn -0.9412 -0.0254 0.3370
vn -0.9849 -0.0404 0.1681
vn -0.9980 -0.0554 -0.0294
vn -0.9371 -0.0709 0.3417
vn -0.8887 -0.0997 0.4475
vn -0.8927 0.0130 0.4505
vn -0.7421 -0.6116 0.2744
vn -0.6853 -0.6418 0.3441
vn -0.6108 -0.6677 0.4254
vn -0.8137 -0.1352 0.5653
vn -0.6059 -0.1128 0.7875
vn -0.5923 0.1030 0.7991
vn -0.7898 0.0778 0.6084
vn -0.4482 -0.6840 0.5756
vn -0.3028 -0.1888 0.9342
vn -0.2654 -0.9092 0.3207
vn -0.5854 -0.3820 0.7152
vn -0.5574 0.4753 0.6807
vn -0.2713 0.5694 0.7760
vn -0.1471 0.9149 0.3759
vn -0.0094 0.9732 0.2299
vn -0.3989 0.8128 0.4246
vn -0.2277 0.9371 0.2645
vn -0.1391 0.9608 0.2398
vn -0.3188 0.7787 0.5404
vn -0.1565 0.7989 0.5807
vn -0.0612 0.9771 0.2038
vn -0.4182 0.7740 0.4754
vn -0.5354 0.5811 0.6129
vn -0.4095 0.5744 0.7088
vn -0.5078 0.7800 0.3656
vn -0.6501 0.5928 0.4755
vn -0.6597 0.5790 0.4791
vn -0.5266 0.5923 0.6098
vn -0.6423 0.7298 0.2342
vn -0.7749 0.5692 0.2748
vn -0.7890 0.5495 0.2747
vn -0.6345 0.6355 0.4400
vn -0.8378 0.5415 0.0692
vn -0.7631 0.6427 0.0677
vn -0.7784 0.6153 -0.1245
vn -0.4564 0.8885 0.0469
vn -0.5037 0.8601 -0.0808
vn -0.4250 0.8838 -0.1956
vn -0.1071 0.9940 -0.0215
vn -0.0736 0.9966 -0.0367
vn -0.0277 0.9992 -0.0275
vn -0.0013 1.0000 -0.0095
vn -0.0052 0.9999 -0.0145
vn -0.0016 0.9999 -0.0126
vn 0.0023 1.0000 -0.0028
vn 0.0132 0.9999 -0.0012
vn 0.0051 1.0000 -0.0001
vn -0.0475 0.9988 -0.0131
vn -0.0484 0.9973 -0.0551
vn -0.2037 0.9687 -0.1420
vn -0.3182 0.9351 -0.1562
vn -0.1177 0.9929 0.0173
vn -0.4975 0.6751 0.5447
vn -0.4650 0.7071 0.5327
vn -0.3134 0.6867 0.6560
vn -0.3388 0.6768 0.6536
vn -0.4014 0.5729 0.7146
vn -0.1698 0.6008 0.7812
vn -0.1918 0.5489 0.8136
vn -0.1937 0.5860 0.7868
vn 0.0337 0.5553 0.8309
vn 0.0361 0.5963 0.8019
vn 0.0324 0.7756 0.6304
vn 0.1902 0.6045 0.7736
vn 0.1639 0.7312 0.6622
vn 0.0866 0.9341 0.3464
vn 0.0140 0.9664 0.2567
vn 0.0236 0.9969 0.0756
vn 0.0258 0.9942 0.1048
vn 0.1847 0.9091 0.3734
vn 0.0505 0.9948 0.0883
vn 0.0056 1.0000 0.0061
vn 0.0870 0.9900 0.1113
vn 0.0013 0.9999 0.0128
vn -0.0026 1.0000 0.0017
vn 0.0030 1.0000 0.0039
vn -0.0040 1.0000 -0.0021
vn 0.0135 0.9999 -0.0027
vn 0.1756 0.9828 -0.0579
vn 0.0442 0.9989 -0.0171
vn 0.2131 0.9741 -0.0758
vn 0.5218 0.8344 -0.1772
vn 0.5088 0.8532 -0.1144
vn 0.8684 -0.4186 -0.2658
vn 0.9297 -0.3393 -0.1435
vn 0.0327 -0.9995 0.0028
vn 0.0336 -0.9994 0.0053
vn 0.0729 -0.9972 -0.0186
vn -0.0031 -0.9999 0.0146
vn -0.0053 -0.9999 0.0086
vn -0.0016 -1.0000 0.0056
vn -0.0006 -0.9999 0.0136
vn -0.0000 -1.0000 0.0078
vn -0.0000 -1.0000 0.0033
vn 0.0004 -1.0000 0.0007
vn -0.0002 -1.0000 0.0026
vn 0.0081 -1.0000 0.0017
vn 0.0023 -1.0000 0.0007
vn 0.0012 -1.0000 -0.0005
vn 0.0006 -1.0000 -0.0009
vn 0.0001 -1.0000 -0.0005
vn 0.0031 -1.0000 -0.0024
vn 0.0014 -1.0000 -0.0013
vn 0.0010 -1.0000 -0.0013
vn 0.0004 -1.0000 -0.0011
vn -0.0001 -1.0000 -0.0009
vn 0.0010 -1.0000 -0.0015
vn 0.0011 -1.0000 -0.0015
vn 0.0010 -1.0000 -0.0011
vn -0.0002 -1.0000 -0.0003
vn -0.0007 -1.0000 0.0003
vn 0.0016 -1.0000 -0.0011
vn 0.0007 -1.0000 -0.0019
vn -0.0009 -1.0000 -0.0036
vn -0.0020 -1.0000 -0.0005
vn -0.0037 -1.0000 -0.0037
vn -0.0018 -1.0000 0.0006
vn -0.0016 -1.0000 0.0016
vn -0.0026 -1.0000 -0.0076
vn -0.0039 -0.9999 -0.0168
vn -0.0041 -0.9999 -0.0134
vn -0.0038 -1.0000 -0.0089
vn -0.0070 -0.9999 -0.0156
vn -0.0791 -0.9882 -0.1313
vn -0.0190 -0.9972 -0.0730
vn -0.1971 -0.9606 -0.1959
vn -0.5498 -0.5715 -0.6092
vn -0.3320 -0.6863 -0.6472
vn -0.7411 -0.4570 -0.4919
vn -0.8172 -0.0634 -0.5729
vn -0.6439 -0.0896 -0.7599
vn -0.9364 -0.0529 -0.3470
vn -0.9293 -0.0389 -0.3672
vn -0.8086 -0.0320 -0.5875
vn -0.9824 -0.0532 -0.1789
vn -0.9803 -0.0598 -0.1884
vn -0.9202 -0.0448 -0.3890
vn -0.9988 -0.0407 -0.0271
vn -0.9983 -0.0546 -0.0191
vn -0.9768 -0.0562 -0.2065
vn -0.9868 -0.0155 0.1614
vn -0.9877 -0.0375 0.1518
vn -0.9885 -0.0433 0.1452
vn -0.9985 -0.0497 -0.0246
vn -0.9473 -0.0251 0.3194
vn -0.9499 -0.0290 0.3112
vn -0.9442 -0.0147 0.3291
vn -0.9441 0.0276 0.3286
vn -0.8692 0.0101 0.4944
vn -0.8541 0.0146 0.5199
vn -0.8658 -0.0067 0.5004
vn -0.8774 -0.0367 0.4783
vn -0.7601 0.0178 0.6495
vn -0.7597 -0.0354 0.6493
vn -0.7561 -0.0171 0.6543
vn -0.7492 -0.0195 0.6620
vn -0.8645 -0.0440 0.5007
vn -0.5810 -0.0162 0.8137
vn -0.5524 0.0034 0.8336
vn -0.5382 -0.0165 0.8427
vn -0.2943 0.0048 0.9557
vn -0.5497 -0.0117 0.8353
vn -0.7511 -0.0111 0.6601
vn -0.7541 -0.0277 0.6561
vn -0.8479 -0.0422 0.5285
vn -0.8532 -0.0136 0.5213
vn -0.5671 -0.0118 0.8236
vn -0.5862 -0.0189 0.8100
vn -0.7475 -0.0371 0.6632
vn -0.7423 -0.0265 0.6695
vn -0.8413 -0.0296 0.5398
vn -0.8428 -0.0518 0.5357
vn -0.5997 -0.0285 0.7997
vn -0.6073 -0.0328 0.7938
vn -0.7454 -0.0304 0.6660
vn -0.4088 -0.0481 0.9114
vn -0.4240 -0.0218 0.9054
vn -0.4129 -0.0129 0.9107
vn -0.6017 -0.0268 0.7983
vn -0.2049 -0.0981 0.9738
vn -0.2459 -0.0192 0.9691
vn -0.2565 -0.0072 0.9665
vn -0.2514 -0.0798 0.9646
vn -0.4131 -0.0873 0.9065
vn -0.0403 -0.0537 0.9977
vn -0.0739 -0.0140 0.9972
vn -0.0865 -0.0758 0.9934
vn -0.0723 -0.1279 0.9892
vn -0.2435 -0.1422 0.9594
vn 0.1377 -0.0236 0.9902
vn 0.1300 -0.0908 0.9874
vn 0.1396 -0.0959 0.9855
vn 0.1761 -0.0461 0.9833
vn -0.0259 -0.0829 0.9962
vn 0.3335 -0.0806 0.9393
vn 0.3704 -0.0678 0.9264
vn 0.3739 -0.0420 0.9265
vn 0.3502 -0.0623 0.9346
vn 0.1873 -0.0435 0.9813
vn 0.5567 -0.0373 0.8298
vn 0.5536 -0.0715 0.8297
vn 0.5293 -0.0824 0.8444
vn 0.5181 -0.0071 0.8553
vn 0.3385 -0.0045 0.9409
vn 0.7030 -0.0783 0.7068
vn 0.7042 -0.0901 0.7043
vn 0.6962 -0.0148 0.7177
vn 0.6806 0.0163 0.7325
vn 0.5128 0.0197 0.8583
vn 0.8033 -0.0863 0.5893
vn 0.7980 -0.0327 0.6017
vn 0.7899 0.0092 0.6131
vn 0.7852 -0.0075 0.6191
vn 0.6710 -0.0124 0.7413
vn 0.8648 -0.0484 0.4997
vn 0.8562 0.0091 0.5165
vn 0.8520 0.0192 0.5232
vn 0.8541 0.0481 0.5178
vn 0.7878 -0.0014 0.6160
vn 0.9224 0.0097 0.3861
vn 0.9073 0.0301 0.4195
vn 0.8913 0.0706 0.4478
vn 0.8777 0.0926 0.4701
vn 0.8539 0.0886 0.5128
vn 0.9658 0.0282 0.2577
vn 0.9520 0.0733 0.2971
vn 0.9364 0.0888 0.3395
vn 0.9168 0.1019 0.3861
vn 0.8456 0.1637 0.5080
vn 0.9878 0.0198 0.1546
vn 0.9783 0.0321 0.2048
vn 0.9684 0.0286 0.2477
vn 0.9475 0.1445 0.2851
vn 0.8469 0.2518 0.4684
vn 0.9996 -0.0205 -0.0210
vn 0.9999 0.0032 0.0099
vn 0.9816 0.1878 0.0343
vn 0.6504 0.7584 0.0439
vn 0.9506 0.0218 -0.3098
vn 0.9331 0.2110 -0.2914
vn 0.6141 0.7687 -0.1788
vn 0.0564 0.9981 -0.0237
vn 0.0822 0.9964 0.0205
vn 0.8144 0.1757 -0.5530
vn 0.5550 0.7369 -0.3859
vn 0.0668 0.9947 -0.0776
vn -0.0093 0.9997 -0.0218
vn -0.0119 0.9999 -0.0029
vn 0.4772 0.6929 -0.5406
vn 0.0903 0.9866 -0.1361
vn 0.0074 0.9993 -0.0366
vn 0.0026 0.9996 -0.0293
vn 0.0063 0.9997 -0.0246
vn 0.1033 0.9785 -0.1787
vn 0.0261 0.9987 -0.0428
vn 0.0192 0.9995 -0.0255
vn 0.0143 0.9998 -0.0152
vn -0.0002 0.9995 -0.0321
vn 0.0196 0.9982 -0.0567
vn 0.0127 0.9994 -0.0324
vn 0.0044 1.0000 -0.0089
vn 0.0027 1.0000 -0.0015
vn -0.0039 0.9996 -0.0281
vn -0.0116 0.9999 -0.0119
vn 0.0024 0.9997 -0.0260
vn 0.0124 0.9994 -0.0334
vn 0.0175 0.9990 -0.0400
vn 0.0149 0.9988 -0.0459
vn 0.0154 0.9988 -0.0469
vn 0.0338 0.9988 -0.0344
vn 0.0062 0.9998 -0.0208
vn -0.0092 0.9996 -0.0265
vn -0.0163 0.9994 -0.0295
vn -0.0130 0.9999 0.0036
vn -0.0363 0.9993 -0.0000
vn -0.0497 0.9987 0.0125
vn -0.0028 0.9999 -0.0138
vn 0.0543 0.9980 -0.0328
vn 0.0169 0.9997 0.0195
vn 0.0480 0.9987 -0.0157
vn 0.0127 0.9998 -0.0170
vn 0.0072 0.9999 -0.0080
vn 0.0153 0.9997 0.0194
vn 0.0067 0.9998 -0.0168
vn -0.0108 0.9997 -0.0210
vn -0.0102 0.9999 -0.0037
vn -0.0247 0.9995 -0.0204
vn -0.0032 0.9996 -0.0268
vn -0.0139 0.9996 -0.0250
vn 0.0129 0.9995 -0.0281
vn 0.0286 0.9996 -0.0059
vn 0.0204 0.9998 -0.0037
vn 0.0055 1.0000 -0.0061
vn 0.0170 0.9998 0.0103
vn -0.0055 1.0000 0.0063
vn -0.0148 0.9999 0.0017
vn 0.0028 0.9995 0.0303
vn 0.0332 0.9991 0.0274
vn 0.0336 0.9861 0.1628
vn 0.0470 0.9857 0.1618
vn 0.0552 0.9975 0.0432
vn -0.0147 0.9975 0.0695
vn 0.0505 0.9987 0.0061
vn -0.0004 1.0000 0.0074
vn -0.0605 0.9979 0.0217
vn -0.0549 0.9923 0.1111
vn -0.0078 0.9999 -0.0115
vn -0.0381 0.9993 0.0051
vn -0.0147 0.9994 0.0323
vn -0.0266 0.9994 0.0233
vn -0.0262 0.9987 0.0444
vn -0.0073 1.0000 0.0056
vn 0.0217 0.9982 0.0555
vn 0.1043 0.9556 0.2757
vn -0.0073 0.9831 0.1830
vn 0.1551 0.8837 0.4417
vn 0.2064 0.9482 0.2414
vn 0.3217 0.8728 0.3670
vn 0.1564 0.9576 0.2418
vn 0.3243 0.8622 0.3892
vn 0.1151 0.9484 0.2955
vn 0.1964 0.8956 0.3991
vn 0.2141 0.9387 0.2703
vn 0.1821 0.9371 0.2978
vn 0.2807 0.9360 0.2126
vn 0.2159 0.9545 0.2059
vn 0.1259 0.9913 0.0394
vn 0.2536 0.9550 0.1539
vn 0.0961 0.9949 0.0302
vn 0.1451 0.9821 -0.1203
vn -0.0732 0.9673 -0.2429
vn -0.0917 0.9866 -0.1351
vn -0.2792 0.9302 -0.2382
vn 0.0330 0.9989 -0.0324
vn -0.0193 0.9993 -0.0324
vn -0.0290 0.9954 0.0918
vn 0.0349 0.9993 0.0142
vn 0.0901 0.9927 0.0797
vn 0.1416 0.9813 0.1305
vn -0.0129 0.9941 0.1078
vn 0.0406 0.9829 0.1796
vn -0.0687 0.9967 0.0443
vn 0.0008 1.0000 -0.0070
vn -0.1367 0.9906 -0.0101
vn -0.2098 0.9773 0.0286
vn -0.1252 0.9905 0.0573
vn -0.1572 0.9864 0.0483
vn -0.0707 0.9838 0.1648
vn -0.2176 0.9664 0.1368
vn 0.3263 0.8756 0.3561
vn 0.5042 0.7427 0.4405
vn 0.6507 0.5208 0.5526
vn 0.8188 0.2346 0.5239
vn 0.7501 0.3130 0.5826
vn 0.7953 0.0380 0.6050
vn 0.5972 0.3746 0.7093
vn 0.6777 -0.0441 0.7340
vn 0.6694 -0.0449 0.7415
vn 0.5018 -0.0899 0.8603
vn 0.5044 -0.0702 0.8606
vn 0.5080 -0.0117 0.8613
vn 0.3031 -0.0446 0.9519
vn 0.3148 -0.0090 0.9491
vn 0.3291 0.0222 0.9440
vn 0.1619 0.0003 0.9868
vn 0.1663 0.0283 0.9857
vn 0.1746 0.0101 0.9846
vn 0.0351 0.0120 0.9993
vn 0.0115 0.0078 0.9999
vn -0.0010 -0.0291 0.9996
vn -0.1887 -0.0147 0.9819
vn -0.2259 -0.0310 0.9737
vn -0.2453 -0.0907 0.9652
vn -0.4373 -0.0455 0.8982
vn -0.4529 -0.0714 0.8887
vn -0.4342 -0.1121 0.8938
vn -0.6116 -0.0668 0.7884
vn -0.6160 -0.0716 0.7845
vn -0.6032 -0.0725 0.7943
vn -0.7512 -0.0503 0.6582
vn -0.7488 -0.0526 0.6607
vn -0.7470 -0.0348 0.6639
vn -0.8460 -0.0371 0.5319
vn -0.8391 -0.0367 0.5427
vn -0.8394 -0.0292 0.5428
vn -0.9037 -0.0409 0.4261
vn -0.9033 -0.0382 0.4274
vn -0.9050 -0.0274 0.4245
vn -0.9506 -0.0500 0.3065
vn -0.9515 -0.0211 0.3068
vn -0.9579 -0.0307 0.2856
vn -0.9047 -0.0427 0.4240
vn -0.9768 -0.0443 0.2096
vn -0.9127 -0.0469 0.4060
vn -0.9918 -0.0155 0.1268
vn -0.9328 -0.0211 0.3597
vn -0.9946 -0.0044 -0.1040
vn -0.9919 -0.0830 -0.0962
vn -0.8846 -0.0069 -0.4663
vn -0.9926 -0.1183 -0.0257
vn -0.9537 -0.0523 0.2963
vn -0.9634 -0.0371 0.2654
vn -0.9909 -0.0844 0.1049
vn -0.9139 -0.0290 0.4048
vn -0.9281 -0.0285 0.3712
vn -0.8496 -0.0420 0.5257
vn -0.8408 -0.0676 0.5371
vn -0.9278 -0.0755 0.3653
vn -0.7448 -0.0689 0.6637
vn -0.7275 -0.0588 0.6836
vn -0.8336 -0.0525 0.5499
vn -0.5887 -0.0541 0.8066
vn -0.5737 -0.0030 0.8190
vn -0.6988 -0.0024 0.7153
vn -0.4107 -0.0198 0.9115
vn -0.3897 -0.0140 0.9208
vn -0.5695 -0.0070 0.8220
vn -0.1570 -0.0085 0.9876
vn -0.1333 -0.0148 0.9910
vn -0.3684 -0.0141 0.9296
vn 0.0546 -0.0074 0.9985
vn 0.0659 -0.0123 0.9977
vn -0.1173 -0.0235 0.9928
vn 0.1582 -0.0052 0.9874
vn 0.1584 0.0649 0.9852
vn 0.0886 0.0287 0.9956
vn 0.2705 -0.0167 0.9626
vn 0.4097 0.4005 0.8196
vn 0.1388 0.9212 0.3636
vn 0.1992 0.8980 0.3923
vn 0.0140 0.9960 0.0886
vn -0.0596 0.2706 0.9609
vn -0.0980 0.0073 0.9952
vn -0.2359 0.3434 0.9091
vn -0.3323 0.0449 0.9421
vn -0.3520 -0.0080 0.9360
vn -0.5124 0.0840 0.8546
vn -0.5388 0.0104 0.8423
vn -0.5569 -0.0110 0.8305
vn -0.6613 0.0132 0.7500
vn -0.6689 -0.0057 0.7433
vn -0.6764 0.0014 0.7366
vn -0.7645 -0.0182 0.6444
vn -0.7953 -0.0250 0.6057
vn -0.8228 -0.0200 0.5680
vn -0.8940 -0.0637 0.4435
vn -0.9015 -0.0187 0.4324
vn -0.9112 -0.0509 0.4087
vn -0.9675 -0.0101 0.2528
vn -0.9553 -0.0836 0.2837
vn -0.9892 -0.1270 0.0735
vn -0.9988 -0.0242 0.0416
vn -0.9818 -0.1531 -0.1125
vn -0.9921 -0.0584 -0.1115
vn -0.9286 -0.1575 -0.3360
vn -0.9257 -0.1104 -0.3618
vn -0.9290 -0.0072 -0.3701
vn -0.7935 -0.1590 -0.5874
vn -0.8045 -0.0256 -0.5934
vn -0.8085 -0.0026 -0.5885
vn -0.9336 -0.0406 -0.3560
vn -0.8155 -0.0342 -0.5777
vn -0.9309 -0.0670 -0.3591
vn -0.8283 -0.0432 -0.5586
vn -0.9308 -0.0656 -0.3595
vn -0.9710 -0.0676 -0.2293
vn -0.9279 -0.0458 -0.3700
vn -0.9666 -0.0536 -0.2508
vn -0.9268 0.0001 -0.3756
vn -0.9765 -0.0303 -0.2134
vn -0.9173 -0.0037 -0.3983
vn -0.9856 -0.0044 -0.1693
vn -0.9018 -0.0162 -0.4318
vn -0.9857 0.0079 -0.1684
vn -0.9013 -0.0517 -0.4300
vn -0.9873 -0.0607 -0.1469
vn -0.9231 -0.0544 -0.3808
vn -0.9859 -0.0604 -0.1561
vn -0.9445 -0.0310 -0.3271
vn -0.9791 -0.0173 -0.2029
vn -0.9543 -0.0320 -0.2970
vn -0.9704 -0.0233 -0.2403
vn -0.8688 -0.0145 -0.4949
vn -0.8786 -0.0468 -0.4753
vn -0.8882 -0.0563 -0.4560
vn -0.7304 -0.0466 -0.6815
vn -0.7452 -0.0473 -0.6651
vn -0.7554 -0.0106 -0.6551
vn -0.8973 -0.0129 -0.4413
vn -0.7632 -0.0224 -0.6457
vn -0.8968 -0.0120 -0.4422
vn -0.9679 -0.0048 -0.2513
vn -0.8989 -0.0179 -0.4378
vn -0.9717 -0.0384 -0.2330
vn -0.9085 -0.0269 -0.4171
vn -0.7740 -0.0066 -0.6332
vn -0.7862 -0.0090 -0.6180
vn -0.7987 -0.0319 -0.6009
vn -0.6029 -0.0150 -0.7977
vn -0.6188 -0.0385 -0.7846
vn -0.6340 -0.0345 -0.7725
vn -0.4026 -0.0332 -0.9148
vn -0.4190 -0.0532 -0.9064
vn -0.4169 -0.1697 -0.8930
vn -0.1547 -0.0788 -0.9848
vn -0.1517 -0.3002 -0.9417
vn -0.1069 -0.8075 -0.5801
vn 0.0959 -0.4057 -0.9090
vn 0.0372 -0.8852 -0.4638
vn -0.0018 -0.9990 -0.0452
vn 0.1268 -0.9353 -0.3303
vn 0.0099 -0.9994 -0.0320
vn 0.0006 -1.0000 -0.0070
vn 0.0159 -0.9997 -0.0194
vn 0.0028 -1.0000 -0.0029
vn -0.0012 -1.0000 0.0016
vn 0.0024 -1.0000 -0.0019
vn -0.0017 -1.0000 0.0007
vn -0.0017 -1.0000 0.0006
vn -0.0016 -1.0000 0.0013
vn -0.0007 -1.0000 -0.0003
vn -0.0010 -1.0000 -0.0001
vn -0.0002 -1.0000 -0.0007
vn -0.0005 -1.0000 -0.0002
vn 0.0001 -1.0000 -0.0004
vn -0.0000 -1.0000 0.0005
vn 0.0018 -1.0000 0.0013
vn 0.0022 -1.0000 0.0035
vn 0.0009 -1.0000 0.0078
vn 0.0126 -0.9999 0.0114
vn 0.0040 -0.9997 0.0241
vn 0.0044 -0.9991 0.0432
vn 0.0117 -0.9971 0.0750
vn 0.0196 -0.9903 0.1375
vn 0.1294 -0.9237 0.3606
vn 0.0829 -0.8885 0.4513
vn 0.3540 -0.4624 0.8130
vn 0.1892 -0.4562 0.8695
vn 0.0687 -0.4032 0.9125
vn 0.0542 -0.0847 0.9949
vn -0.1678 -0.0344 0.9852
vn -0.1240 -0.3115 0.9421
vn 0.2329 -0.0780 0.9694
vn 0.4195 -0.0309 0.9072
vn 0.4262 -0.0101 0.9045
vn 0.2471 -0.0345 0.9684
vn 0.0506 -0.0546 0.9972
vn 0.0498 -0.0295 0.9983
vn -0.1900 -0.0196 0.9816
vn -0.1826 -0.0320 0.9827
vn 0.2583 -0.0262 0.9657
vn 0.4255 -0.0169 0.9048
vn 0.4361 0.0035 0.8999
vn 0.2617 -0.0206 0.9649
vn 0.0399 -0.0152 0.9991
vn 0.0288 -0.0176 0.9994
vn -0.1932 -0.0003 0.9812
vn -0.1928 -0.0040 0.9812
vn 0.2621 -0.0266 0.9647
vn 0.4560 -0.0089 0.8900
vn 0.4602 -0.0438 0.8867
vn 0.2504 -0.0070 0.9681
vn 0.0245 0.0484 0.9985
vn 0.0063 0.1933 0.9811
vn -0.1664 0.0566 0.9844
vn 0.1992 0.0651 0.9778
vn 0.4538 -0.0151 0.8910
vn 0.4551 -0.0014 0.8905
vn 0.4652 -0.0266 0.8848
vn 0.6524 -0.0026 0.7579
vn 0.6729 0.0068 0.7397
vn 0.6778 -0.0285 0.7347
vn 0.6762 -0.0252 0.7363
vn 0.4791 -0.0188 0.8776
vn 0.8138 0.0221 0.5807
vn 0.8278 -0.0142 0.5609
vn 0.8305 -0.0537 0.5544
vn 0.8075 -0.0501 0.5877
vn 0.6730 -0.0222 0.7394
vn 0.8928 0.0115 0.4503
vn 0.8973 -0.0561 0.4379
vn 0.9059 -0.0809 0.4157
vn 0.8981 -0.0283 0.4390
vn 0.7963 -0.0225 0.6045
vn 0.8023 -0.0242 0.5965
vn 0.6716 -0.0244 0.7405
vn 0.6718 -0.0261 0.7403
vn 0.8876 -0.0243 0.4600
vn 0.8878 -0.0246 0.4596
vn 0.8078 -0.0260 0.5889
vn 0.9459 -0.0417 0.3218
vn 0.9429 -0.0219 0.3322
vn 0.9469 0.0081 0.3213
vn 0.8974 -0.0029 0.4412
vn 0.9838 -0.0488 0.1722
vn 0.9994 -0.0280 0.0178
vn 0.9858 -0.1025 -0.1328
vn 0.9820 -0.0025 -0.1886
vn 0.9173 -0.0225 -0.3977
vn 0.9055 0.0159 -0.4241
vn 0.9019 0.0122 -0.4318
vn 0.7969 0.0180 -0.6039
vn 0.8016 0.0215 -0.5974
vn 0.8065 -0.0261 -0.5907
vn 0.8100 -0.1105 -0.5759
vn 0.6628 0.0184 -0.7486
vn 0.6688 -0.0096 -0.7434
vn 0.6638 -0.1031 -0.7408
vn 0.6598 -0.1020 -0.7445
vn 0.8182 -0.0967 -0.5667
vn 0.4585 0.0071 -0.8887
vn 0.4550 -0.0929 -0.8856
vn 0.4596 -0.1213 -0.8798
vn 0.4665 -0.0422 -0.8835
vn 0.6508 -0.0336 -0.7585
vn 0.2224 -0.0595 -0.9731
vn 0.2267 -0.1610 -0.9606
vn 0.2728 -0.0933 -0.9575
vn 0.2859 -0.0370 -0.9575
vn 0.4763 -0.0340 -0.8786
vn 0.0754 -0.1915 -0.9786
vn 0.0945 -0.1585 -0.9828
vn 0.0951 -0.0358 -0.9948
vn 0.0828 -0.0022 -0.9966
vn 0.2705 -0.0138 -0.9626
vn -0.1649 -0.1680 -0.9719
vn -0.2299 -0.0494 -0.9720
vn -0.2455 -0.0042 -0.9694
vn -0.2688 -0.0048 -0.9632
vn 0.0715 0.0067 -0.9974
vn -0.3621 -0.0548 -0.9305
vn -0.3844 -0.0074 -0.9231
vn -0.3849 0.0009 -0.9230
vn -0.3910 -0.0076 -0.9204
vn -0.2833 -0.0154 -0.9589
vn -0.3889 -0.0079 -0.9212
vn -0.3699 -0.0144 -0.9290
vn -0.3670 -0.0330 -0.9296
vn -0.3688 -0.0652 -0.9272
vn -0.3430 -0.0123 -0.9392
vn -0.6515 -0.0453 -0.7573
vn -0.6586 -0.1333 -0.7406
vn -0.6553 -0.1594 -0.7383
vn -0.6710 -0.1024 -0.7344
vn -0.3798 -0.0611 -0.9231
vn -0.7982 -0.1741 -0.5767
vn -0.8238 -0.0758 -0.5617
vn -0.8390 0.0499 -0.5419
vn -0.6736 0.1502 -0.7237
vn -0.9434 -0.0798 -0.3220
vn -0.9491 0.0144 -0.3148
vn -0.9057 0.3023 -0.2971
vn -0.7373 0.5084 -0.4448
vn -0.9891 -0.1036 -0.1046
vn -0.9955 -0.0110 -0.0942
vn -0.9881 0.1225 -0.0929
vn -0.7125 0.7004 -0.0434
vn -0.5160 0.8413 -0.1613
vn -0.9905 -0.0332 0.1331
vn -0.9895 0.0276 0.1421
vn -0.8096 0.5608 0.1732
vn -0.2178 0.9695 0.1119
vn -0.1213 0.9925 0.0121
vn -0.9411 0.0156 0.3377
vn -0.7848 0.5357 0.3116
vn -0.2642 0.9561 0.1267
vn -0.0648 0.9967 0.0493
vn -0.0244 0.9977 0.0631
vn -0.7281 0.4892 0.4801
vn -0.3035 0.9287 0.2129
vn -0.0381 0.9990 0.0214
vn -0.0078 0.9999 0.0146
vn -0.0252 0.9990 0.0383
vn -0.2881 0.8903 0.3526
vn -0.0393 0.9952 0.0900
vn -0.0087 0.9996 0.0264
vn -0.0118 0.9997 0.0225
vn -0.0152 0.9995 0.0262
vn -0.0587 0.9842 0.1668
vn 0.0258 0.9970 0.0733
vn 0.0626 0.9966 0.0543
vn 0.0587 0.9949 0.0816
vn -0.0108 0.9991 0.0401
vn 0.2714 0.9417 0.1989
vn 0.1799 0.9478 0.2633
vn 0.2338 0.9577 0.1681
vn -0.0755 0.8334 0.5475
vn 0.0221 0.8209 0.5707
vn 0.0415 0.8362 0.5469
vn 0.1027 0.9938 0.0434
vn -0.3917 0.4227 0.8172
vn -0.2791 0.8605 0.4263
vn -0.5503 0.4527 0.7016
vn -0.6442 0.1012 0.7582
vn -0.6296 0.4402 0.6402
vn -0.7306 0.0696 0.6793
vn -0.7471 0.0061 0.6647
vn -0.8478 0.0397 0.5289
vn -0.8619 -0.0214 0.5067
vn -0.8779 -0.0633 0.4746
vn -0.9457 -0.0479 0.3214
vn -0.9473 -0.0933 0.3065
vn -0.9879 -0.1048 0.1141
vn 0.0093 0.9991 0.0421
vn -0.0115 0.9996 0.0243
vn -0.0295 0.9991 0.0317
vn 0.0309 0.9952 0.0931
vn 0.0286 0.9974 0.0662
vn 0.0203 0.9996 0.0199
vn 0.0146 0.9999 -0.0028
vn 0.0321 0.9993 0.0178
vn 0.0248 0.9996 0.0132
vn 0.0426 0.9978 0.0510
vn 0.0148 0.9990 0.0426
vn 0.0046 1.0000 0.0081
vn -0.0212 0.9997 0.0104
vn -0.0119 0.9999 0.0054
vn -0.0151 0.9997 0.0204
vn -0.0031 0.9996 0.0283
vn -0.0009 0.9994 0.0357
vn 0.0223 0.9997 0.0027
vn 0.0175 0.9998 0.0024
vn 0.0134 0.9999 -0.0069
vn 0.0156 0.9999 -0.0072
vn -0.0255 0.9996 -0.0140
vn -0.0004 0.9999 0.0142
vn -0.0048 0.9999 0.0145
vn -0.2961 0.9431 -0.1514
vn 0.0058 0.9999 0.0104
vn -0.1181 0.9876 -0.1038
vn -0.4976 0.7073 -0.5021
vn -0.0076 0.9966 -0.0818
vn -0.2177 0.8372 -0.5016
vn -0.4026 0.2604 -0.8776
vn -0.1224 0.8871 -0.4451
vn -0.2860 0.3907 -0.8749
vn -0.3267 0.0116 -0.9450
vn -0.1855 0.4651 -0.8656
vn -0.2461 0.0468 -0.9681
vn -0.2752 -0.0125 -0.9613
vn 0.0990 0.1043 -0.9896
vn 0.0837 0.0366 -0.9958
vn 0.0718 0.0176 -0.9973
vn 0.2509 0.0582 -0.9663
vn 0.2522 0.0220 -0.9674
vn 0.2587 0.0045 -0.9659
vn 0.4787 0.0271 -0.8776
vn 0.4752 0.0061 -0.8798
vn 0.4780 -0.0206 -0.8781
vn 0.6534 0.0121 -0.7569
vn 0.6482 -0.0255 -0.7611
vn 0.6437 -0.0222 -0.7649
vn 0.8272 -0.0230 -0.5614
vn 0.8195 -0.0154 -0.5729
vn 0.8202 -0.0434 -0.5705
vn 0.9400 -0.0174 -0.3407
vn 0.9400 -0.0206 -0.3406
vn 0.9949 -0.0150 -0.0997
vn 0.9936 -0.0213 -0.1109
vn 0.9936 0.0103 0.1123
vn 0.9971 -0.0016 0.0765
vn 0.9730 0.0154 0.2302
vn 0.9296 -0.0652 0.3627
vn 0.8798 -0.0937 0.4661
vn 0.9355 -0.1117 0.3351
vn 0.8991 -0.0741 0.4315
vn 0.9437 -0.0681 0.3237
vn 0.9051 -0.0351 0.4237
vn 0.9433 -0.0386 0.3298
vn 0.8121 -0.0697 0.5794
vn 0.8202 -0.0313 0.5713
vn 0.8171 -0.0170 0.5763
vn 0.7037 -0.0244 0.7100
vn 0.6984 -0.0296 0.7151
vn 0.6820 -0.0383 0.7303
vn 0.5311 -0.0495 0.8458
vn 0.5164 -0.0469 0.8551
vn 0.5052 -0.0260 0.8626
vn 0.3184 -0.0364 0.9472
vn 0.2916 -0.0449 0.9555
vn 0.4995 -0.0129 0.8662
vn 0.4927 -0.0136 0.8701
vn 0.1341 -0.0206 0.9908
vn 0.6470 0.0011 0.7625
vn 0.9999 -0.0110 0.0036
vn 0.9968 0.0779 -0.0198
vn 0.9983 -0.0507 -0.0296
vn 0.9110 -0.3974 -0.1102
vn 0.9923 -0.0787 -0.0954
vn 0.1088 -0.9882 -0.1080
vn -0.7561 -0.6507 -0.0699
vn -0.8497 -0.5268 -0.0229
vn -0.9663 -0.2117 -0.1465
vn -0.9830 -0.1758 -0.0523
vn -0.7818 -0.1340 0.6090
vn -0.7420 -0.4133 0.5278
vn -0.9991 -0.0181 -0.0394
vn -0.6775 0.0030 0.7355
vn -0.1324 0.0178 0.9910
vn -0.9952 0.0809 -0.0550
vn -0.9882 0.0865 -0.1266
vn -0.7241 0.6832 -0.0941
vn -0.7123 0.6982 -0.0714
vn -0.9871 -0.0121 -0.1596
vn -0.9141 -0.0108 -0.4053
vn -0.9699 0.1394 -0.1997
vn -0.6700 0.7388 -0.0726
vn -0.2816 -0.0490 -0.9583
vn 0.2682 -0.0122 -0.9633
vn 0.2984 -0.1041 -0.9488
vn 0.3467 -0.1315 -0.9287
vn 0.3260 0.0043 -0.9454
vn 0.3417 -0.2214 -0.9134
vn 0.4343 -0.2006 -0.8781
vn 0.4121 -0.1338 -0.9012
vn 0.3355 0.1825 -0.9242
vn 0.4432 0.1954 -0.8749
vn 0.5091 0.2318 -0.8289
vn 0.4942 -0.1552 -0.8554
vn 0.3177 0.3268 -0.8901
vn 0.4397 0.2882 -0.8507
vn 0.5238 0.3020 -0.7965
vn 0.5983 0.3657 -0.7130
vn 0.5932 0.2863 -0.7525
vn 0.4728 -0.0191 -0.8810
vn 0.5637 0.0042 -0.8260
vn 0.6661 0.0418 -0.7447
vn 0.5738 -0.0420 -0.8179
vn 0.6776 -0.0308 -0.7348
vn 0.7805 -0.0213 -0.6248
vn 0.7742 0.0806 -0.6278
vn 0.6840 0.4341 -0.5862
vn 0.7066 0.3471 -0.6166
vn 0.8411 0.0975 -0.5320
vn 0.7457 0.4685 -0.4737
vn 0.7836 0.3825 -0.4895
vn 0.8381 -0.2108 -0.5031
vn 0.7608 -0.1851 -0.6220
vn 0.8006 0.4641 -0.3790
vn 0.8438 0.3790 -0.3800
vn 0.8897 -0.2287 -0.3951
vn 0.8981 -0.2272 -0.3766
vn 0.8413 -0.2220 -0.4929
vn 0.8868 0.3630 -0.2861
vn 0.9214 -0.2266 -0.3158
vn 0.9194 -0.2202 -0.3260
vn 0.9434 0.0214 -0.3311
vn 0.9300 0.0152 -0.3673
vn 0.9178 0.0223 -0.3964
vn 0.9335 0.0299 -0.3574
vn 0.9427 0.0373 -0.3314
vn 0.9364 -0.0020 -0.3509
vn 0.9365 0.0204 -0.3501
vn 0.9978 -0.0317 0.0588
vn 0.7361 -0.3639 0.5707
vn 0.7463 -0.0460 0.6640
vn 0.3968 -0.3969 0.8277
vn 0.3465 -0.0431 0.9371
vn 0.1788 -0.3657 0.9134
vn 0.2887 -0.9360 0.2015
vn 0.1338 -0.9608 0.2427
vn -0.0454 -0.9602 0.2755
vn -0.1130 -0.3141 0.9426
vn -0.0143 -0.7345 -0.6784
vn -0.2140 -0.6932 -0.6882
vn -0.0786 -0.1993 -0.9768
vn -0.3525 -0.1500 -0.9237
vn 0.1524 -0.7335 -0.6624
vn 0.0787 -0.2126 -0.9740
vn -0.0119 -0.0272 -0.9996
vn -0.0934 0.2019 -0.9749
vn -0.1540 0.7773 -0.6099
vn -0.1084 0.9876 -0.1132
vn -0.2375 0.9705 -0.0414
vn 0.1337 0.9844 -0.1146
vn 0.1495 0.9882 0.0342
vn -0.0842 0.9952 0.0498
vn 0.8220 0.5589 0.1097
vn 0.8091 0.5832 0.0725
vn 0.8939 -0.4271 0.1359
vn 0.9000 -0.4306 0.0683
vn 0.4194 -0.9064 -0.0509
vn 0.4332 -0.9011 0.0195
vn 0.0617 -0.9941 -0.0891
vn 0.1003 -0.9950 -0.0005
vn -0.1162 -0.9898 -0.0830
vn -0.1098 -0.9939 0.0107
vn -0.0682 -0.9474 0.3126
vn 0.0442 -0.4405 0.8967
vn -0.3681 -0.9294 0.0259
vn -0.3225 -0.8969 0.3024
vn -0.0610 -0.4375 0.8972
vn 0.0673 -0.0166 0.9976
vn 0.0973 -0.0076 0.9952
vn 0.0957 0.0067 0.9954
vn 0.2039 0.0199 0.9788
vn 0.0612 0.0073 0.9981
vn -0.0791 0.6173 0.7827
vn -0.0365 0.6397 0.7678
vn -0.1641 0.9805 0.1077
vn -0.0537 0.9954 0.0799
vn 0.0759 0.6635 0.7443
vn -0.2639 0.9500 0.1668
vn -0.8407 0.5414 0.0086
vn -0.3160 0.9487 -0.0065
vn -0.1754 0.9845 -0.0010
vn -0.0569 0.9984 -0.0045
vn -0.3063 0.9077 -0.2867
vn -0.1599 0.9473 -0.2777
vn -0.0110 0.9840 -0.1777
vn 0.5391 0.8334 -0.1221
vn 0.6206 0.7768 -0.1074
vn -0.1581 0.4581 -0.8747
vn -0.0537 0.5377 -0.8414
vn -0.1333 -0.0174 -0.9909
vn 0.0139 0.0050 -0.9999
vn -0.1156 -0.0093 -0.9933
vn -0.2003 -0.0094 -0.9797
vn -0.2044 -0.0127 -0.9788
vn -0.1783 -0.2298 -0.9568
vn -0.0661 -0.2500 -0.9660
vn -0.1444 -0.8076 -0.5717
vn 0.0107 -0.8461 -0.5330
vn -0.3705 -0.9251 -0.0830
vn -0.9132 -0.4024 0.0640
vn -0.8897 -0.4527 0.0591
vn -0.7726 0.6268 0.1012
vn -0.7783 0.6269 0.0350
vn -0.2347 0.9718 0.0242
vn -0.3674 0.9286 0.0520
vn -0.2603 0.4314 -0.8638
vn 0.9935 -0.0021 -0.1138
vn 0.9998 0.0186 0.0082
vn -0.9948 -0.0940 0.0386
vn -0.9676 -0.2458 0.0577
vn -0.7461 -0.6654 0.0229
vn -0.0860 -0.9940 -0.0678
vn 0.9402 0.0461 -0.3375
vn 0.9190 0.0338 -0.3929
vn 0.9258 0.0205 -0.3775
vn 0.8556 0.0187 -0.5174
vn 0.8622 -0.0131 -0.5064
vn 0.8658 0.0122 -0.5003
vn 0.7706 -0.0337 -0.6364
vn 0.7745 -0.0126 -0.6324
vn 0.7658 -0.2106 -0.6077
vn 0.6397 -0.0256 -0.7682
vn 0.6278 -0.1722 -0.7591
vn 0.6181 -0.1516 -0.7713
vn 0.4833 -0.1313 -0.8656
vn 0.4813 0.0002 -0.8766
vn 0.3868 0.0101 -0.9221
vn 0.4924 0.0154 -0.8702
vn 0.3736 0.0331 -0.9270
vn 0.5127 0.0128 -0.8585
vn 0.3836 0.0514 -0.9221
vn 0.5305 0.0420 -0.8466
vn 0.3822 0.0339 -0.9235
vn 0.5367 0.0031 -0.8438
vn 0.3755 -0.0189 -0.9266
vn 0.2153 -0.0375 -0.9758
vn 0.4028 0.0213 -0.9151
vn 0.2293 0.0717 -0.9707
vn 0.0865 -0.0018 -0.9962
vn 0.0381 0.0519 -0.9979
vn 0.0265 -0.0893 -0.9957
vn -0.0804 0.0747 -0.9940
vn -0.0919 -0.0048 -0.9958
vn -0.1512 0.1278 -0.9802
vn -0.1765 0.0288 -0.9839
vn -0.2091 0.0323 -0.9774
vn -0.2328 0.0145 -0.9724
vn -0.3926 0.0007 -0.9197
vn -0.2548 -0.0108 -0.9669
vn -0.4113 -0.0034 -0.9115
vn -0.2885 0.0028 -0.9575
vn -0.2295 -0.0188 -0.9731
vn -0.2424 -0.0453 -0.9691
vn -0.3011 -0.0347 -0.9530
vn -0.2464 -0.0211 -0.9689
vn -0.2520 -0.0068 -0.9677
vn 0.0574 -0.0606 -0.9965
vn 0.2719 -0.0753 -0.9594
vn -0.2372 -0.2509 -0.9385
vn -0.2379 -0.1703 -0.9563
vn -0.2042 -0.2156 -0.9549
vn -0.1737 -0.1304 -0.9761
vn -0.1940 0.3114 -0.9303
vn -0.1197 0.3029 -0.9455
vn -0.2166 0.3898 -0.8951
vn -0.1204 0.3565 -0.9265
vn -0.0312 0.3633 -0.9312
vn 0.0422 0.3748 -0.9262
vn -0.1390 0.0565 -0.9887
vn -0.0307 0.0549 -0.9980
vn 0.0421 0.0454 -0.9981
vn 0.1138 0.0231 -0.9932
vn 0.1153 0.3744 -0.9201
vn -0.0245 -0.0412 -0.9989
vn 0.0382 -0.0369 -0.9986
vn 0.1141 -0.0388 -0.9927
vn 0.2251 -0.0323 -0.9738
vn 0.2165 -0.0009 -0.9763
vn 0.0900 -0.0348 -0.9953
vn 0.1501 0.0098 -0.9886
vn 0.2457 0.0307 -0.9689
vn 0.3555 0.0239 -0.9344
vn 0.3595 -0.0315 -0.9326
vn 0.1729 0.0221 -0.9847
vn 0.2466 0.0085 -0.9691
vn 0.3489 -0.0065 -0.9372
vn 0.4493 -0.0151 -0.8933
vn 0.4639 -0.0063 -0.8859
vn 0.2404 -0.0861 -0.9669
vn 0.3942 -0.0736 -0.9161
vn 0.4729 -0.0224 -0.8808
vn 0.5751 -0.0230 -0.8178
vn 0.5766 -0.0243 -0.8167
vn 0.5865 -0.2100 -0.7823
vn 0.5213 -0.0530 -0.8517
vn 0.5190 -0.0539 -0.8531
vn 0.5411 -0.2402 -0.8059
vn 0.3715 -0.1806 -0.9107
vn 0.3993 -0.3015 -0.8658
vn 0.5813 -0.1796 -0.7936
vn 0.6858 -0.0741 -0.7240
vn 0.7043 -0.0243 -0.7095
vn 0.8204 -0.2447 -0.5167
vn 0.8063 -0.0925 -0.5843
vn 0.7926 -0.0104 -0.6097
vn 0.7837 -0.0198 -0.6209
vn 0.6888 -0.0350 -0.7241
vn 0.8574 -0.0544 -0.5118
vn 0.8428 0.0017 -0.5383
vn 0.8420 -0.0117 -0.5394
vn 0.8434 -0.0171 -0.5370
vn 0.8970 0.0093 -0.4419
vn 0.8977 -0.0000 -0.4406
vn 0.8949 0.0001 -0.4464
vn 0.8909 0.0977 -0.4435
vn 0.9378 0.0200 -0.3465
vn 0.9344 0.0183 -0.3557
vn 0.9363 0.0762 -0.3428
vn 0.8524 0.4380 -0.2854
vn 0.9681 0.0166 -0.2501
vn 0.9709 0.0524 -0.2337
vn 0.8838 0.4224 -0.2012
vn 0.9890 0.0724 -0.1287
vn 0.8877 0.4410 -0.1326
vn 0.9939 0.1105 -0.0060
vn 0.8635 0.5038 -0.0220
vn 0.8507 0.5231 -0.0512
vn 0.8299 0.5446 0.1212
vn 0.8393 0.5294 0.1234
vn 0.8379 0.5146 0.1819
vn 0.8689 0.4392 0.2283
vn 0.9434 -0.1644 0.2880
vn 0.9234 -0.2082 0.3224
vn 0.9008 0.3213 0.2921
vn 0.9238 -0.2578 0.2831
vn 0.9475 -0.1957 0.2530
vn 0.9738 0.1573 0.1641
vn 0.9607 0.0412 0.2745
vn 0.8574 -0.3025 0.4163
vn 0.8724 -0.1747 0.4565
vn 0.8566 0.2045 0.4737
vn 0.8547 0.1915 0.4825
vn 0.9778 0.2002 0.0624
vn 0.7949 -0.2525 0.5517
vn 0.7747 0.1008 0.6242
vn 0.7195 0.1077 0.6861
vn 0.7165 0.0266 0.6971
vn 0.8872 0.0242 0.4608
vn 0.8034 0.0143 0.5953
vn 0.7778 0.0436 0.6270
vn 0.7408 0.0115 0.6716
vn 0.7310 0.0131 0.6823
vn 0.7592 -0.0349 0.6499
vn 0.7004 0.0096 0.7137
vn 0.6999 -0.0326 0.7135
vn 0.6961 0.0200 0.7177
vn 0.6890 0.0445 0.7234
vn 0.7597 0.0173 0.6500
vn 0.5383 -0.0364 0.8420
vn 0.5417 0.0165 0.8404
vn 0.5319 0.0280 0.8464
vn 0.5103 0.0050 0.8600
vn 0.6765 0.0262 0.7360
vn 0.3198 0.0129 0.9474
vn 0.3168 0.0143 0.9484
vn 0.3228 -0.0022 0.9465
vn 0.3320 0.0159 0.9431
vn 0.4978 0.0120 0.8672
vn 0.1683 0.0091 0.9857
vn 0.1705 0.0126 0.9853
vn 0.1514 0.0255 0.9881
vn 0.3303 0.0548 0.9423
vn 0.0185 0.0149 0.9997
vn 0.0306 0.0240 0.9992
vn 0.0460 0.0134 0.9989
vn -0.1159 0.0612 0.9914
vn -0.0649 0.0807 0.9946
vn -0.2664 0.0936 0.9593
vn -0.2180 0.1847 0.9583
vn -0.3071 0.2367 0.9218
vn -0.4057 0.1290 0.9048
vn -0.5103 0.1164 0.8521
vn -0.6160 -0.0152 0.7876
vn -0.7588 -0.0335 0.6505
vn -0.6789 0.0311 0.7335
vn -0.6758 -0.0719 0.7336
vn -0.6155 -0.0572 0.7861
vn -0.5707 0.0327 0.8205
vn -0.7442 0.0411 0.6667
vn -0.6543 -0.0051 0.7562
vn -0.5704 -0.0012 0.8214
vn -0.5755 0.0053 0.8178
vn -0.6273 0.0253 0.7784
vn -0.5721 0.0396 0.8192
vn -0.6575 0.0452 0.7521
vn -0.6625 -0.0231 0.7487
vn -0.6854 0.0076 0.7282
vn -0.6771 0.1204 0.7260
vn -0.6347 0.0451 0.7714
vn -0.7830 -0.0078 0.6220
vn -0.7694 0.0141 0.6386
vn -0.7614 0.1538 0.6297
vn -0.7470 0.2868 0.5997
vn -0.6351 0.2293 0.7376
vn -0.8612 0.0278 0.5076
vn -0.8599 0.1018 0.5002
vn -0.8649 0.2121 0.4549
vn -0.8895 0.1762 0.4216
vn -0.7692 0.2268 0.5974
vn -0.9438 0.0438 0.3275
vn -0.9500 0.0816 0.3013
vn -0.9612 0.0862 0.2620
vn -0.9829 0.0475 0.1779
vn -0.9813 0.0906 0.1701
vn -0.9603 0.1414 0.2404
vn -0.8989 0.1686 0.4045
vn -0.9848 0.0330 0.1703
vn -0.9923 0.1048 0.0654
vn -0.9858 0.0286 0.1653
vn -0.9985 0.0480 0.0250
vn -0.9914 0.0800 -0.1036
vn -0.9767 0.2107 -0.0411
vn -0.9851 0.0264 0.1702
vn -0.9997 0.0141 0.0216
vn -0.9422 0.0343 0.3334
vn -0.9388 0.0431 0.3419
vn -0.8734 0.0342 0.4859
vn -0.8763 0.0760 0.4757
vn -0.9338 0.0582 0.3530
vn -0.8719 0.0604 0.4860
vn -0.9296 0.0454 0.3657
vn -0.8723 0.0443 0.4870
vn -0.9292 0.0590 0.3650
vn -0.8810 0.0414 0.4713
vn -0.9367 0.0713 0.3427
vn -0.8941 0.0013 0.4478
vn -0.9491 0.0199 0.3142
vn -0.9871 0.0431 0.1545
vn -0.9576 0.0009 0.2880
vn -0.9932 0.0074 0.1162
vn -0.9989 0.0295 -0.0363
vn -0.9984 0.0551 -0.0086
vn -0.9839 0.0444 -0.1732
vn -0.9852 0.0569 -0.1614
vn -0.9578 0.0527 -0.2826
vn -0.9626 0.0681 -0.2621
vn -0.9171 0.0608 -0.3941
vn -0.9387 0.1338 -0.3178
vn -0.9768 0.0755 -0.2005
vn -0.9507 0.0918 -0.2962
vn -0.9549 -0.0407 -0.2942
vn -0.9725 0.0407 -0.2293
vn -0.8885 0.2060 -0.4100
vn -0.8537 0.0954 -0.5119
vn -0.7720 0.0968 -0.6282
vn -0.6926 0.0392 -0.7203
vn -0.8172 -0.0000 -0.5763
vn -0.7470 0.0448 -0.6633
vn -0.6422 0.0259 -0.7661
vn -0.5404 0.0044 -0.8414
vn -0.6346 0.0140 -0.7727
vn -0.7095 0.0188 -0.7044
vn -0.7709 -0.0315 -0.6362
vn -0.7488 -0.0152 -0.6626
vn -0.6700 0.0045 -0.7423
vn -0.7373 0.0023 -0.6755
vn -0.6481 0.0115 -0.7615
vn -0.5254 0.0059 -0.8508
vn -0.6475 -0.0191 -0.7618
vn -0.5359 -0.0191 -0.8441
vn -0.6461 -0.1356 -0.7511
vn -0.5343 -0.1208 -0.8366
vn -0.4094 -0.0705 -0.9096
vn -0.4989 -0.3666 -0.7853
vn -0.3828 -0.3428 -0.8579
vn -0.2898 -0.3014 -0.9084
vn -0.3839 -0.3171 -0.8672
vn -0.2838 -0.2734 -0.9191
vn -0.3900 0.3011 -0.8702
vn -0.2868 0.3228 -0.9020
vn -0.3646 0.4814 -0.7970
vn -0.2893 0.4434 -0.8484
vn -0.4271 0.1390 -0.8935
vn -0.3442 0.0769 -0.9357
vn -0.2488 0.0527 -0.9671
vn -0.3815 -0.0920 -0.9198
vn -0.2448 -0.1013 -0.9643
vn -0.1231 -0.0696 -0.9900
vn -0.2760 -0.1068 -0.9552
vn -0.1306 -0.1113 -0.9852
vn 0.0131 -0.0880 -0.9960
vn -0.2050 0.0408 -0.9779
vn 0.0185 0.0300 -0.9994
vn 0.1467 0.0233 -0.9889
vn -0.0125 0.0504 -0.9987
vn 0.1025 0.0166 -0.9946
vn 0.1384 -0.0434 -0.9894
vn 0.0157 -0.1365 -0.9905
vn 0.0709 -0.2036 -0.9765
vn 0.2987 -0.2742 -0.9141
vn 0.0044 -0.3872 -0.9220
vn 0.4880 -0.4433 -0.7519
vn 0.7168 -0.3255 -0.6167
vn 0.5850 -0.5576 -0.5890
vn 0.6985 -0.5009 -0.5110
vn 0.4801 -0.5203 -0.7063
vn 0.2930 -0.8136 -0.5022
vn -0.0708 -0.6016 -0.7956
vn 0.0712 -0.3573 -0.9313
vn 0.1305 -0.4335 -0.8917
vn 0.8516 -0.5234 -0.0280
vn 0.8646 -0.3797 -0.3291
vn 0.9080 -0.3845 -0.1662
vn 0.9180 -0.2680 -0.2924
vn 0.8916 -0.1644 -0.4219
vn 0.8688 -0.2762 -0.4109
vn 0.9016 -0.1164 -0.4166
vn 0.8980 -0.0279 -0.4391
vn 0.9116 -0.1215 -0.3926
vn 0.9380 -0.0239 -0.3457
vn 0.9415 0.0155 -0.3367
vn 0.9652 -0.0398 -0.2583
vn 0.9665 0.0220 -0.2559
vn 0.9650 0.0330 -0.2600
vn 0.9926 0.0321 -0.1174
vn 0.9921 0.0377 -0.1199
vn 0.9928 0.0184 -0.1185
vn 0.9993 0.0380 -0.0065
vn 0.9997 0.0246 -0.0057
vn 0.9941 0.0300 0.1045
vn 0.9931 0.0156 0.1162
vn 0.9856 0.1142 0.1246
vn 0.9790 0.0140 0.2033
vn 0.9740 0.1194 0.1926
vn 0.9550 0.0350 0.2945
vn 0.9523 0.1384 0.2719
vn 0.8457 0.4685 0.2556
vn 0.8956 0.1497 0.4190
vn 0.8134 0.4377 0.3831
vn 0.8747 0.2401 0.4210
vn 0.7514 0.4365 0.4949
vn 0.8192 0.2113 0.5331
vn 0.7845 -0.3455 0.5150
vn 0.7430 0.2253 0.6303
vn 0.7360 -0.2874 0.6129
vn 0.7644 -0.2679 0.5864
vn 0.6321 -0.2174 0.7438
vn 0.6449 -0.2117 0.7344
vn 0.6832 0.0103 0.7302
vn 0.5046 -0.1997 0.8399
vn 0.5214 0.0722 0.8503
vn 0.5317 0.0291 0.8464
vn 0.3669 0.0903 0.9259
vn 0.3468 0.0189 0.9377
vn 0.3336 -0.0205 0.9425
vn 0.1993 0.0025 0.9799
vn 0.2183 0.0403 0.9750
vn 0.1219 0.0016 0.9925
vn 0.0893 -0.0035 0.9960
vn -0.2276 -0.0130 0.9737
vn -0.8824 0.0238 0.4699
vn -0.8742 0.4772 0.0903
vn 0.1607 0.9598 -0.2300
vn -0.9935 0.0472 -0.1036
vn -0.8109 0.4846 -0.3279
vn 0.3240 0.8303 -0.4535
vn -0.7705 0.4688 -0.4320
vn 0.9638 0.2436 -0.1088
vn 0.9667 0.2539 -0.0324
vn 0.9987 -0.0490 0.0120
vn 0.9952 -0.0570 0.0791
vn 0.9641 -0.0429 0.2619
vn 0.8428 -0.5216 0.1328
vn 0.8185 -0.5224 0.2392
vn -0.3323 -0.9424 -0.0386
vn -0.2965 -0.9473 0.1217
vn -0.9158 -0.1793 -0.3595
vn -0.9790 -0.1816 -0.0929
vn -0.9826 0.0444 -0.1802
vn 0.2486 -0.1959 0.9486
vn 0.1398 -0.2039 0.9690
vn 0.2638 -0.2889 0.9203
vn 0.1444 -0.2869 0.9470
vn 0.2721 0.1949 0.9423
vn 0.1539 0.1657 0.9741
vn 0.0652 0.1055 0.9923
vn 0.1717 0.3491 0.9212
vn 0.0781 0.3272 0.9417
vn -0.0155 0.3106 0.9504
vn -0.0142 0.0315 0.9994
vn -0.1025 0.3004 0.9483
vn -0.0966 -0.0435 0.9944
vn -0.2145 0.3321 0.9185
vn -0.1944 -0.0679 0.9786
vn -0.3791 0.3942 0.8372
vn -0.3737 -0.0286 0.9271
vn -0.3141 -0.3390 0.8868
vn -0.3056 -0.1095 0.9458
vn -0.5288 0.0082 0.8487
vn -0.4811 -0.2660 0.8353
vn -0.4822 -0.0684 0.8734
vn -0.4754 0.0093 0.8797
vn -0.2970 0.0060 0.9549
vn -0.6141 -0.2188 0.7583
vn -0.6314 -0.0457 0.7741
vn -0.6354 -0.0001 0.7721
vn -0.6393 0.0018 0.7690
vn -0.4765 0.0107 0.8791
vn -0.7574 -0.0256 0.6525
vn -0.7478 0.0029 0.6640
vn -0.7372 0.0023 0.6757
vn -0.7319 0.0174 0.6812
vn -0.6335 0.0129 0.7737
vn -0.8395 0.0250 0.5428
vn -0.8276 0.0037 0.5613
vn -0.8157 0.0137 0.5783
vn -0.8225 0.0509 0.5665
vn -0.7369 0.0988 0.6688
vn -0.9103 -0.0021 0.4140
vn -0.9049 0.0077 0.4255
vn -0.9001 0.0079 0.4355
vn -0.8332 0.0033 0.5530
vn -0.9534 -0.0298 0.3002
vn -0.9849 -0.1255 0.1192
vn -0.9823 -0.1763 -0.0631
vn -0.9792 -0.1172 -0.1654
vn -0.9616 -0.0799 -0.2624
vn -0.8881 -0.0324 -0.4585
vn -0.9051 -0.0544 -0.4217
vn -0.8691 0.0527 -0.4918
vn -0.8479 -0.0196 -0.5299
vn -0.9517 -0.0644 -0.3002
vn -0.8133 -0.0820 -0.5761
vn -0.7185 -0.0331 -0.6948
vn -0.7759 -0.1289 -0.6175
vn -0.7010 -0.1195 -0.7031
vn -0.7310 -0.2477 -0.6359
vn -0.6863 -0.2690 -0.6757
vn -0.6246 -0.3387 -0.7037
vn -0.6913 -0.3153 -0.6501
vn -0.6341 -0.3477 -0.6906
vn -0.5062 -0.3448 -0.7905
vn -0.6599 0.0955 -0.7452
vn -0.5300 0.2296 -0.8163
vn -0.5710 0.4243 -0.7028
vn -0.4691 0.4827 -0.7395
vn -0.6031 0.2730 -0.7495
vn -0.5120 0.1919 -0.8373
vn -0.6522 0.0553 -0.7560
vn -0.5184 -0.0064 -0.8551
vn -0.4597 -0.0405 -0.8872
vn -0.5191 -0.0120 -0.8546
vn -0.5099 -0.0341 -0.8596
vn -0.4469 -0.0847 -0.8906
vn -0.5517 -0.0397 -0.8331
vn -0.4558 -0.0292 -0.8896
vn -0.3035 0.0305 -0.9523
vn -0.4309 -0.0313 -0.9019
vn -0.2891 -0.0538 -0.9558
vn -0.1812 -0.0176 -0.9833
vn -0.3276 -0.2727 -0.9046
vn 0.0274 -0.2506 -0.9677
vn 0.0518 -0.1142 -0.9921
vn 0.2764 -0.3359 -0.9005
vn 0.1085 -0.2950 -0.9493
vn -0.0202 -0.3632 -0.9315
vn 0.1282 -0.4929 -0.8606
vn -0.0418 -0.5444 -0.8378
vn 0.0426 -0.5461 -0.8367
vn -0.0480 -0.7361 -0.6751
vn 0.1050 -0.7167 -0.6895
vn 0.3854 -0.4432 -0.8093
vn 0.3939 -0.6167 -0.6816
vn 0.3462 -0.8061 -0.4799
vn -0.4089 -0.6585 -0.6318
vn -0.2820 -0.8522 -0.4407
vn -0.1747 -0.9465 -0.2712
vn 0.2341 -0.9152 -0.3279
vn -0.1500 -0.9477 -0.2819
vn 0.1248 -0.9363 -0.3283
vn 0.0179 -0.9898 -0.1412
vn -0.1545 -0.9031 -0.4007
vn 0.0116 -0.9047 -0.4258
vn -0.0022 -0.9626 -0.2710
vn -0.1148 -0.6815 -0.7227
vn -0.0896 -0.7555 -0.6489
vn -0.1109 -0.8045 -0.5835
vn -0.0234 -0.8029 -0.5956
vn -0.1376 -0.0870 -0.9867
vn -0.1424 -0.1328 -0.9809
vn -0.0601 -0.2018 -0.9776
vn -0.1154 0.2483 -0.9618
vn -0.0875 0.2554 -0.9629
vn -0.1077 -0.0795 -0.9910
vn -0.1081 -0.0209 -0.9939
vn -0.0054 0.0328 -0.9994
vn 0.2615 0.1040 -0.9596
vn -0.1050 -0.2657 -0.9583
vn 0.0202 -0.1796 -0.9835
vn 0.2747 -0.0479 -0.9603
vn 0.3883 -0.0243 -0.9212
vn 0.3943 0.1381 -0.9085
vn 0.0497 -0.1043 -0.9933
vn 0.2808 -0.0177 -0.9596
vn 0.3847 0.0329 -0.9225
vn 0.4056 0.0513 -0.9126
vn 0.4071 -0.0280 -0.9130
vn 0.2637 0.1211 -0.9570
vn 0.3606 0.1712 -0.9169
vn 0.3759 0.1634 -0.9122
vn 0.4703 0.0491 -0.8811
vn 0.4822 -0.0277 -0.8756
vn 0.5640 0.0462 -0.8245
vn 0.5737 -0.0406 -0.8180
vn 0.5814 0.0252 -0.8132
vn 0.4804 0.1055 -0.8707
vn 0.6423 0.0807 -0.7622
vn 0.6401 -0.0292 -0.7677
vn 0.6425 -0.0407 -0.7652
vn 0.6339 0.1738 -0.7537
vn 0.5635 0.2718 -0.7801
vn 0.6965 0.0004 -0.7176
vn 0.6982 -0.0764 -0.7118
vn 0.7091 0.0721 -0.7014
vn 0.6817 0.3005 -0.6671
vn 0.6179 0.2855 -0.7326
vn 0.7423 -0.1226 -0.6587
vn 0.7672 -0.0269 -0.6408
vn 0.7359 0.2989 -0.6076
vn 0.7609 -0.0738 -0.6447
vn 0.7048 -0.2096 -0.6778
vn 0.8050 -0.1308 -0.5787
vn 0.7727 0.3136 -0.5519
vn 0.8073 0.0628 -0.5868
vn 0.5581 -0.7498 -0.3554
vn 0.4803 -0.7837 -0.3940
vn 0.8329 0.2781 -0.4786
vn 0.8555 0.1818 -0.4848
vn 0.6337 -0.6996 -0.3302
vn 0.1984 -0.9766 -0.0834
vn 0.2838 -0.9572 -0.0574
vn 0.8782 0.2947 -0.3767
vn 0.7812 -0.5355 -0.3207
vn 0.2763 -0.9531 -0.1239
vn 0.0415 -0.9988 -0.0264
vn 0.8935 -0.3549 -0.2751
vn 0.3791 -0.9176 -0.1197
vn 0.0541 -0.9980 -0.0330
vn 0.0672 -0.9934 -0.0934
vn 0.0223 -0.9996 -0.0178
vn 0.4973 -0.8618 -0.1002
vn 0.1134 -0.9911 -0.0699
vn 0.2323 -0.9555 -0.1818
vn 0.1805 -0.9833 -0.0254
vn 0.3548 -0.9305 0.0914
vn 0.1431 -0.9883 0.0530
vn 0.1342 -0.9801 0.1465
vn 0.1135 -0.9929 0.0360
vn 0.0495 -0.9983 0.0305
vn 0.2084 -0.9779 0.0194
vn 0.6690 -0.7409 0.0594
vn 0.7648 -0.6300 0.1353
vn 0.8083 -0.5558 0.1942
vn 0.3123 -0.9486 0.0513
vn 0.8098 -0.5235 0.2650
vn 0.3383 -0.9342 0.1131
vn 0.7731 -0.5368 0.3380
vn 0.3454 -0.9296 0.1289
vn 0.7337 -0.5764 0.3598
vn 0.4028 -0.9127 0.0685
vn 0.7333 -0.5634 0.3805
vn 0.8664 0.0399 0.4977
vn 0.8178 -0.1368 0.5590
vn 0.7668 -0.2552 0.5889
vn 0.6755 -0.5672 0.4712
vn 0.8047 0.1552 0.5731
vn 0.7694 0.0838 0.6332
vn 0.8198 0.0064 0.5726
vn 0.7780 0.0466 0.6265
vn 0.7342 0.0202 0.6786
vn 0.7694 -0.1238 0.6267
vn 0.7166 -0.1266 0.6859
vn 0.6699 -0.1097 0.7343
vn 0.6912 -0.0138 0.7225
vn 0.6309 -0.0859 0.7711
vn 0.6412 -0.0294 0.7668
vn 0.6592 0.1192 0.7425
vn 0.5710 -0.0575 0.8190
vn 0.5732 0.1038 0.8128
vn 0.5890 0.0311 0.8075
vn 0.4449 -0.6464 0.6199
vn 0.4867 0.0427 0.8725
vn 0.4830 0.1462 0.8633
vn 0.4645 -0.2957 0.8347
vn 0.2238 -0.8903 0.3965
vn 0.1358 -0.9557 0.2611
vn 0.3602 0.1242 0.9246
vn 0.3550 -0.0141 0.9348
vn 0.2798 -0.5480 0.7883
vn 0.2436 0.1092 0.9637
vn 0.2440 -0.2551 0.9356
vn 0.1824 0.1405 0.9731
vn 0.1766 -0.2400 0.9546
vn 0.0041 -0.7675 0.6411
vn 0.0916 -0.4053 0.9096
vn 0.0128 -0.9433 0.3317
vn -0.0302 -0.9979 0.0579
vn 0.0110 -0.9833 0.1816
vn 0.0057 -0.9988 0.0483
vn 0.0077 -0.9587 0.2842
vn 0.0130 -0.6895 0.7242
vn -0.0038 -0.9990 0.0448
vn -0.0367 -0.9540 0.2975
vn -0.0888 -0.6694 0.7376
vn -0.1088 -0.3790 0.9190
vn 0.0086 -0.3814 0.9244
vn -0.0653 -0.9528 0.2965
vn -0.1661 -0.6430 0.7476
vn -0.2013 -0.3497 0.9150
vn -0.2133 -0.1948 0.9574
vn -0.1203 -0.1894 0.9745
vn 0.1270 -0.2623 0.9566
vn 0.0025 -0.2281 0.9736
vn -0.2322 -0.0497 0.9714
vn -0.1064 -0.4014 0.9097
vn -0.4251 -0.2854 0.8589
vn -0.5314 -0.1225 0.8382
vn -0.2535 -0.1082 0.9613
vn -0.7442 -0.3365 0.5770
vn -0.7472 -0.1776 0.6405
vn -0.6818 -0.0124 0.7314
vn -0.6480 0.0211 0.7614
vn -0.5273 -0.0158 0.8496
vn -0.6910 -0.1181 0.7132
vn -0.6857 0.0289 0.7273
vn -0.7209 0.0049 0.6931
vn -0.7456 -0.0030 0.6664
vn -0.6329 -0.0172 0.7741
vn -0.8621 -0.0012 0.5067
vn -0.8566 0.0202 0.5156
vn -0.7464 0.0016 0.6655
vn -0.9211 0.0006 0.3893
vn -0.9179 0.0453 0.3942
vn -0.9120 0.0501 0.4071
vn -0.8475 0.0290 0.5300
vn -0.9472 -0.0042 0.3206
vn -0.9556 0.0444 0.2912
vn -0.9617 0.0675 0.2656
vn -0.9625 0.0947 0.2542
vn -0.9090 0.1128 0.4012
vn -0.9863 0.0231 0.1634
vn -0.9885 0.0683 0.1353
vn -0.9887 0.0903 0.1198
vn -0.9982 0.0575 0.0183
vn -0.9963 0.0857 0.0074
vn -0.9960 0.0318 -0.0838
vn -0.9923 0.0704 -0.1019
vn -0.9251 0.3715 -0.0780
vn -0.8015 0.5960 -0.0492
vn -0.9845 0.0245 -0.1737
vn -0.9325 0.3039 -0.1952
vn -0.7651 0.6211 -0.1698
vn -0.9631 0.1985 -0.1816
vn -0.9915 0.0825 -0.1003
vn -0.9523 0.2545 -0.1684
vn -0.7806 0.6115 -0.1294
vn -0.9279 0.3406 -0.1515
vn -0.7972 0.5719 -0.1934
vn -0.8828 0.4163 -0.2177
vn -0.9524 -0.2282 -0.2019
vn -0.8590 -0.1156 -0.4987
vn -0.8225 -0.4086 -0.3957
vn -0.8543 -0.5029 -0.1314
vn -0.8088 0.3721 -0.4554
vn -0.7531 0.2725 -0.5988
vn -0.7483 -0.0986 -0.6560
vn -0.7639 0.5150 -0.3890
vn -0.7130 0.4606 -0.5286
vn -0.6424 0.3873 -0.6613
vn -0.6655 0.3111 -0.6785
vn -0.8401 0.3293 -0.4310
vn -0.7615 0.3222 -0.5624
vn -0.7111 0.2050 -0.6726
vn -0.7831 0.0380 -0.6207
vn -0.7548 0.0102 -0.6559
vn -0.6753 -0.0273 -0.7370
vn -0.7435 -0.1681 -0.6472
vn -0.6547 -0.0891 -0.7506
vn -0.5096 0.0008 -0.8604
vn -0.6450 -0.0699 -0.7610
vn -0.5294 -0.0094 -0.8483
vn -0.5571 -0.0951 -0.8249
vn -0.7577 -0.1714 -0.6297
vn -0.7954 0.1246 -0.5931
vn -0.7686 -0.1204 -0.6283
vn -0.7825 0.1283 -0.6093
vn -0.7780 0.0783 -0.6233
vn -0.7697 0.1171 -0.6276
vn -0.7757 -0.1679 -0.6084
vn -0.6661 -0.0757 -0.7420
vn -0.7598 -0.0375 -0.6490
vn -0.4421 -0.2218 -0.8691
vn -0.7507 -0.2243 -0.6214
vn -0.9389 -0.2051 -0.2765
vn -0.9115 -0.0921 -0.4009
vn -0.9082 -0.4091 -0.0879
vn -0.9150 -0.3678 -0.1656
vn 0.0512 -0.6567 -0.7524
vn -0.1234 -0.4861 -0.8651
vn -0.1334 -0.5071 -0.8515
vn -0.1035 -0.7570 -0.6451
vn -0.3379 -0.8294 -0.4448
vn -0.4788 -0.5569 -0.6787
vn 0.1765 -0.8097 -0.5597
vn 0.0121 -0.9583 -0.2857
vn -0.0977 -0.9905 -0.0965
vn -0.3850 -0.9225 -0.0293
vn -0.6906 -0.6955 -0.1982
vn 0.0045 -0.9919 -0.1267
vn -0.0359 -0.9991 -0.0233
vn -0.2595 -0.9637 -0.0622
vn -0.0798 -0.9902 -0.1150
vn -0.1760 -0.9628 -0.2050
vn -0.2764 -0.8275 -0.4887
vn -0.2438 -0.7717 -0.5874
vn -0.2151 -0.6858 -0.6953
vn -0.3651 -0.0530 -0.9295
vn -0.2893 -0.0052 -0.9572
vn -0.1810 -0.0019 -0.9835
vn -0.2976 0.2380 -0.9246
vn -0.1945 0.1933 -0.9617
vn -0.1346 0.1810 -0.9742
vn -0.2334 -0.1502 -0.9607
vn -0.1510 -0.1502 -0.9771
vn -0.2461 -0.1988 -0.9486
vn -0.1486 -0.2145 -0.9653
vn -0.1073 -0.2482 -0.9628
vn -0.1336 -0.0816 -0.9877
vn -0.1073 -0.0968 -0.9895
vn -0.0959 -0.1393 -0.9856
vn -0.0845 0.0369 -0.9957
vn -0.0663 0.0552 -0.9963
vn 0.0732 0.0765 -0.9944
vn 0.0044 0.2390 -0.9710
vn 0.0833 0.3433 -0.9355
vn -0.0312 0.1170 -0.9926
vn 0.0170 0.1338 -0.9909
vn 0.0262 0.1043 -0.9942
vn -0.1228 0.0915 -0.9882
vn 0.0041 0.0860 -0.9963
vn -0.1240 0.0897 -0.9882
vn -0.0152 0.0757 -0.9970
vn 0.1478 0.0642 -0.9869
vn 0.7393 0.0742 -0.6693
vn -0.0372 0.2072 -0.9776
vn -0.1393 0.2627 -0.9548
vn -0.0973 0.8407 -0.5327
vn -0.0211 0.8177 -0.5752
vn -0.0091 0.9943 0.1067
vn 0.0275 0.8679 0.4959
vn 0.0520 0.4354 0.8988
vn -0.3018 0.0722 0.9506
vn 0.0632 0.0664 0.9958
vn 0.4713 0.0540 0.8803
vn 0.8487 0.0577 0.5258
vn 0.0843 -0.0697 0.9940
vn 0.4915 -0.0347 0.8702
vn 0.8695 0.0300 0.4930
vn 0.9954 0.0543 0.0786
vn -0.2955 -0.0104 0.9553
vn -0.7089 0.0363 0.7043
vn -0.7310 0.0563 0.6801
vn -0.9604 -0.0087 0.2785
vn -0.9615 0.0628 0.2675
vn -0.9328 0.2922 0.2111
vn -0.9319 0.0842 -0.3528
vn -0.4577 0.8833 0.1011
vn 0.1203 0.9901 -0.0727
vn 0.7425 0.5992 -0.2993
vn 0.9246 0.0046 -0.3809
vn 0.9536 -0.0055 0.3009
vn 0.9073 -0.0342 -0.4190
vn 0.9412 0.0058 0.3378
vn 0.6760 0.0335 0.7361
vn 0.5254 0.0040 0.8508
vn 0.5605 0.1028 0.8218
vn 0.0663 0.0895 0.9938
vn -0.0467 -0.0190 0.9987
vn -0.6041 -0.0244 0.7965
vn -0.9861 -0.0533 0.1574
vn -0.7789 -0.0445 -0.6256
vn -0.5685 -0.0426 -0.8216
vn -0.5681 -0.0381 -0.8221
vn -0.5760 0.0284 -0.8169
vn -0.4211 -0.0378 -0.9062
vn -0.4309 0.6773 -0.5963
vn -0.0001 -0.0103 -0.9999
vn 0.5337 -0.0106 -0.8456
vn -0.5722 -0.0032 -0.8201
vn -0.5755 0.0064 -0.8178
vn -0.5027 -0.0713 -0.8615
vn -0.5677 -0.0488 -0.8218
vn -0.6194 -0.0153 -0.7849
vn -0.5494 -0.1436 -0.8231
vn -0.6071 -0.1241 -0.7849
vn -0.6752 -0.1241 -0.7272
vn -0.6889 0.0159 -0.7246
vn -0.7411 -0.1231 -0.6600
vn -0.7548 0.0190 -0.6557
vn -0.7733 -0.1054 -0.6252
vn -0.7832 0.0140 -0.6216
vn -0.8001 -0.0913 -0.5929
vn -0.8082 0.0165 -0.5887
vn -0.8525 -0.0910 -0.5148
vn -0.8552 0.0237 -0.5177
vn -0.8585 0.0564 -0.5096
vn -0.8883 0.0044 -0.4593
vn -0.8685 0.0264 -0.4950
vn -0.8739 -0.0065 -0.4861
vn -0.8673 -0.0384 -0.4964
vn -0.8682 -0.0015 -0.4962
vn -0.2551 -0.0311 -0.9664
vn 0.6250 -0.0314 -0.7800
vn 0.8306 0.0240 -0.5564
vn 0.9757 0.0617 -0.2104
vn 0.9639 0.0868 -0.2518
vn 0.9862 0.0530 0.1572
vn 0.9836 0.0745 0.1641
vn 0.9140 0.0685 0.4000
vn 0.9180 0.1210 0.3776
vn 0.7398 0.0494 0.6710
vn 0.7021 0.6589 0.2698
vn 0.1409 0.9889 0.0461
vn -0.0424 0.9989 -0.0212
vn -0.6034 0.7136 -0.3560
vn -0.8575 0.0467 -0.5124
vn -0.9558 -0.0748 -0.2845
vn -0.8229 -0.0617 0.5648
vn -0.3386 0.1798 0.9236
vn -0.3203 -0.0249 0.9470
vn -0.2598 0.2022 0.9442
vn -0.2570 -0.0222 0.9661
vn 0.0380 0.2370 0.9708
vn 0.1574 0.0044 0.9875
vn -0.1788 0.8416 0.5097
vn -0.0467 0.8688 0.4929
vn -0.0513 0.9987 0.0076
vn -0.0254 0.9995 0.0177
vn 0.0285 0.9624 -0.2700
vn -0.1319 0.9912 -0.0107
vn -0.1027 0.9608 -0.2577
vn 0.0703 0.4922 -0.8676
vn 0.2466 0.4891 -0.8367
vn 0.1902 -0.0227 -0.9815
vn 0.4401 0.0172 -0.8978
vn 0.9167 -0.0096 -0.3995
vn 0.6028 0.0186 -0.7977
vn 0.9778 0.0108 -0.2093
vn 0.9986 0.0032 0.0522
vn 0.9993 -0.0245 0.0280
vn 0.9977 -0.0062 0.0679
vn 0.9968 -0.0268 0.0753
vn 0.7499 0.0788 0.6569
vn 0.7296 0.0240 0.6835
vn 0.7415 0.0665 0.6676
vn 0.1487 0.0737 0.9861
vn 0.1387 0.1140 0.9838
vn 0.0517 0.0981 0.9938
vn 0.0609 0.0642 0.9961
vn -0.5334 0.0594 0.8438
vn 0.1566 0.1449 0.9770
vn -0.9949 0.0148 0.1001
vn -0.9857 0.0040 -0.1682
vn -0.9801 0.1339 -0.1467
vn -0.9859 0.1227 -0.1135
vn -0.9925 0.0151 -0.1209
vn -0.8234 0.5602 -0.0909
vn -0.8255 0.5611 -0.0609
vn -0.3283 0.9442 -0.0244
vn -0.3199 0.9474 0.0078
vn 0.0293 0.9995 0.0082
vn 0.6989 0.7148 0.0231
vn 0.9961 0.0736 0.0487
vn -0.9932 0.0243 -0.1136
vn -0.9928 0.0190 -0.1186
vn -0.9906 0.0775 -0.1130
vn -0.9913 0.0891 -0.0973
vn -0.9961 0.0264 -0.0847
vn -0.9964 0.0169 -0.0836
vn -0.9999 0.0119 -0.0078
vn -0.9949 -0.0676 -0.0745
vn -0.9975 -0.0709 0.0070
vn -0.9864 -0.0753 0.1462
vn -0.9910 0.0144 0.1331
vn -0.9628 -0.0622 0.2630
vn -0.9643 0.0040 0.2646
vn -0.9495 -0.0291 0.3123
vn -0.9440 0.0104 0.3298
vn -0.9216 -0.0094 0.3880
vn -0.9168 0.0452 0.3967
vn -0.8742 -0.0177 0.4852
vn -0.8784 0.0583 0.4743
vn -0.8471 -0.0312 0.5305
vn -0.8564 0.0406 0.5147
vn -0.8638 0.0619 0.5000
vn -0.8329 0.0167 0.5531
vn -0.8390 0.0573 0.5412
vn -0.8391 0.0499 0.5417
vn -0.8656 0.0384 0.4993
vn -0.8391 0.0204 0.5436
vn -0.8620 0.0097 0.5068
vn -0.8405 0.0031 0.5419
vn -0.8576 -0.0002 0.5144
vn -0.8942 -0.0123 0.4475
vn -0.9973 -0.0072 -0.0736
vn -0.8538 0.0050 0.5206
vn -0.8913 0.0012 0.4534
vn -0.9950 0.0170 -0.0982
vn -0.5777 0.0228 -0.8160
vn -0.5997 0.0021 -0.8003
vn -0.1813 -0.0039 -0.9834
vn -0.1862 0.0336 -0.9819
vn -0.1740 0.0189 -0.9846
vn 0.4822 0.0477 -0.8748
vn 0.4841 -0.0095 -0.8749
vn 0.8928 0.0081 -0.4503
vn 0.8908 -0.0159 -0.4541
vn 0.4839 0.0016 -0.8751
vn 0.8972 0.0949 -0.4313
vn 0.7417 0.5788 -0.3390
vn 0.9608 0.0424 -0.2740
vn 0.9651 0.0893 0.2463
vn 0.9132 0.0762 0.4002
vn 0.9767 0.0328 -0.2120
vn 0.3803 0.1265 0.9162
vn 0.2033 0.0438 0.9781
vn -0.6307 0.0193 0.7758
vn -0.6739 -0.0153 0.7386
vn -0.5427 0.0887 0.8352
vn -0.8366 0.0600 0.5445
vn -0.8400 0.0097 0.5425
vn -0.8476 0.0754 0.5253
vn -0.7019 0.5507 0.4518
vn -0.2160 0.9625 0.1642
vn 0.2176 0.9728 -0.0788
vn -0.6886 0.0474 0.7236
vn -0.7121 0.1428 0.6874
vn -0.7544 0.1027 0.6483
vn -0.6559 0.2128 0.7242
vn -0.7672 0.0112 0.6414
vn -0.6972 0.0334 0.7161
vn -0.6492 0.0620 0.7581
vn -0.6146 0.3058 0.7272
vn -0.7109 -0.0299 0.7026
vn -0.6557 0.0066 0.7549
vn -0.6001 0.0313 0.7993
vn -0.6626 -0.0319 0.7483
vn -0.5980 -0.0162 0.8013
vn -0.5316 -0.0204 0.8468
vn -0.5377 0.0384 0.8423
vn -0.4440 -0.0326 0.8954
vn -0.4532 0.0182 0.8912
vn -0.3481 -0.0466 0.9363
vn -0.3564 -0.0136 0.9342
vn -0.3635 0.0853 0.9277
vn -0.2345 -0.0210 0.9719
vn -0.2336 0.0701 0.9698
vn -0.2592 0.1431 0.9552
vn -0.3626 0.1730 0.9158
vn -0.2988 0.1057 0.9484
vn -0.3715 0.1315 0.9191
vn -0.3126 0.0332 0.9493
vn -0.3865 0.0371 0.9215
vn -0.4209 0.0415 0.9061
vn -0.3977 0.0005 0.9175
vn -0.4171 0.0141 0.9088
vn -0.5865 -0.0111 0.8099
vn -0.6567 0.0467 0.7527
vn -0.9690 -0.0836 0.2323
vn -0.9903 0.0483 0.1305
vn -0.8970 -0.1056 -0.4292
vn -0.8881 -0.0048 -0.4596
vn -0.7937 0.4022 -0.4563
vn -0.3467 0.9242 -0.1604
vn -0.5613 -0.0468 -0.8263
vn -0.5557 -0.1155 -0.8233
vn 0.0894 -0.0931 -0.9916
vn 0.0788 -0.0622 -0.9949
vn 0.3881 -0.0495 -0.9203
vn 0.3691 -0.0419 -0.9284
vn 0.3365 -0.0329 -0.9411
vn 0.3352 -0.0362 -0.9415
vn 0.3593 -0.0311 -0.9327
vn 0.5593 -0.0387 -0.8281
vn 0.6988 -0.0062 -0.7153
vn 0.9871 0.0103 -0.1597
vn 0.9942 0.1072 0.0061
vn 0.7921 0.6076 -0.0581
vn 0.8529 0.1448 0.5015
vn 0.8680 0.0385 0.4951
vn 0.5979 0.0252 0.8012
vn 0.5585 0.1315 0.8190
vn 0.0812 0.0122 0.9966
vn 0.0384 0.0690 0.9969
vn -0.2948 -0.0001 0.9556
vn 0.1270 -0.0594 0.9901
vn -0.2803 -0.0301 0.9594
vn -0.4113 -0.0057 0.9115
vn -0.4006 0.3754 0.8358
vn -0.4086 0.4775 0.7778
vn -0.4308 0.0238 0.9021
vn -0.2037 0.9043 0.3753
vn -0.1876 0.9491 0.2528
vn -0.0310 0.9994 -0.0180
vn 0.1210 0.9260 -0.3577
vn 0.3251 0.4585 -0.8271
vn 0.3514 0.0099 -0.9362
vn 0.4043 -0.0226 -0.9143
vn 0.0587 -0.0586 -0.9966
vn -0.6128 -0.0726 -0.7869
vn 0.4742 -0.0337 -0.8798
vn 0.9646 -0.0222 -0.2629
vn 0.8875 -0.0240 0.4602
vn 0.6424 -0.0613 0.7639
vn -0.1360 0.0059 0.9907
vn -0.1504 -0.0348 0.9880
vn -0.1129 -0.0181 0.9934
vn -0.1115 0.0358 0.9931
vn -0.2407 -0.0535 0.9691
vn -0.2447 -0.0444 0.9686
vn -0.1596 -0.0448 0.9862
vn -0.3464 -0.0365 0.9374
vn -0.3168 0.3292 0.8895
vn -0.2301 0.2926 0.9281
vn -0.4434 -0.0400 0.8954
vn -0.4147 0.3369 0.8453
vn -0.4087 0.3776 0.8309
vn -0.3095 0.3438 0.8866
vn -0.5235 -0.0357 0.8513
vn -0.4901 0.3376 0.8036
vn -0.4766 0.3699 0.7975
vn -0.5752 0.2559 0.7769
vn -0.4565 -0.6438 0.6141
vn -0.4901 -0.3647 0.7917
vn -0.4004 -0.2781 0.8731
vn -0.5531 0.3588 0.7519
vn -0.6356 0.3389 0.6937
vn -0.6886 -0.0465 0.7236
vn -0.5887 0.0115 0.8083
vn -0.6607 0.0770 0.7467
vn -0.7242 0.1207 0.6789
vn -0.7017 0.3013 0.6456
vn -0.7213 -0.0578 0.6902
vn -0.7663 -0.0718 0.6385
vn -0.7647 0.1532 0.6260
vn -0.7660 -0.0543 0.6405
vn -0.8184 -0.0477 0.5726
vn -0.8092 -0.0709 0.5832
vn -0.8416 -0.0719 0.5353
vn -0.8286 0.2087 0.5195
vn -0.8013 0.1882 0.5678
vn -0.7627 0.4124 0.4982
vn -0.7499 0.3489 0.5621
vn -0.7306 0.3051 0.6108
vn -0.7197 -0.3455 0.6022
vn -0.6636 -0.3490 0.6617
vn -0.6916 -0.2875 0.6626
vn -0.3538 -0.8563 0.3763
vn -0.0633 -0.9948 0.0803
vn -0.1714 -0.9641 0.2026
vn -0.4129 -0.7935 0.4470
vn -0.5960 -0.5313 0.6021
vn -0.6483 -0.5649 0.5104
vn -0.6787 -0.3760 0.6309
vn -0.7936 -0.3169 0.5194
vn -0.8446 -0.2683 0.4634
vn -0.3188 -0.9373 0.1405
vn -0.7859 0.4332 0.4412
vn -0.8370 0.3898 0.3840
vn -0.8988 -0.2070 0.3863
vn -0.8541 0.1912 0.4836
vn -0.8960 0.1684 0.4108
vn -0.9392 0.1623 0.3024
vn -0.8927 0.3454 0.2894
vn -0.8682 -0.0738 0.4906
vn -0.9168 -0.0524 0.3960
vn -0.9531 -0.0382 0.3002
vn -0.9667 -0.0766 0.2440
vn -0.9677 0.1236 0.2195
vn -0.9844 0.0758 0.1588
vn -0.9568 0.2565 0.1369
vn -0.9312 0.3105 0.1910
vn -0.9817 -0.1094 0.1560
vn -0.9958 -0.0874 0.0279
vn -0.9948 0.0870 0.0521
vn -0.9890 0.1347 -0.0616
vn -0.9729 0.2277 -0.0406
vn -0.9754 0.2102 0.0659
vn -0.9958 -0.0604 -0.0689
vn -0.9911 -0.0837 -0.1035
vn -0.9824 0.1389 -0.1252
vn -0.9932 -0.0786 -0.0860
vn -0.9888 -0.1154 -0.0941
vn -0.9768 -0.1699 -0.1304
vn -0.9965 0.0250 -0.0799
vn -0.9815 -0.0060 -0.1915
vn -0.9677 -0.1513 -0.2018
vn -0.9312 -0.1464 -0.3338
vn -0.9225 -0.2251 -0.3136
vn -0.9481 -0.2395 -0.2092
vn -0.9409 -0.0356 -0.3368
vn -0.9091 -0.0290 -0.4155
vn -0.9072 -0.1183 -0.4038
vn -0.8911 -0.0980 -0.4431
vn -0.8818 -0.1679 -0.4408
vn -0.9055 -0.1759 -0.3862
vn -0.8920 0.0032 -0.4520
vn -0.9280 -0.0394 -0.3705
vn -0.9506 -0.0778 -0.3006
vn -0.8975 0.2976 -0.3256
vn -0.9241 0.2637 -0.2766
vn -0.9269 0.2957 -0.2312
vn -0.9726 -0.0306 -0.2305
vn -0.9296 0.3220 -0.1796
vn -0.9825 0.0703 -0.1723
vn -0.9494 0.2910 -0.1183
vn -0.9738 -0.1363 -0.1822
vn -0.9671 -0.2437 -0.0725
vn -0.9467 -0.3220 -0.0110
vn -0.4397 -0.8978 0.0243
vn -0.3927 -0.9197 0.0016
vn -0.4598 -0.8879 -0.0135
vn -0.9589 -0.2787 0.0524
vn -0.5524 -0.8325 0.0417
vn -0.9755 -0.1872 0.1155
vn -0.5638 -0.8111 0.1558
vn -0.9719 -0.1368 0.1915
vn -0.4670 -0.8706 0.1544
vn -0.9453 -0.1526 0.2884
vn -0.3665 -0.9165 0.1605
vn -0.0582 -0.9970 0.0504
vn -0.0615 -0.9975 0.0338
vn -0.1582 -0.9873 -0.0153
vn -0.0946 -0.9952 -0.0261
vn -0.1315 -0.9874 0.0876
vn -0.1543 -0.9770 -0.1472
vn -0.3887 -0.8410 -0.3764
vn -0.5195 -0.5603 -0.6451
vn -0.4765 -0.5716 -0.6679
vn -0.7550 -0.4777 -0.4491
vn -0.7016 -0.4253 0.5717
vn -0.7109 -0.3048 -0.6338
vn -0.9579 -0.1077 -0.2661
vn -0.9725 -0.2314 -0.0274
vn -0.9344 -0.3277 0.1395
vn -0.9915 -0.1113 0.0667
vn -0.9999 -0.0017 -0.0142
vn -1.0000 -0.0042 0.0050
vn -0.9290 -0.3623 0.0758
vn -0.9807 -0.1954 0.0069
vn -0.9950 -0.0544 -0.0836
vn -0.9922 0.0010 -0.1244
vn -0.9989 -0.0020 -0.0461
vn -0.9289 -0.1715 -0.3283
vn -0.9757 -0.0465 -0.2141
vn -0.9869 0.0090 -0.1608
vn -0.9860 -0.0161 -0.1659
vn -0.9926 -0.0078 -0.1208
vn -0.9503 0.0373 -0.3092
vn -0.9706 0.0273 -0.2390
vn -0.9638 -0.0536 -0.2611
vn -0.9470 -0.0885 -0.3089
vn -0.9824 -0.0524 -0.1793
vn -0.8801 0.0830 -0.4675
vn -0.8764 -0.0901 -0.4731
vn -0.8641 -0.1390 -0.4838
vn -0.7472 -0.1561 -0.6460
vn -0.8718 0.0142 -0.4897
vn -0.9502 -0.0049 -0.3116
vn -0.9232 0.2818 -0.2615
vn -0.9829 -0.0126 -0.1835
vn -0.9905 -0.0150 -0.1367
vn -0.9984 0.0002 -0.0567
vn -0.9993 0.0114 0.0356
vn -0.9990 -0.0028 0.0455
vn -0.9839 -0.0055 0.1784
vn -0.9877 -0.0642 0.1428
vn -0.9019 0.0773 -0.4250
vn -0.9022 -0.0618 -0.4269
vn -0.9624 -0.1204 -0.2434
vn -0.8393 -0.2561 -0.4795
vn -0.9731 -0.2246 -0.0512
vn -0.7738 -0.3097 -0.5525
vn -0.9420 -0.3355 -0.0011
vn -0.8225 -0.3635 -0.4375
vn -0.6601 -0.2679 0.7018
vn -0.8671 -0.3642 0.3399
vn -0.7273 -0.6124 0.3098
vn -0.2458 -0.9684 0.0414
vn -0.5419 -0.8376 -0.0697
vn -0.5850 -0.7824 -0.2137
vn -0.2237 -0.9611 -0.1619
vn -0.9612 -0.0669 -0.2677
vn -0.9569 -0.0131 -0.2901
vn -0.5832 -0.7846 -0.2104
vn -0.6441 -0.7459 -0.1698
vn -0.2415 -0.9690 0.0520
vn -0.1142 -0.9838 -0.1382
vn -0.9474 0.0400 -0.3177
vn -0.9025 0.0760 -0.4238
vn -0.6494 -0.7008 -0.2952
vn -0.8371 0.3637 -0.4087
vn -0.7813 0.3878 -0.4891
vn -0.8395 0.0987 -0.5343
vn -0.8466 -0.0067 -0.5321
vn -0.8095 -0.0262 -0.5865
vn -0.7543 0.3795 -0.5357
vn -0.8356 -0.1988 -0.5122
vn -0.7856 -0.2046 -0.5839
vn -0.7527 -0.2007 -0.6270
vn -0.7675 -0.0172 -0.6408
vn -0.7240 -0.0289 -0.6892
vn -0.6731 0.3705 -0.6401
vn -0.7150 0.3731 -0.5913
vn -0.7151 -0.2259 -0.6615
vn -0.6618 -0.2369 -0.7113
vn -0.6857 -0.0404 -0.7268
vn -0.6400 -0.0062 -0.7683
vn -0.6013 0.3658 -0.7103
vn -0.6392 0.3670 -0.6758
vn -0.6079 -0.2080 -0.7663
vn -0.5470 -0.1720 -0.8193
vn -0.5726 0.0508 -0.8182
vn -0.4913 0.0801 -0.8673
vn -0.4586 0.3565 -0.8140
vn -0.5422 0.3724 -0.7532
vn -0.4820 -0.1551 -0.8624
vn -0.4324 -0.1617 -0.8870
vn -0.4197 0.0292 -0.9072
vn -0.4842 -0.1697 -0.8583
vn -0.4371 -0.1819 -0.8808
vn -0.3595 -0.1651 -0.9184
vn -0.3548 -0.1826 -0.9169
vn -0.4473 -0.0863 -0.8902
vn -0.3597 -0.0749 -0.9300
vn -0.2148 -0.0345 -0.9761
vn -0.2336 -0.1180 -0.9651
vn -0.1103 0.0022 -0.9939
vn -0.3337 -0.0731 -0.9399
vn -0.3746 0.2950 -0.8790
vn -0.4837 -0.0800 -0.8716
vn -0.3370 -0.8323 -0.4400
vn -0.5947 -0.0744 -0.8005
vn -0.3689 -0.7532 -0.5446
vn -0.6412 -0.0127 -0.7673
vn -0.4754 -0.6512 -0.5915
vn -0.6724 0.0231 -0.7399
vn -0.5643 -0.6858 -0.4595
vn -0.7219 0.0232 -0.6916
vn -0.4987 -0.7615 -0.4140
vn -0.7593 0.0456 -0.6492
vn -0.5048 -0.7642 -0.4014
vn -0.8024 0.0928 -0.5896
vn -0.5736 -0.7074 -0.4130
vn -0.1139 -0.9844 -0.1339
vn -0.2007 -0.9492 -0.2425
vn -0.3230 -0.9392 -0.1168
vn -0.0822 -0.9708 -0.2254
vn -0.2231 -0.9748 0.0011
vn -0.1884 -0.9721 0.1397
vn -0.3038 -0.9515 0.0478
vn -0.0499 -0.9908 -0.1261
vn -0.1990 -0.9784 -0.0564
vn -0.4685 -0.8770 -0.1065
vn -0.2734 -0.8587 -0.4335
vn -0.0283 -0.9252 -0.3785
vn 0.1708 -0.8857 -0.4318
vn -0.0861 -0.9862 -0.1417
vn 0.0454 -0.8822 0.4686
vn -0.2565 -0.4571 0.8516
vn -0.0347 -0.9815 0.1882
vn -0.1935 -0.6230 0.7579
vn -0.2217 0.2622 0.9392
vn -0.1311 -0.7169 0.6848
vn -0.1657 0.1936 0.9670
vn -0.1595 0.2740 0.9484
vn -0.1005 0.2005 0.9745
vn -0.1023 0.2473 0.9635
vn -0.1081 -0.0529 0.9927
vn -0.0241 0.1710 0.9850
vn -0.0371 -0.0769 0.9964
vn -0.0543 -0.0318 0.9980
vn 0.0666 -0.0738 0.9950
vn 0.0639 -0.0485 0.9968
vn 0.0449 0.0056 0.9990
vn -0.0736 0.0306 0.9968
vn 0.1688 -0.0492 0.9844
vn 0.1763 0.0130 0.9842
vn 0.1934 0.0815 0.9777
vn 0.2610 0.0254 0.9650
vn 0.2073 0.0999 0.9732
vn 0.2076 0.0478 0.9770
vn 0.3565 0.0003 0.9343
vn 0.1987 0.0109 0.9800
vn 0.0497 -0.0154 0.9986
vn 0.1962 0.0140 0.9805
vn 0.0898 -0.0051 0.9960
vn -0.1689 -0.0962 0.9809
vn -0.3062 -0.0567 0.9503
vn 0.1105 0.0060 0.9939
vn -0.0473 -0.0579 0.9972
vn -0.6339 -0.0763 0.7696
vn 0.0367 0.0245 0.9990
vn -0.5426 -0.0101 0.8399
vn -0.9752 0.1675 0.1445
vn -0.4445 0.4501 0.7745
vn -0.8729 0.4589 0.1656
vn 0.0010 0.6032 0.7976
vn 0.1444 0.1445 0.9789
vn 0.0755 0.7754 0.6270
vn -0.0521 0.9982 0.0293
vn -0.1462 0.9840 0.1019
vn -0.3349 0.9270 0.1692
vn 0.1245 0.8188 0.5604
vn 0.0007 1.0000 0.0004
vn 0.0503 0.9558 -0.2895
vn -0.0572 0.5361 -0.8422
vn -0.1691 0.0093 -0.9856
vn -0.0136 -0.0271 -0.9995
vn -0.1880 -0.0475 -0.9810
vn -0.0091 -0.0474 -0.9988
vn -0.1848 -0.0513 -0.9814
vn 0.5152 0.0533 -0.8554
vn 0.5683 -0.0076 -0.8228
vn 0.8955 0.0706 -0.4395
vn 0.9148 0.0271 -0.4030
vn 0.7789 0.5057 -0.3710
vn 0.9933 0.0454 0.1058
vn 0.9921 0.0354 0.1200
vn 0.6637 0.0106 0.7479
vn 0.6870 0.0199 0.7264
vn 0.3297 0.0085 0.9440
vn 0.6645 0.0498 0.7456
vn 0.3129 0.0267 0.9494
vn 0.2004 0.0243 0.9794
vn 0.2045 0.2183 0.9542
vn 0.9896 0.1201 0.0786
vn 0.2595 -0.0467 0.9646
vn 0.3738 -0.0564 0.9258
vn 0.3757 -0.0025 0.9267
vn 0.4834 -0.0716 0.8724
vn 0.4809 -0.0411 0.8758
vn 0.4779 0.1187 0.8703
vn 0.5648 -0.0680 0.8224
vn 0.5652 0.0414 0.8239
vn 0.6232 0.0005 0.7820
vn 0.6075 0.2085 0.7664
vn 0.6570 -0.0355 0.7531
vn 0.6249 0.1617 0.7638
vn 0.5909 0.3857 0.7086
vn 0.5981 0.3372 0.7270
vn 0.6398 0.1663 0.7503
vn 0.6624 -0.0321 0.7485
vn 0.4734 -0.0834 0.8769
vn 0.6784 -0.0652 0.7318
vn 0.5050 -0.0678 0.8605
vn -0.0330 -0.0147 0.9993
vn -0.1170 -0.0600 0.9913
vn -0.8854 0.0680 0.4598
vn -0.9045 -0.0114 0.4262
vn -0.8861 0.0471 -0.4611
vn -0.8775 -0.0280 -0.4787
vn -0.6132 0.0220 -0.7896
vn -0.6188 -0.0218 -0.7852
vn -0.5312 0.0260 -0.8468
vn -0.5056 -0.0078 -0.8627
vn -0.4577 -0.0286 -0.8887
vn -0.0732 0.0720 -0.9947
vn 0.0149 0.1351 -0.9907
vn -0.5078 0.2936 -0.8099
vn -0.5680 0.2250 -0.7917
vn -0.3161 0.7957 -0.5166
vn -0.2452 0.8336 -0.4950
vn -0.8742 0.2064 -0.4394
vn -0.6498 0.6912 -0.3163
vn -0.8138 0.1947 0.5475
vn -0.6682 0.5654 0.4836
vn 0.0286 0.1034 0.9942
vn -0.0211 0.6220 0.7828
vn 0.5153 0.0673 0.8544
vn 0.3858 0.6800 0.6235
vn 0.6806 0.0250 0.7323
vn 0.5576 0.6260 0.5451
vn 0.1233 0.9924 -0.0046
vn 0.0455 0.9984 0.0324
vn -0.1167 0.9853 0.1248
vn -0.1210 0.8510 -0.5111
vn 0.6726 0.0770 0.7360
vn 0.6037 0.3719 0.7052
vn 0.7660 0.0218 0.6425
vn 0.7175 0.3428 0.6064
vn 0.8222 0.0201 0.5689
vn 0.8159 -0.0899 0.5712
vn 0.8694 -0.0409 0.4924
vn 0.8774 0.0632 0.4756
vn 0.7679 -0.0990 0.6329
vn 0.8106 -0.1189 0.5734
vn 0.7037 -0.0768 0.7063
vn 0.8625 -0.0883 0.4983
vn 0.8556 -0.1029 0.5073
vn 0.8989 -0.1675 0.4048
vn 0.9109 -0.0599 0.4084
vn 0.9230 0.0345 0.3831
vn 0.9545 -0.0081 0.2980
vn 0.9546 0.0682 0.2900
vn 0.9435 0.1589 0.2909
vn 0.9284 0.1285 0.3488
vn 0.9291 0.1969 0.3130
vn 0.9478 0.1471 0.2830
vn 0.9628 0.0645 0.2625
vn 0.8949 0.0062 -0.4462
vn 0.9673 0.0365 0.2510
vn 0.9232 -0.0177 0.3839
vn 0.9693 0.0296 0.2442
vn 0.9381 -0.0083 0.3463
vn 0.6413 -0.1006 0.7607
vn 0.6063 -0.0751 0.7917
vn -0.0669 -0.1125 0.9914
vn -0.0655 -0.0226 0.9976
vn -0.4052 -0.0582 0.9124
vn -0.3864 0.0411 0.9214
vn -0.2612 0.6447 0.7184
vn 0.0224 0.9921 0.1232
vn -0.5730 -0.0267 0.8191
vn -0.4163 -0.0436 0.9082
vn -0.5988 -0.0165 0.8007
vn -0.9697 -0.0110 0.2442
vn -0.9664 -0.0178 0.2565
vn -0.9512 -0.0219 -0.3079
vn -0.9496 -0.0286 -0.3121
vn -0.6008 0.0109 -0.7993
vn -0.6067 -0.0446 -0.7937
vn 0.0575 0.0408 -0.9975
vn 0.0619 -0.0193 -0.9979
vn 0.2397 0.0470 -0.9697
vn 0.2608 -0.0110 -0.9653
vn 0.3257 0.0136 -0.9454
vn 0.8641 0.0134 -0.5031
vn 0.8517 0.0642 -0.5201
vn 0.9692 0.0507 0.2408
vn -0.3348 0.5843 0.7393
vn -0.0605 0.9827 0.1751
vn 0.9758 0.0385 0.2155
vn 0.9653 0.1310 0.2258
vn 0.9916 0.0127 0.1284
vn 0.9917 -0.0234 0.1265
vn 0.9972 -0.0523 0.0541
vn 0.9984 0.0326 0.0461
vn 0.9791 0.0054 0.2033
vn 0.9690 -0.1408 0.2028
vn 0.9856 -0.1186 0.1203
vn 0.9350 -0.1791 0.3061
vn 0.9400 0.1128 0.3219
vn 0.9680 0.1168 0.2219
vn 0.9026 0.1454 0.4051
vn 0.8931 0.1938 0.4061
vn 0.9185 0.2385 0.3154
vn 0.8560 0.1690 0.4886
vn 0.9457 0.2268 0.2327
vn 0.9668 0.2068 0.1500
vn 0.9777 0.1658 0.1290
vn 0.9879 0.1496 0.0400
vn 0.9764 0.2126 0.0391
vn 0.9921 -0.1140 0.0533
vn 0.9676 0.2475 -0.0501
vn 0.9948 -0.0948 -0.0376
vn 0.9951 -0.0953 -0.0264
vn 0.9905 -0.0544 -0.1266
vn 0.9791 -0.1754 -0.1029
vn 0.9950 0.0261 -0.0966
vn 0.9986 0.0485 -0.0206
vn 0.9496 -0.2627 -0.1712
vn 0.9831 -0.0369 -0.1794
vn 0.9093 -0.3312 -0.2519
vn 0.9536 -0.1103 -0.2801
vn 0.9380 0.1587 -0.3083
vn 0.9051 -0.1633 -0.3925
vn 0.8991 0.1298 -0.4180
vn 0.8417 -0.1946 -0.5037
vn 0.8550 0.0889 -0.5110
vn 0.7814 -0.1793 -0.5978
vn 0.7939 0.0436 -0.6065
vn 0.8007 0.1623 -0.5767
vn 0.7442 0.0200 -0.6676
vn 0.8194 0.0889 -0.5662
vn 0.8217 0.0024 -0.5700
vn 0.8178 0.0337 -0.5745
vn 0.5252 0.7525 -0.3973
vn -0.0869 0.9959 0.0267
vn -0.1471 0.9873 0.0597
vn -0.6439 0.6812 0.3484
vn -0.8617 0.0875 0.4999
vn -0.9267 0.0695 0.3692
vn -0.8595 0.0569 0.5079
vn -0.9465 0.1416 -0.2901
vn -0.6403 0.1666 -0.7499
vn -0.3054 0.7738 -0.5550
vn 0.8401 -0.2536 -0.4795
vn 0.8713 -0.3370 -0.3568
vn 0.9082 0.1566 -0.3882
vn 0.9537 0.0842 -0.2886
vn 0.9014 0.3284 -0.2823
vn 0.9794 0.0062 -0.2018
vn 0.9297 0.3155 -0.1902
vn 0.9690 -0.1674 -0.1819
vn 0.9547 0.2725 -0.1194
vn 0.9919 -0.0459 -0.1181
vn 0.5811 -0.8107 -0.0718
vn 0.9974 0.0406 -0.0589
vn 0.6136 -0.7895 -0.0138
vn 0.3713 -0.0028 0.9285
vn 0.2572 -0.0209 0.9661
vn 0.2519 0.0877 0.9638
vn 0.1635 -0.0420 0.9856
vn 0.1649 0.0873 0.9824
vn 0.0707 0.1100 0.9914
vn 0.0917 0.1983 0.9759
vn -0.0060 0.2203 0.9754
vn 0.0122 -0.5585 0.8294
vn -0.0655 -0.6913 0.7196
vn -0.0037 -0.9945 0.1045
vn -0.0327 -0.9943 0.1012
vn -0.0122 -0.9989 0.0462
vn -0.8387 0.0168 -0.5443
vn -0.1815 -0.0001 -0.9834
vn 0.2154 0.0003 -0.9765
vn -0.2683 0.8288 0.4910
vn -0.9062 0.0291 -0.4218
vn -0.3971 0.0881 -0.9135
vn -0.4507 0.0956 -0.8876
vn -0.8131 -0.4477 -0.3720
vn -0.4265 -0.4746 -0.7699
vn -0.8274 -0.3162 -0.4641
vn -0.4242 -0.3390 -0.8397
vn -0.6771 -0.1887 -0.7113
vn -0.5001 -0.0511 -0.8644
vn -0.7236 -0.0559 -0.6879
vn -0.7034 -0.3015 -0.6437
vn -0.8916 -0.2991 -0.3400
vn -0.9457 -0.1054 -0.3076
vn -0.9850 -0.0611 -0.1616
vn -0.9428 -0.3038 -0.1374
vn -0.9873 -0.0558 -0.1489
vn -0.9788 -0.0204 -0.2037
vn -0.9994 -0.0192 -0.0286
vn -0.7097 -0.0014 0.7045
vn -0.8733 -0.0594 0.4835
vn -0.2064 -0.0041 0.9785
vn -0.2901 -0.0638 0.9549
vn 0.0619 -0.0016 0.9981
vn 0.1049 -0.0689 0.9921
vn 0.1691 -0.2475 0.9540
vn 0.8553 -0.0449 0.5162
vn 0.8018 -0.0011 0.5975
vn 0.9922 0.0078 -0.1243
vn 0.9852 0.0179 -0.1705
vn 0.9907 0.0206 0.1342
vn 0.9977 0.0280 0.0615
vn 0.9056 0.0176 0.4238
vn 0.8058 0.0237 0.5917
vn 0.6311 -0.0410 0.7747
vn 0.7971 -0.0184 0.6036
vn 0.6194 0.0165 0.7849
vn 0.7925 0.0143 0.6097
vn 0.9142 0.0090 0.4052
vn 0.9732 0.0019 0.2298
vn 0.8013 0.0132 0.5982
vn 0.9135 0.0096 0.4066
vn 0.9744 0.0093 0.2247
vn 0.9996 -0.0121 0.0239
vn 0.9993 -0.0077 0.0371
vn 0.9155 -0.0217 0.4017
vn 0.9762 -0.0144 0.2162
vn 0.9999 -0.0068 0.0131
vn 0.9756 -0.0410 0.2156
vn 0.9994 -0.0251 0.0247
vn 0.9871 -0.0214 -0.1587
vn 0.9847 0.0028 -0.1740
vn 0.9795 -0.0147 -0.2011
vn 0.9783 -0.0204 -0.2061
vn 0.9251 0.0262 -0.3789
vn 0.9136 0.0139 -0.4063
vn 0.9106 -0.0458 -0.4108
vn 0.9208 0.0086 -0.3900
vn 0.7984 0.0263 -0.6015
vn 0.7835 -0.0543 -0.6191
vn 0.7794 0.0039 -0.6265
vn 0.7824 -0.0396 -0.6215
vn 0.9325 -0.0402 -0.3589
vn 0.5755 -0.0368 -0.8170
vn 0.5795 -0.0010 -0.8150
vn 0.5930 -0.0483 -0.8038
vn 0.6022 -0.0676 -0.7955
vn 0.7845 -0.0656 -0.6166
vn 0.3863 -0.0535 -0.9208
vn 0.3941 -0.0499 -0.9177
vn 0.4015 -0.0170 -0.9157
vn 0.6179 -0.0089 -0.7862
vn 0.6267 -0.0047 -0.7792
vn 0.7914 -0.0173 -0.6111
vn 0.7941 -0.0034 -0.6078
vn 0.4104 -0.0013 -0.9119
vn 0.4324 -0.0037 -0.9017
vn 0.6371 0.0052 -0.7707
vn 0.1652 -0.1308 -0.9775
vn 0.6502 0.0111 -0.7597
vn 0.7916 0.0085 -0.6110
vn 0.4524 0.0106 -0.8918
vn 0.4579 0.0162 -0.8889
vn 0.2429 0.0111 -0.9700
vn 0.2525 0.0161 -0.9675
vn 0.2498 0.0197 -0.9681
vn 0.0379 0.0036 -0.9993
vn 0.0630 0.0002 -0.9980
vn 0.0814 0.0243 -0.9964
vn 0.0722 -0.0136 -0.9973
vn -0.1275 -0.0180 -0.9917
vn -0.1150 0.0109 -0.9933
vn -0.0854 -0.0054 -0.9963
vn -0.0896 -0.1614 -0.9828
vn -0.3286 -0.0307 -0.9440
vn -0.2617 -0.0410 -0.9643
vn -0.2291 -0.1091 -0.9673
vn -0.2842 -0.1113 -0.9523
vn -0.4950 -0.0693 -0.8662
vn -0.4645 -0.0732 -0.8826
vn -0.4334 -0.0508 -0.8998
vn -0.3950 -0.0340 -0.9181
vn -0.6901 -0.0542 -0.7217
vn -0.6743 -0.0234 -0.7381
vn -0.6515 -0.0134 -0.7585
vn -0.6457 -0.0026 -0.7636
vn -0.8354 -0.0513 -0.5473
vn -0.6937 -0.0529 -0.7184
vn -0.8313 -0.0183 -0.5556
vn -0.6863 -0.0343 -0.7266
vn -0.8295 -0.0144 -0.5583
vn -0.6941 -0.0189 -0.7197
vn -0.8374 -0.0274 -0.5458
vn -0.7190 -0.0059 -0.6950
vn -0.8459 -0.0342 -0.5322
vn -0.7288 -0.0203 -0.6844
vn -0.8562 -0.0259 -0.5160
vn -0.7254 -0.0156 -0.6881
vn -0.5444 -0.0208 -0.8386
vn -0.5335 -0.0161 -0.8456
vn -0.5315 -0.0242 -0.8467
vn -0.5366 -0.0453 -0.8426
vn -0.3101 -0.0413 -0.9498
vn -0.5410 -0.0291 -0.8405
vn -0.3425 -0.0103 -0.9394
vn -0.5593 -0.0188 -0.8287
vn -0.3652 -0.0070 -0.9309
vn -0.5832 -0.0003 -0.8123
vn -0.3812 -0.0202 -0.9243
vn -0.1298 -0.0259 -0.9912
vn -0.1346 -0.0321 -0.9904
vn -0.1438 -0.0287 -0.9892
vn 0.1145 -0.0454 -0.9924
vn 0.1151 -0.0505 -0.9921
vn 0.1148 -0.0916 -0.9892
vn 0.3740 -0.0724 -0.9246
vn 0.3791 -0.1047 -0.9194
vn 0.3270 -0.4921 -0.8068
vn 0.6219 -0.1140 -0.7747
vn 0.5156 -0.5663 -0.6430
vn 0.1632 -0.9647 -0.2065
vn 0.6543 -0.6072 -0.4507
vn 0.1684 -0.9789 -0.1157
vn 0.0191 -0.9997 -0.0123
vn 0.1607 -0.9854 -0.0558
vn 0.7173 -0.6517 -0.2467
vn 0.9314 -0.1230 -0.3426
vn 0.8097 -0.1121 -0.5761
vn 0.8051 -0.0804 -0.5877
vn 0.9319 -0.0662 -0.3566
vn 0.6188 -0.0799 -0.7815
vn 0.6107 -0.0650 -0.7892
vn 0.7981 -0.0753 -0.5978
vn 0.3700 -0.0496 -0.9277
vn 0.3759 0.0035 -0.9267
vn 0.6047 0.0132 -0.7964
vn 0.1299 -0.0215 -0.9913
vn 0.1395 0.0047 -0.9902
vn 0.3776 0.0150 -0.9259
vn -0.1164 -0.0049 -0.9932
vn 0.5972 0.0220 -0.8018
vn 0.8030 0.0234 -0.5956
vn 0.9297 -0.0533 -0.3644
vn 0.9877 -0.0496 -0.1480
vn 0.9965 -0.0685 0.0472
vn 0.9697 -0.1114 0.2173
vn 0.9194 -0.0332 0.3918
vn 0.9210 -0.1220 0.3699
vn 0.8382 -0.4437 0.3171
vn 0.8240 -0.0943 0.5587
vn 0.7375 -0.5034 0.4503
vn 0.3717 -0.9066 0.1998
vn 0.5116 -0.8392 0.1844
vn 0.0972 -0.9939 0.0530
vn 0.1462 -0.9880 0.0501
vn 0.0136 -0.9998 0.0109
vn 0.0152 -0.9999 0.0047
vn 0.0216 -0.9997 0.0070
vn 0.0008 -1.0000 0.0004
vn -0.0003 -1.0000 0.0016
vn -0.0020 -1.0000 0.0005
vn 0.0495 -0.9981 0.0359
vn 0.2536 -0.9376 0.2378
vn 0.5991 -0.4933 0.6307
vn 0.6607 -0.0385 0.7496
vn 0.8158 -0.0312 0.5775
vn 0.6443 -0.0241 0.7644
vn 0.8109 -0.0306 0.5844
vn 0.6310 -0.0273 0.7753
vn 0.6195 0.0220 0.7847
vn -0.3166 -0.0192 -0.9484
vn -0.3363 0.0228 -0.9415
vn -0.1268 0.0074 -0.9919
vn -0.5432 0.0248 -0.8392
vn -0.5305 -0.0082 -0.8476
vn -0.3528 -0.0117 -0.9356
vn -0.5178 -0.0569 -0.8536
vn 0.9287 -0.0596 -0.3660
vn 0.0715 0.2692 0.9604
vn 0.2064 0.8464 0.4910
vn -0.1607 0.2776 0.9472
vn -0.0026 0.8726 0.4885
vn -0.5198 0.2493 0.8171
vn -0.2082 0.8508 0.4824
vn 0.1214 0.9870 -0.1055
vn 0.1905 0.9807 -0.0431
vn 0.2463 0.9681 -0.0463
vn 0.3376 0.7253 -0.6000
vn 0.4389 0.6396 -0.6310
vn 0.1823 0.0226 -0.9830
vn 0.4600 0.0238 -0.8876
vn 0.0394 -0.0882 -0.9953
vn 0.3885 -0.1022 -0.9158
vn -0.1212 -0.4370 -0.8912
vn 0.2185 -0.4162 -0.8826
vn -0.1897 -0.8709 -0.4533
vn 0.0406 -0.8898 -0.4545
vn -0.7016 -0.4497 -0.5527
vn -0.6522 -0.7009 -0.2887
vn -0.6110 -0.0780 -0.7878
vn -0.3087 0.0370 -0.9504
vn 0.0277 0.5486 -0.8356
vn -0.9111 0.1768 0.3724
vn -0.8375 0.2227 0.4989
vn -0.8412 0.1396 0.5225
vn -0.7273 0.2814 0.6259
vn -0.7322 0.1701 0.6595
vn -0.7413 0.0165 0.6710
vn -0.6083 0.1991 0.7684
vn -0.6138 0.0185 0.7893
vn -0.6161 -0.0088 0.7876
vn -0.5278 0.0313 0.8488
vn -0.5250 -0.0081 0.8510
vn -0.5226 -0.0350 0.8519
vn -0.4302 0.0113 0.9027
vn -0.4013 -0.0172 0.9158
vn -0.3644 -0.0134 0.9311
vn -0.2706 0.0102 0.9626
vn -0.2629 0.0090 0.9648
vn -0.2507 -0.0137 0.9680
vn -0.1729 0.0097 0.9849
vn -0.1716 0.0144 0.9851
vn -0.1454 -0.0083 0.9893
vn -0.0135 0.0279 0.9995
vn -0.0073 0.0009 1.0000
vn -0.0037 -0.1817 0.9833
vn -0.1400 -0.0714 0.9876
vn -0.2590 -0.1926 0.9465
vn -0.3039 -0.3815 0.8730
vn -0.2430 -0.2860 0.9269
vn -0.1254 -0.2384 0.9630
vn 0.6746 -0.2230 0.7037
vn 0.7253 -0.2996 0.6199
vn 0.7986 -0.1218 0.5895
vn 0.8727 -0.2242 0.4337
vn 0.5003 -0.1718 0.8486
vn 0.4872 -0.3063 0.8178
vn 0.4051 -0.6804 0.6107
vn 0.2856 -0.3193 0.9036
vn 0.1932 -0.5798 0.7915
vn 0.0457 -0.8755 0.4810
vn 0.3507 -0.5904 0.7269
vn 0.2518 -0.7788 0.5745
vn 0.3005 -0.8844 0.3573
vn 0.0265 -0.9615 0.2734
vn 0.1755 -0.9399 0.2928
vn 0.4278 -0.8880 0.1686
vn 0.6883 -0.6809 0.2504
vn 0.6253 -0.7473 0.2247
vn 0.2976 -0.9530 0.0574
vn 0.7917 -0.5058 0.3427
vn 0.7911 -0.5242 0.3151
vn 0.8419 -0.4049 0.3569
vn 0.8452 -0.3523 0.4019
vn 0.4634 -0.4424 0.7678
vn 0.5970 -0.3185 0.7363
vn 0.8664 -0.2667 0.4222
vn 0.3811 -0.2140 0.8994
vn 0.5322 -0.0849 0.8424
vn 0.6968 -0.1743 0.6958
vn 0.5104 -0.0087 0.8599
vn 0.5300 0.0286 0.8475
vn 0.6393 -0.0146 0.7688
vn 0.6350 -0.0323 0.7718
vn 0.4874 0.0025 0.8732
vn 0.4393 0.0085 0.8983
vn 0.5482 0.0025 0.8363
vn 0.4996 -0.1668 0.8500
vn 0.3838 -0.0625 0.9213
vn 0.3365 0.0106 0.9416
vn 0.3267 -0.0059 0.9451
vn 0.4500 -0.0082 0.8930
vn 0.1748 -0.0434 0.9836
vn 0.2150 0.0140 0.9765
vn 0.2162 0.0066 0.9763
vn 0.2199 -0.0389 0.9748
vn 0.3167 -0.0241 0.9482
vn 0.0751 0.0208 0.9970
vn 0.0740 0.0339 0.9967
vn 0.0964 -0.0263 0.9950
vn 0.1024 0.0461 0.9937
vn 0.2079 0.0682 0.9758
vn -0.0628 0.0570 0.9964
vn -0.0406 0.0024 0.9992
vn -0.0178 0.0683 0.9975
vn -0.1433 0.0450 0.9887
vn -0.1169 0.1207 0.9858
vn -0.2932 0.0626 0.9540
vn -0.2709 0.1901 0.9436
vn -0.4444 0.0473 0.8946
vn -0.4268 0.2346 0.8734
vn -0.5195 0.2321 0.8223
vn -0.4976 0.4038 0.7677
vn -0.5943 0.3526 0.7228
vn -0.6352 -0.0019 0.7723
vn -0.7599 -0.0425 0.6487
vn -0.7415 -0.2049 0.6389
vn -0.8541 -0.0616 0.5164
vn -0.8371 -0.1771 0.5176
vn -0.8505 0.0086 0.5259
vn -0.9158 -0.1165 0.3844
vn -0.9201 0.0271 0.3908
vn -0.9193 0.0374 0.3917
vn -0.9580 0.0303 0.2852
vn -0.9588 -0.0512 0.2795
vn -0.9285 -0.0324 0.3700
vn -0.2851 0.0445 0.9575
vn -0.1577 0.0626 0.9855
vn -0.1644 0.0164 0.9863
vn -0.0568 0.0177 0.9982
vn -0.0318 0.0115 0.9994
vn 0.0784 0.0050 0.9969
vn 0.0070 -0.0285 0.9996
vn 0.0428 -0.1685 0.9848
vn 0.2647 0.3618 0.8939
vn 0.2970 0.1011 0.9495
vn 0.3877 0.3588 0.8491
vn 0.4188 0.1287 0.8989
vn 0.4400 0.0076 0.8980
vn 0.5412 0.1327 0.8304
vn 0.5426 0.0203 0.8397
vn 0.5482 -0.0023 0.8364
vn 0.6586 0.0164 0.7523
vn 0.6608 0.0129 0.7504
vn 0.6687 0.0074 0.7435
vn 0.7648 0.0283 0.6436
vn 0.7601 0.0065 0.6497
vn 0.7401 -0.0558 0.6702
vn 0.8216 0.0004 0.5701
vn 0.8271 -0.0372 0.5608
vn 0.8533 -0.1136 0.5089
vn 0.8933 -0.0096 0.4493
vn 0.8942 -0.0554 0.4442
vn 0.8770 -0.1983 0.4376
vn 0.8991 -0.0970 0.4268
vn 0.8173 -0.2273 0.5295
vn 0.6915 -0.4073 0.5966
vn 0.9568 -0.2828 0.0674
vn 0.9005 -0.4288 -0.0726
vn 0.9621 -0.1976 -0.1880
vn 0.9008 -0.3457 -0.2629
vn 0.9634 -0.2167 0.1578
vn 0.9936 -0.0771 0.0824
vn 0.9842 -0.1734 -0.0370
vn 0.9429 -0.3287 0.0542
vn 0.9957 -0.0884 -0.0287
vn 0.9966 -0.0081 0.0820
vn 0.9996 -0.0063 0.0277
vn 0.9742 -0.1486 0.1696
vn 0.9808 -0.0289 0.1930
vn 0.9780 0.0356 0.2053
vn 0.9939 0.0457 0.1005
vn 0.9388 -0.0164 0.3440
vn 0.9427 0.0200 0.3330
vn 0.9448 0.0295 0.3264
vn 0.9771 0.0217 0.2119
vn 0.8860 0.0065 0.4636
vn 0.8878 0.0455 0.4580
vn 0.8981 0.0525 0.4367
vn 0.8208 0.0442 0.5696
vn 0.8163 0.0501 0.5754
vn 0.8119 0.1662 0.5597
vn 0.7562 0.0299 0.6537
vn 0.7421 0.1721 0.6478
vn 0.6805 0.4516 0.5770
vn 0.6563 0.1453 0.7404
vn 0.6014 0.4240 0.6772
vn 0.6325 0.2487 0.7336
vn 0.5079 0.3750 0.7755
vn 0.5231 0.2328 0.8199
vn 0.5099 -0.2314 0.8285
vn 0.4043 0.2124 0.8896
vn 0.3949 -0.2776 0.8758
vn 0.3889 -0.1996 0.8994
vn 0.9991 0.0424 0.0029
vn 0.9946 -0.0329 -0.0987
vn 0.9378 -0.1828 -0.2951
vn 0.8455 -0.2975 -0.4434
vn 0.8740 -0.3530 -0.3339
vn 0.8000 -0.4386 -0.4094
vn 0.7987 -0.4273 -0.4237
vn 0.6496 -0.6940 -0.3105
vn 0.2646 -0.9547 -0.1362
vn 0.2649 -0.9412 -0.2095
vn -0.0233 -0.9583 -0.2848
vn 0.0853 -0.9757 -0.2017
vn 0.3442 -0.8718 -0.3486
vn 0.0166 -0.9993 -0.0337
vn 0.2022 -0.9587 -0.2002
vn 0.6140 -0.3973 -0.6821
vn 0.0847 -0.9894 -0.1182
vn 0.4705 -0.6212 -0.6267
vn 0.5788 0.1946 -0.7919
vn 0.3096 -0.7535 -0.5799
vn 0.4865 0.0592 -0.8717
vn 0.4543 0.3620 -0.8140
vn 0.3953 0.1418 -0.9075
vn 0.0989 -0.9855 -0.1376
vn 0.0564 -0.9693 -0.2395
vn 0.1621 -0.9853 -0.0536
vn 0.1127 -0.9777 -0.1773
vn -0.0420 -0.9793 -0.1978
vn 0.0009 -0.9751 -0.2217
vn 0.0049 -0.9999 -0.0120
vn -0.0231 -0.9993 -0.0279
vn 0.0562 -0.9792 -0.1949
vn -0.0942 -0.8406 -0.5334
vn -0.8082 -0.0082 0.5889
vn -0.7225 -0.0435 0.6900
vn -0.7327 0.0194 0.6803
vn -0.7161 0.0333 0.6972
vn -0.7098 0.0181 0.7041
vn -0.7851 0.0409 0.6180
vn -0.7888 0.0780 0.6096
vn -0.6868 0.0667 0.7238
vn -0.7934 0.0729 0.6043
vn -0.4811 0.0018 0.8766
vn -0.3250 0.0098 0.9457
vn -0.2984 0.0171 0.9543
vn -0.2094 0.0283 0.9774
vn -0.2026 0.0226 0.9790
vn -0.1926 0.0006 0.9813
vn -0.2209 0.0048 0.9753
vn -0.2507 0.0095 0.9680
vn -0.1173 0.0154 0.9930
vn -0.6181 0.0691 -0.7831
vn -0.7218 0.0634 -0.6891
vn -0.5381 0.0586 -0.8408
vn -0.6374 0.2145 -0.7401
vn -0.6713 0.1786 -0.7193
vn -0.5051 0.0856 -0.8588
vn -0.6715 0.2257 -0.7058
vn -0.7210 0.2802 -0.6338
vn -0.6983 0.3446 -0.6274
vn -0.3344 0.1556 -0.9295
vn -0.4691 0.4055 -0.7845
vn -0.5185 0.3987 -0.7564
vn -0.5540 0.4642 -0.6911
vn -0.7061 0.4342 -0.5594
vn -0.1554 0.4736 -0.8669
vn -0.1616 0.5956 -0.7868
vn -0.2447 0.6271 -0.7395
vn -0.0661 0.8408 -0.5372
vn -0.3431 0.7707 -0.5370
vn -0.5698 0.6930 -0.4418
vn -0.5494 0.7593 -0.3488
vn -0.6894 0.6597 -0.2993
vn -0.6875 0.6405 -0.3422
vn -0.3546 0.8367 -0.4174
vn -0.4458 0.6605 -0.6042
vn -0.6019 0.5585 -0.5708
vn -0.1251 0.8635 -0.4886
vn -0.2013 0.7240 -0.6598
vn -0.2819 0.4016 -0.8713
vn -0.5223 0.3304 -0.7862
vn 0.2731 0.7827 -0.5594
vn 0.1877 0.6608 -0.7267
vn 0.1129 0.4349 -0.8934
vn 0.4739 0.3926 -0.7882
vn 0.4748 0.3008 -0.8271
vn 0.0742 0.2780 -0.9577
vn -0.3062 0.2136 -0.9277
vn 0.5279 0.4779 -0.7021
vn 0.6301 0.5452 -0.5529
vn 0.7615 0.3672 -0.5341
vn 0.8321 0.4046 -0.3793
vn 0.8893 0.2586 -0.3771
vn 0.7787 0.2537 -0.5738
vn 0.7074 0.5703 -0.4174
vn 0.7848 0.3744 -0.4938
vn 0.3655 0.7903 -0.4918
vn 0.5616 0.2637 -0.7843
vn 0.5387 0.2084 -0.8163
vn 0.8171 0.2415 -0.5235
vn 0.7678 0.3195 -0.5554
vn 0.8764 0.2477 -0.4130
vn 0.7040 0.1018 -0.7028
vn 0.8630 0.0714 -0.5002
vn 0.8514 0.0796 -0.5184
vn 0.7710 0.2201 -0.5975
vn 0.8156 0.1342 -0.5628
vn 0.8994 -0.0595 -0.4331
vn 0.9022 0.0136 -0.4312
vn 0.8860 0.0603 -0.4598
vn 0.8348 0.1862 -0.5182
vn 0.8473 0.1015 -0.5214
vn 0.8086 0.2174 -0.5467
vn 0.6500 0.1335 -0.7481
vn 0.5624 0.2434 -0.7902
vn 0.2572 0.1866 -0.9482
vn 0.1294 0.2484 -0.9600
vn -0.1999 0.2261 -0.9534
vn -0.2760 0.2261 -0.9342
vn -0.4318 0.2361 -0.8705
vn -0.4282 0.2079 -0.8795
vn -0.4845 0.1890 -0.8541
vn -0.5357 0.2043 -0.8193
vn -0.5668 0.1946 -0.8005
vn -0.5864 0.3096 -0.7485
vn -0.6501 0.2861 -0.7039
vn -0.6994 0.4973 -0.5133
vn -0.6736 0.3101 -0.6709
vn -0.7515 0.5145 -0.4130
vn -0.7737 0.5959 -0.2153
vn -0.7641 0.6379 -0.0957
vn -0.8409 0.4888 -0.2325
vn -0.7755 0.5547 -0.3014
vn -0.8194 0.2740 -0.5034
vn -0.7368 0.4357 -0.5170
vn -0.7411 0.2136 -0.6365
vn -0.7947 0.2038 -0.5717
vn -0.7345 0.0587 -0.6761
vn -0.7240 0.0883 -0.6842
vn -0.7142 0.0536 -0.6979
vn -0.7391 0.0837 -0.6684
vn -0.7611 0.0804 -0.6437
vn -0.8379 0.0743 -0.5407
vn -0.8484 0.0510 -0.5269
vn -0.9134 0.0652 -0.4019
vn -0.9304 0.0246 -0.3657
vn -0.8935 0.0358 -0.4477
vn -0.8097 0.0410 -0.5854
vn -0.8009 0.0812 -0.5933
vn -0.8805 0.0663 -0.4693
vn -0.7305 0.1598 -0.6639
vn -0.7949 0.4800 -0.3711
vn -0.8817 0.3893 -0.2666
vn -0.9294 0.3111 -0.1987
vn -0.9210 0.1091 -0.3739
vn -0.9524 0.2712 -0.1396
vn -0.9587 0.1196 -0.2581
vn -0.5075 0.2667 -0.8194
vn -0.3721 0.4698 -0.8005
vn -0.4061 0.5130 -0.7562
vn -0.1395 0.7163 -0.6837
vn -0.2124 0.7500 -0.6264
vn -0.3639 0.7257 -0.5839
vn -0.4710 0.5150 -0.7162
vn -0.4184 0.7050 -0.5727
vn -0.5615 0.4620 -0.6865
vn -0.3188 0.8425 -0.4343
vn -0.3974 0.7540 -0.5230
vn -0.4498 0.7193 -0.5294
vn -0.6138 0.5457 -0.5705
vn -0.6387 0.4097 -0.6513
vn -0.6838 0.4122 -0.6021
vn -0.7234 0.1967 -0.6618
vn -0.7268 0.2336 -0.6459
vn -0.6965 0.4517 -0.5575
vn -0.6647 0.4688 -0.5817
vn -0.6266 0.4351 -0.6466
vn -0.5345 0.6824 -0.4985
vn -0.4424 0.7401 -0.5066
vn -0.5660 0.5927 -0.5731
vn -0.4571 0.7478 -0.4816
vn -0.5726 0.6963 -0.4327
vn -0.6487 0.6370 -0.4165
vn -0.5559 0.7135 -0.4265
vn -0.7261 0.5668 -0.3892
vn -0.7744 0.6276 -0.0808
vn -0.5389 0.6877 0.4864
vn -0.6615 0.5925 0.4597
vn -0.4844 0.7208 0.4958
vn -0.6200 0.5424 0.5670
vn -0.5911 0.7475 0.3030
vn -0.7902 0.5261 0.3143
vn -0.6231 0.7439 0.2416
vn -0.1823 0.9645 0.1910
vn -0.1389 0.9841 0.1103
vn -0.0690 0.9968 0.0409
vn -0.5223 0.8208 0.2312
vn -0.0068 0.9999 0.0149
vn -0.3340 0.9357 0.1139
vn -0.8472 0.4821 0.2232
vn -0.1963 0.9802 0.0268
vn -0.7661 0.6311 0.1221
vn -0.1843 0.9819 0.0443
vn -0.7117 0.6810 0.1724
vn -0.1872 0.9775 0.0973
vn -0.6768 0.6694 0.3064
vn -0.1834 0.9776 0.1031
vn -0.5927 0.7000 0.3983
vn -0.7834 0.2414 0.5727
vn -0.4278 0.8130 0.3951
vn -0.6098 0.3815 0.6946
vn -0.6195 0.2242 0.7523
vn -0.4993 0.5219 0.6916
vn -0.5535 0.2024 0.8079
vn -0.5957 0.0925 0.7978
vn -0.5643 0.2494 0.7870
vn -0.5679 0.0202 0.8229
vn -0.5700 0.0087 0.8216
vn -0.6601 0.0338 0.7504
vn -0.6611 0.0094 0.7502
vn -0.6936 0.0310 0.7197
vn -0.8884 0.0153 0.4587
vn -0.8869 0.0341 0.4607
vn -0.9284 0.0091 0.3714
vn -0.8079 0.0787 0.5841
vn -0.5881 -0.0084 0.8087
vn -0.4717 0.0342 0.8811
vn 0.1175 -0.0224 0.9928
vn 0.2063 -0.0102 0.9784
vn 0.3947 -0.0762 0.9157
vn 0.7698 -0.0312 0.6375
vn 0.8573 -0.1027 0.5045
vn 0.8046 -0.4453 0.3929
vn 0.4601 -0.3564 0.8132
vn 0.3308 -0.8726 0.3594
vn 0.0976 -0.5412 0.8352
vn -0.0262 -0.0144 0.9996
vn -0.1348 -0.3768 0.9164
vn 0.0896 0.0858 0.9923
vn 0.2756 0.4314 0.8590
vn 0.0046 0.3479 0.9375
vn 0.2164 0.0956 0.9716
vn 0.5920 0.2964 0.7494
vn 0.8279 0.1175 0.5485
vn 0.8619 0.1097 0.4951
vn 0.3802 0.0739 0.9220
vn 0.5473 0.0557 0.8351
vn 0.9140 0.0523 0.4023
vn -0.1316 -0.1131 0.9848
vn -0.0684 0.0130 0.9976
vn -0.0065 0.0334 0.9994
vn 0.0288 0.0018 0.9996
vn 0.6267 0.0132 0.7792
vn -0.6960 -0.1192 0.7081
vn -0.6301 -0.0095 0.7764
vn -0.5772 -0.0082 0.8166
vn 0.0590 0.0214 0.9980
vn -0.9766 -0.0428 0.2109
vn -0.9623 -0.0110 0.2718
vn -0.7721 -0.0353 0.6346
vn -0.7781 -0.0165 0.6280
vn -0.7853 0.0042 0.6191
vn -0.8076 0.3043 0.5052
vn -0.1410 -0.0150 0.9899
vn -0.1639 -0.0081 0.9864
vn -0.0218 -0.0122 0.9997
vn -0.0187 -0.0071 0.9998
vn 0.0552 -0.0104 0.9984
vn 0.0682 0.0031 0.9977
vn 0.6826 -0.0039 0.7307
vn 0.6794 -0.0019 0.7337
vn 0.9720 -0.0155 0.2343
vn 0.9384 -0.0277 0.3443
vn 0.6712 -0.0364 0.7404
vn 0.0396 0.0308 0.9987
vn -0.0063 0.4637 0.8860
vn -0.6211 0.0111 0.7837
vn -0.4750 0.4371 0.7637
vn -0.1644 0.9134 0.3723
vn 0.0689 0.9454 0.3187
vn -0.9286 0.0243 0.3704
vn -0.7938 0.4285 0.4317
vn -0.3849 0.8728 0.3002
vn -0.7854 0.4287 0.4466
vn -0.4654 0.8537 0.2337
vn -0.3263 0.9426 0.0707
vn -0.4625 0.8033 0.3751
vn -0.3366 0.9300 0.1477
vn -0.2379 0.9713 -0.0039
vn -0.0739 0.9542 -0.2899
vn -0.2853 0.9261 0.2470
vn -0.1573 0.9832 0.0923
vn -0.0695 0.9964 -0.0477
vn -0.0404 0.9856 -0.1644
vn -0.1621 0.9090 -0.3840
vn -0.1288 0.9881 0.0844
vn -0.0647 0.9976 0.0247
vn 0.0174 0.9978 -0.0638
vn 0.0540 0.9920 -0.1138
vn -0.0505 0.9985 -0.0213
vn 0.0005 0.9980 -0.0631
vn 0.0105 0.9957 -0.0925
vn -0.0265 0.9969 -0.0736
vn 0.0015 0.9986 -0.0525
vn 0.0385 0.9987 -0.0320
vn 0.0294 0.9993 -0.0234
vn 0.0079 0.9998 -0.0156
vn -0.0049 0.9999 -0.0123
vn -0.0458 0.9975 -0.0541
vn 0.0334 0.9993 -0.0138
vn 0.0187 0.9998 -0.0012
vn 0.0087 0.9999 0.0088
vn 0.0004 0.9999 0.0150
vn -0.0175 0.9998 -0.0054
vn 0.0312 0.9994 -0.0128
vn 0.0071 1.0000 -0.0005
vn -0.0029 1.0000 0.0037
vn -0.0088 0.9999 -0.0062
vn -0.0236 0.9997 -0.0038
vn -0.0168 0.9998 0.0098
vn -0.0137 0.9996 0.0245
vn 0.0034 1.0000 -0.0079
vn 0.0151 0.9998 0.0098
vn -0.0007 0.9998 0.0186
vn 0.0342 0.9994 -0.0112
vn 0.0330 0.9995 0.0016
vn 0.0440 0.9990 0.0091
vn 0.0354 0.9992 0.0171
vn 0.0230 0.9997 -0.0039
vn 0.0225 0.9997 0.0016
vn 0.0381 0.9993 0.0012
vn 0.0101 0.9999 0.0048
vn 0.0131 0.9999 -0.0008
vn 0.0125 0.9999 0.0010
vn -0.0014 1.0000 -0.0002
vn 0.0227 0.9997 -0.0119
vn -0.0114 0.9999 0.0031
vn 0.0506 0.9986 -0.0173
vn 0.0034 0.9999 0.0126
vn -0.0045 0.9999 -0.0131
vn -0.1610 0.9842 0.0744
vn -0.3050 0.8921 0.3333
vn -0.4722 0.6770 0.5645
vn -0.6471 0.3578 0.6732
vn -0.8742 0.0489 0.4832
vn 0.0258 0.9995 -0.0172
vn 0.0316 0.9995 -0.0014
vn -0.0077 0.9999 -0.0091
vn 0.0067 0.9997 0.0219
vn -0.0828 0.9964 -0.0202
vn -0.0509 0.9985 0.0187
vn -0.0286 0.9993 0.0226
vn -0.1973 0.9803 0.0125
vn -0.1504 0.9880 0.0363
vn -0.1202 0.9926 0.0178
vn -0.5949 0.7985 0.0922
vn -0.5329 0.8364 0.1282
vn -0.4856 0.8518 0.1965
vn -0.0855 0.9957 0.0345
vn -0.4364 0.8543 0.2823
vn -0.0536 0.9975 0.0467
vn -0.3981 0.8495 0.3463
vn -0.0682 0.9966 0.0471
vn -0.0358 0.9993 0.0121
vn -0.1445 0.9855 0.0886
vn -0.0880 0.9961 0.0023
vn -0.0526 0.9977 -0.0428
vn -0.0611 0.9956 0.0713
vn -0.0211 0.9998 0.0068
vn -0.0246 0.9997 -0.0083
vn -0.1324 0.9902 0.0443
vn -0.4101 0.9103 0.0574
vn -0.4867 0.8729 0.0354
vn -0.1222 0.8938 0.4314
vn -0.1576 0.9766 -0.1462
vn -0.1903 0.8753 -0.4445
vn -0.0998 0.5913 0.8003
vn -0.1673 0.5283 0.8324
vn 0.0207 0.7800 0.6254
vn -0.1384 0.9738 0.1803
vn -0.3450 0.8254 0.4468
vn -0.3954 0.8291 0.3953
vn -0.6337 0.3663 0.6814
vn -0.5614 0.3990 0.7250
vn -0.7072 0.3385 0.6208
vn -0.7479 -0.1292 0.6511
vn -0.6778 -0.0326 0.7345
vn -0.7968 0.3297 0.5063
vn -0.8304 -0.1793 0.5276
vn -0.4755 -0.8268 0.3006
vn -0.4539 -0.7940 0.4044
vn -0.8683 0.3428 0.3586
vn -0.9033 -0.2047 0.3771
vn -0.5072 -0.8364 0.2079
vn -0.4676 -0.8768 0.1119
vn -0.0188 -0.9998 -0.0026
vn -0.0135 -0.9999 -0.0013
vn -0.0037 -1.0000 0.0005
vn -0.9361 -0.2581 0.2391
vn -0.9317 -0.3419 0.1222
vn -0.4108 -0.9103 0.0505
vn -0.9063 0.3509 0.2355
vn -0.9449 0.3002 0.1308
vn -0.9815 0.1917 0.0021
vn -0.9122 -0.4097 0.0126
vn -0.6762 0.7367 0.0105
vn -0.7341 0.6696 -0.1129
vn -0.9808 0.1444 -0.1309
vn -0.2425 0.9691 -0.0445
vn -0.2291 0.9713 -0.0647
vn -0.6691 0.7156 -0.2007
vn -0.0775 0.9968 -0.0184
vn -0.0310 0.9995 -0.0056
vn -0.0105 0.9999 0.0064
vn -0.0791 0.9913 0.1048
vn -0.2868 0.9000 0.3284
vn -0.2051 0.9419 0.2660
vn -0.5840 0.7784 -0.2302
vn -0.8894 0.2793 -0.3617
vn -0.9383 0.2028 -0.2801
vn -0.8781 -0.3145 -0.3607
vn -0.8959 -0.3495 -0.2743
vn -0.9091 -0.4001 -0.1161
vn -0.4241 -0.8908 -0.1630
vn -0.4207 -0.9053 -0.0580
vn -0.4108 -0.9108 0.0413
vn -0.0550 -0.9985 -0.0048
vn -0.0569 -0.9968 0.0553
vn -0.0308 -0.9995 0.0034
vn -0.0123 -0.9980 0.0614
vn -0.0085 -1.0000 0.0043
vn -0.0097 -0.9999 -0.0045
vn -0.0000 -1.0000 0.0029
vn -0.0000 -1.0000 -0.0059
vn 0.0037 -1.0000 -0.0045
vn -0.0012 -1.0000 -0.0043
vn 0.0051 -1.0000 -0.0036
vn 0.0053 -1.0000 -0.0038
vn 0.0017 -1.0000 -0.0032
vn -0.0000 -1.0000 0.0011
vn -0.0212 -0.9993 0.0303
vn -0.0130 -0.9998 0.0131
vn -0.0846 -0.9909 0.1049
vn -0.4865 -0.6874 0.5393
vn -0.1559 -0.9627 0.2214
vn -0.4997 -0.5465 0.6720
vn -0.6061 0.0376 0.7945
vn -0.4970 -0.4254 0.7563
vn -0.5492 0.0768 0.8321
vn -0.4765 0.4937 0.7275
vn -0.4558 0.1034 0.8841
vn -0.3446 0.6085 0.7149
vn -0.3634 0.1264 0.9230
vn -0.2144 0.6642 0.7162
vn -0.3114 0.1391 0.9400
vn -0.1489 0.6786 0.7192
vn -0.2658 0.1272 0.9556
vn -0.1676 0.6879 0.7061
vn -0.4010 0.1130 0.9091
vn -0.3456 0.6773 0.6495
vn -0.4011 0.0961 0.9110
vn -0.3506 0.6471 0.6770
vn -0.2291 0.9450 0.2335
vn -0.1808 0.6069 0.7740
vn -0.0998 0.9434 0.3163
vn 0.0601 0.5057 0.8606
vn 0.0583 0.9100 0.4105
vn 0.0434 0.9811 0.1887
vn -0.0835 0.8562 0.5099
vn -0.0349 0.9787 0.2021
vn -0.0033 0.9927 0.1204
vn 0.0389 0.9776 0.2068
vn 0.0454 0.9857 0.1621
vn 0.0368 0.9483 0.3153
vn 0.1251 0.9737 0.1902
vn 0.0844 0.9444 0.3178
vn 0.2137 0.9690 0.1237
vn 0.1810 0.9664 0.1825
vn 0.0863 0.9817 0.1699
vn 0.2632 0.9630 -0.0576
vn 0.1698 0.9796 -0.1071
vn 0.2819 0.9536 -0.1055
vn 0.1586 0.9820 -0.1022
vn 0.2649 0.9641 -0.0185
vn 0.2360 0.9701 -0.0566
vn 0.0449 0.9988 -0.0187
vn 0.0391 0.9992 -0.0098
vn -0.0437 0.9987 -0.0278
vn -0.0388 0.9992 -0.0075
vn -0.0278 0.9990 0.0359
vn 0.0420 0.9988 -0.0245
vn 0.0524 0.9986 -0.0020
vn 0.0649 0.9979 -0.0039
vn 0.0732 0.9973 0.0017
vn -0.0389 0.9992 -0.0033
vn -0.0278 0.9992 0.0293
vn 0.0460 0.9986 0.0279
vn 0.0201 0.9995 0.0246
vn -0.0111 0.9991 0.0405
vn -0.0262 0.9988 0.0414
vn -0.0166 0.9980 0.0614
vn -0.0103 0.9954 0.0958
vn 0.0078 0.9985 0.0546
vn 0.0280 0.9988 0.0393
vn -0.0358 0.9966 0.0748
vn -0.0639 0.9744 0.2154
vn -0.0056 0.9647 0.2635
vn -0.0061 0.6917 0.7222
vn 0.0404 0.6475 0.7610
vn 0.0073 0.9622 0.2722
vn -0.1375 0.7326 0.6667
vn -0.1716 0.2352 0.9567
vn -0.0106 0.1886 0.9820
vn -0.1074 0.3979 0.9111
vn -0.0436 -0.1486 0.9879
vn -0.1525 -0.2679 0.9513
vn 0.0523 -0.0421 0.9977
vn 0.0589 -0.6929 0.7186
vn -0.0173 -0.7373 0.6754
vn -0.2034 0.0439 0.9781
vn -0.1672 -0.6017 0.7810
vn -0.0597 -0.9835 0.1707
vn 0.0263 -0.9856 0.1670
vn -0.3515 -0.5185 0.7795
vn -0.1404 -0.9664 0.2154
vn -0.0694 -0.9959 -0.0588
vn -0.0270 -0.9996 -0.0104
vn -0.3569 -0.4633 0.8112
vn -0.1717 -0.9473 0.2706
vn -0.2542 -0.4032 0.8791
vn -0.1044 -0.9247 0.3660
vn -0.3030 -0.3512 0.8859
vn -0.1105 -0.8911 0.4401
vn -0.3558 -0.3368 0.8718
vn -0.1681 -0.8753 0.4535
vn 0.0376 -0.9987 0.0358
vn -0.2311 -0.8803 0.4143
vn -0.0332 -0.9985 0.0430
vn 0.0042 -1.0000 -0.0001
vn 0.0138 -0.9999 -0.0025
vn -0.0381 -0.9980 0.0500
vn -0.0068 -0.9999 0.0075
vn 0.0026 -1.0000 -0.0029
vn 0.0044 -1.0000 -0.0036
vn 0.0123 -0.9999 0.0041
vn -0.0060 -1.0000 0.0066
vn 0.0012 -1.0000 -0.0031
vn 0.0024 -1.0000 -0.0048
vn 0.0013 -1.0000 -0.0035
vn 0.0032 -1.0000 -0.0018
vn 0.0003 -1.0000 -0.0049
vn 0.0009 -1.0000 -0.0051
vn -0.0001 -1.0000 -0.0037
vn -0.0006 -1.0000 -0.0029
vn 0.0002 -1.0000 -0.0021
vn 0.0006 -1.0000 -0.0032
vn -0.0002 -1.0000 -0.0025
vn -0.0002 -1.0000 -0.0028
vn 0.0007 -1.0000 -0.0039
vn 0.0006 -1.0000 -0.0033
vn 0.0005 -1.0000 -0.0023
vn 0.0012 -1.0000 -0.0040
vn 0.0022 -1.0000 -0.0040
vn 0.0018 -1.0000 -0.0050
vn 0.0007 -1.0000 -0.0036
vn 0.0015 -1.0000 -0.0033
vn 0.0033 -1.0000 -0.0052
vn -0.0032 -0.9990 -0.0444
vn -0.0009 -0.9991 -0.0424
vn 0.0035 -0.9999 -0.0115
vn 0.0015 -1.0000 -0.0035
vn 0.0015 -0.9994 -0.0350
vn 0.0087 -0.9999 0.0147
vn -0.0027 -0.9990 0.0437
vn 0.0048 -0.9998 -0.0175
vn 0.0179 -0.9998 0.0048
vn 0.0247 -0.9918 0.1257
vn 0.0175 -0.9885 0.1501
vn 0.0024 -1.0000 -0.0068
vn 0.0057 -1.0000 0.0057
vn 0.0058 -0.9951 0.0987
vn 0.0152 -0.9998 -0.0088
vn 0.0050 -1.0000 0.0016
vn 0.0008 -1.0000 0.0041
vn -0.0040 -0.9965 0.0829
vn 0.0189 -0.9998 -0.0021
vn 0.0317 -0.9966 -0.0758
vn 0.0157 -0.9959 -0.0890
vn -0.0027 -0.9973 0.0738
vn 0.0100 -0.9999 0.0044
vn 0.0168 -0.9976 -0.0670
vn 0.0007 -1.0000 -0.0002
vn 0.0064 -0.9999 0.0097
vn 0.0041 -1.0000 0.0034
vn 0.0142 -0.9980 -0.0617
vn -0.0011 -1.0000 -0.0022
vn -0.0053 -1.0000 0.0002
vn -0.0028 -1.0000 0.0020
vn 0.0026 -0.9982 -0.0595
vn -0.0143 -0.9999 -0.0079
vn -0.0174 -0.9998 -0.0064
vn -0.0166 -0.9998 -0.0147
vn -0.0047 -1.0000 -0.0048
vn -0.0675 -0.9973 -0.0281
vn -0.0736 -0.9966 -0.0374
vn -0.0728 -0.9957 -0.0570
vn -0.4846 -0.8070 -0.3376
vn -0.4181 -0.8458 -0.3313
vn -0.0662 -0.9964 -0.0525
vn -0.0168 -0.9997 -0.0163
vn -0.5096 -0.8151 -0.2755
vn -0.4553 -0.8709 -0.1847
vn -0.8518 -0.2312 -0.4702
vn -0.8064 -0.2171 -0.5501
vn -0.7729 0.3551 -0.5259
vn -0.7590 0.2852 -0.5854
vn -0.7506 -0.2931 -0.5922
vn -0.8198 0.3427 -0.4588
vn -0.5181 0.8062 -0.2858
vn -0.4876 0.8040 -0.3404
vn -0.2669 0.9364 -0.2278
vn -0.4841 0.7935 -0.3688
vn -0.1932 0.9641 -0.1819
vn -0.4799 0.7378 -0.4748
vn -0.6908 0.1786 -0.7007
vn -0.4516 0.6367 -0.6250
vn -0.5958 0.1617 -0.7867
vn -0.5540 -0.4494 -0.7007
vn -0.6473 -0.3956 -0.6515
vn -0.2059 -0.9449 -0.2544
vn -0.2999 -0.9096 -0.2874
vn -0.0126 -0.9998 -0.0161
vn -0.0367 -0.9990 -0.0249
vn 0.0007 -1.0000 0.0016
vn -0.0082 -1.0000 -0.0051
vn 0.0015 -1.0000 0.0016
vn -0.0014 -1.0000 -0.0030
vn -0.0041 -1.0000 -0.0069
vn -0.0003 -1.0000 -0.0041
vn -0.0014 -1.0000 -0.0049
vn -0.0023 -1.0000 -0.0021
vn -0.0014 -1.0000 -0.0047
vn -0.0027 -1.0000 -0.0015
vn -0.0032 -1.0000 0.0028
vn -0.0000 -0.9997 0.0232
vn -0.0112 -0.9998 0.0158
vn -0.0172 -0.9949 -0.0991
vn -0.0035 -1.0000 0.0026
vn -0.0151 -0.9959 -0.0888
vn -0.0025 -1.0000 0.0077
vn -0.0074 -0.9975 -0.0703
vn -0.0040 -1.0000 -0.0076
vn 0.0059 -0.9886 0.1508
vn -0.0008 -0.9992 -0.0410
vn 0.0054 -0.9918 0.1279
vn 0.0022 -0.9965 0.0836
vn 0.0025 -0.9965 0.0833
vn -0.0003 -0.9928 0.1195
vn -0.0065 -0.9996 -0.0268
vn -0.0047 -0.9916 0.1289
vn -0.0099 -0.9999 0.0072
vn -0.0009 -0.9997 -0.0237
vn 0.0011 -0.9998 -0.0192
vn 0.0001 -1.0000 -0.0067
vn 0.0001 -1.0000 -0.0043
vn -0.0029 -0.9999 -0.0100
vn -0.0032 -1.0000 -0.0076
vn -0.0000 -1.0000 -0.0060
vn -0.0076 -1.0000 -0.0061
vn -0.0016 -1.0000 -0.0031
vn 0.0026 -1.0000 -0.0035
vn -0.0051 -1.0000 -0.0029
vn 0.0034 -1.0000 -0.0035
vn 0.0012 -1.0000 -0.0025
vn -0.0004 -1.0000 -0.0048
vn 0.0010 -1.0000 -0.0010
vn 0.0014 -1.0000 -0.0001
vn -0.0007 -1.0000 0.0068
vn 0.0051 -1.0000 0.0073
vn 0.0083 -0.9999 0.0061
vn -0.0093 -1.0000 0.0004
vn -0.0160 -0.9999 -0.0056
vn -0.0185 -0.9998 -0.0029
vn -0.0114 -0.9999 -0.0071
vn -0.0187 -0.9998 -0.0075
vn -0.0175 -0.9998 -0.0051
vn -0.0140 -0.9999 -0.0048
vn -0.0120 -0.9999 -0.0105
vn -0.0152 -0.9998 -0.0092
vn -0.0070 -0.9999 -0.0119
vn -0.0043 -0.9999 -0.0166
vn -0.0092 -0.9998 -0.0160
vn -0.0010 -0.9999 -0.0117
vn 0.0012 -0.9999 -0.0129
vn -0.0020 -0.9998 -0.0199
vn 0.0006 -1.0000 -0.0088
vn 0.0034 -0.9999 -0.0110
vn 0.0016 -0.9997 -0.0234
vn 0.0053 -0.9998 -0.0170
vn 0.0096 -0.9999 -0.0122
vn 0.0081 -0.9999 -0.0152
vn -0.0011 -0.9997 -0.0251
vn -0.0048 -0.9989 0.0470
vn -0.0005 -0.9968 0.0803
vn -0.0012 -0.9955 0.0948
vn 0.0058 -0.9975 0.0698
vn 0.0060 -0.9948 0.1015
vn -0.0036 -0.9932 0.1167
vn -0.0043 -0.9999 -0.0154
vn 0.0011 -0.9987 -0.0504
vn -0.0030 -0.9995 0.0308
vn -0.0025 -0.9975 -0.0708
vn -0.0016 -0.9980 -0.0628
vn 0.0007 -0.9978 -0.0656
vn 0.0055 -0.9998 -0.0179
vn 0.0046 -1.0000 -0.0032
vn 0.0005 -0.9990 -0.0436
vn -0.0005 -1.0000 0.0013
vn 0.0009 -1.0000 0.0017
vn -0.0013 -1.0000 0.0005
vn -0.0005 -1.0000 0.0026
vn -0.0000 -1.0000 0.0008
vn -0.0008 -1.0000 -0.0034
vn -0.0015 -1.0000 -0.0035
vn -0.0002 -1.0000 0.0002
vn -0.0011 -1.0000 -0.0023
vn -0.0016 -1.0000 -0.0054
vn -0.0015 -1.0000 -0.0062
vn -0.0010 -1.0000 -0.0052
vn -0.0019 -1.0000 -0.0035
vn -0.0025 -1.0000 -0.0059
vn -0.0011 -1.0000 -0.0057
vn 0.0005 -1.0000 -0.0016
vn 0.0007 -1.0000 0.0047
vn -0.0002 -1.0000 0.0015
vn -0.0003 -1.0000 0.0074
vn -0.0012 -1.0000 0.0038
vn -0.0029 -1.0000 -0.0021
vn -0.0019 -1.0000 0.0045
vn -0.0030 -1.0000 -0.0014
vn -0.0020 -1.0000 -0.0033
vn -0.0030 -1.0000 -0.0048
vn -0.0001 -1.0000 -0.0022
vn -0.0011 -1.0000 -0.0030
vn 0.0006 -1.0000 -0.0003
vn 0.0018 -1.0000 0.0041
vn 0.0018 -1.0000 0.0028
vn 0.0032 -1.0000 0.0021
vn -0.0000 -1.0000 0.0050
vn 0.0020 -1.0000 0.0058
vn 0.0043 -0.9989 -0.0458
vn -0.0002 -0.9999 0.0106
vn 0.0047 -0.9997 -0.0248
vn 0.0045 -0.9975 -0.0701
vn 0.0005 -1.0000 -0.0069
vn 0.0002 -0.9973 -0.0740
vn 0.0059 -0.9984 0.0566
vn -0.0059 -0.9975 -0.0702
vn -0.0031 -0.9985 0.0551
vn 0.0004 -0.9940 0.1089
vn 0.0117 -0.9939 0.1097
vn -0.0025 -0.9999 -0.0142
vn 0.0087 -0.9999 -0.0128
vn -0.0053 -0.9999 -0.0090
vn 0.0122 -0.9999 -0.0078
vn -0.0171 -0.9991 -0.0377
vn 0.0154 -0.9997 -0.0171
vn -0.0338 -0.9979 -0.0549
vn 0.0077 -0.9994 -0.0327
vn 0.0030 -0.9997 -0.0238
vn -0.0051 -0.9994 -0.0355
vn -0.0040 -0.9996 -0.0276
vn -0.0066 -0.9997 -0.0216
vn -0.0079 -0.9998 -0.0160
vn -0.0090 -0.9999 -0.0132
vn -0.0121 -0.9999 -0.0111
vn -0.0074 -1.0000 -0.0035
vn -0.0112 -0.9999 -0.0036
vn -0.0146 -0.9999 -0.0038
vn -0.0105 -0.9999 0.0012
vn -0.0130 -0.9999 0.0016
vn -0.0143 -0.9999 -0.0014
vn -0.0120 -0.9999 0.0089
vn -0.0103 -0.9999 0.0028
vn -0.0182 -0.9998 -0.0029
vn -0.0046 -0.9999 0.0120
vn -0.0151 -0.9999 -0.0023
vn 0.0022 -0.9996 0.0270
vn -0.0108 -0.9999 0.0064
vn -0.0233 -0.9996 -0.0153
vn -0.0076 -0.9986 0.0522
vn -0.0027 -0.9997 0.0250
vn -0.0062 -0.9792 0.2026
vn 0.0020 -0.9978 0.0665
vn -0.0212 -0.9802 0.1970
vn -0.0937 -0.7924 0.6027
vn -0.0228 -0.9884 0.1502
vn -0.0414 -0.8171 0.5750
vn -0.0315 -0.2748 0.9610
vn -0.0186 -0.8137 0.5810
vn 0.0398 -0.2108 0.9767
vn 0.0605 0.1758 0.9826
vn 0.2277 -0.1346 0.9644
vn 0.2326 0.1673 0.9581
vn 0.1858 0.6618 0.7263
vn 0.3522 0.2104 0.9119
vn 0.2284 0.7182 0.6573
vn 0.0199 0.9869 0.1602
vn 0.0769 0.9755 0.2060
vn -0.0276 0.9995 0.0154
vn 0.0399 0.9992 0.0047
vn -0.0146 0.9998 0.0151
vn 0.0402 0.9992 -0.0031
vn -0.0098 0.9996 0.0263
vn 0.0439 0.9990 0.0003
vn -0.0155 0.9996 0.0220
vn -0.0252 0.9983 0.0531
vn -0.0372 0.9982 0.0479
vn 0.0132 0.9994 0.0307
vn -0.1848 0.9517 0.2454
vn -0.1209 0.9727 0.1980
vn -0.4501 0.5969 0.6641
vn -0.3694 0.7047 0.6057
vn -0.5328 0.2733 0.8009
vn -0.5128 0.3705 0.7745
vn -0.7003 0.5186 0.4906
vn -0.5604 0.4956 0.6635
vn -0.7172 0.6015 0.3520
vn -0.7873 0.6136 0.0608
vn -0.7773 0.6039 0.1765
vn -0.7840 0.6207 0.0087
vn -0.7516 0.6586 0.0362
vn -0.7239 0.6884 -0.0460
vn -0.7008 0.7121 0.0426
vn -0.4155 0.6934 0.5887
vn -0.5193 0.8298 0.2043
vn -0.0936 0.6010 0.7937
vn 0.2174 0.3050 0.9272
vn 0.5008 0.0788 0.8620
vn 0.6566 0.0375 0.7533
vn 0.8353 0.0127 0.5497
vn 0.8534 0.0210 0.5209
vn 0.9320 0.0177 0.3619
vn 0.9317 0.0054 0.3632
vn 0.6596 0.0148 0.7515
vn 0.8298 0.0274 0.5574
vn -0.1343 0.9290 0.3448
vn 0.1478 0.5620 0.8138
vn -0.1848 0.9826 0.0171
vn 0.0297 0.9845 0.1728
vn -0.5468 0.8317 -0.0959
vn -0.4472 0.8944 -0.0061
vn -0.0261 0.9993 -0.0278
vn -0.6636 0.7279 0.1728
vn -0.5272 0.7223 0.4476
vn -0.3135 0.9314 0.1848
vn 0.1424 0.9893 -0.0310
vn 0.0609 0.9962 -0.0616
vn 0.3386 0.9343 -0.1117
vn 0.2520 0.9677 -0.0075
vn 0.1638 0.9626 0.2159
vn 0.4465 0.8677 0.2185
vn 0.4501 0.8912 -0.0560
vn 0.3959 0.9126 0.1022
vn 0.4414 0.8292 0.3429
vn 0.5557 0.8245 0.1068
vn 0.5909 0.8048 0.0550
vn 0.4785 0.8711 0.1103
vn 0.3680 0.8902 0.2687
vn 0.0692 0.9480 0.3105
vn 0.6719 0.6456 0.3630
vn 0.5826 0.7248 0.3677
vn 0.5720 0.7411 0.3516
vn 0.5966 0.7099 0.3743
vn 0.4222 0.7819 0.4586
vn 0.6119 0.4778 0.6303
vn 0.6915 0.4351 0.5766
vn 0.6814 0.6011 0.4176
vn 0.6772 0.4232 0.6019
vn 0.5185 0.6318 0.5761
vn 0.4693 0.4443 0.7632
vn -0.0197 0.4396 0.8980
vn -0.4805 0.3245 0.8147
vn -0.5308 0.4893 0.6920
vn -0.3674 0.8851 0.2856
vn -0.1255 0.9913 0.0386
vn 0.3684 0.8989 0.2372
vn 0.0864 0.8579 0.5065
vn 0.5528 0.6921 0.4641
vn 0.4173 0.8437 0.3378
vn 0.5678 0.6649 0.4852
vn 0.4569 0.8589 0.2313
vn 0.6519 0.6933 0.3071
vn 0.3573 0.9079 0.2192
vn 0.2025 0.9588 0.1992
vn 0.2903 0.9476 0.1335
vn 0.2705 0.9531 0.1357
vn 0.2037 0.9700 0.1329
vn 0.1299 0.9858 0.1065
vn 0.1440 0.9766 0.1598
vn 0.2220 0.9606 0.1671
vn 0.1740 0.9763 0.1286
vn 0.5024 0.7643 0.4043
vn 0.4479 0.8395 0.3076
vn 0.5007 0.7366 0.4547
vn 0.7000 0.1912 0.6881
vn 0.7465 0.2386 0.6211
vn 0.5863 0.2077 0.7830
vn 0.6045 -0.0857 0.7920
vn 0.7002 -0.0644 0.7110
vn 0.4643 0.2935 0.8357
vn 0.5168 -0.0768 0.8527
vn 0.4662 0.3914 0.7934
vn 0.5023 0.0246 0.8643
vn 0.4868 0.3794 0.7868
vn 0.4925 0.0961 0.8650
vn 0.4271 -0.5527 0.7156
vn 0.1468 -0.9823 0.1165
vn 0.4760 0.0334 0.8788
vn 0.3894 -0.5716 0.7223
vn 0.1120 -0.9753 0.1904
vn 0.2805 -0.6695 0.6878
vn 0.0633 -0.9892 0.1322
vn 0.0072 -0.9998 0.0205
vn -0.0018 -1.0000 0.0061
vn 0.0211 -0.9982 0.0569
vn 0.0005 -1.0000 0.0059
vn -0.0020 -1.0000 0.0020
vn -0.0018 -1.0000 0.0030
vn -0.0023 -1.0000 0.0074
vn -0.0363 -0.9989 0.0307
vn -0.0248 -0.9994 0.0246
vn -0.0168 -0.9998 0.0146
vn -0.0121 -0.9999 0.0061
vn -0.0031 -1.0000 0.0030
vn -0.0112 -0.9990 0.0433
vn -0.0116 -0.9996 0.0246
vn -0.0133 -0.9978 0.0654
vn -0.0509 -0.9960 0.0729
vn 0.1528 -0.7635 0.6275
vn 0.3619 -0.0557 0.9305
vn 0.4666 0.3011 0.8316
vn -0.0052 -1.0000 0.0004
vn -0.0057 -1.0000 0.0025
vn -0.0032 -1.0000 0.0071
vn -0.0052 -1.0000 0.0034
vn 0.0040 -0.9999 0.0109
vn -0.0019 -1.0000 0.0071
vn 0.0135 -0.9997 0.0207
vn -0.0014 -0.9999 0.0139
vn 0.0057 -0.9997 0.0240
vn 0.0106 -0.9985 0.0540
vn 0.0034 -0.9999 0.0136
vn 0.0023 -0.9999 0.0130
vn 0.0009 -0.9999 0.0101
vn 0.0065 -1.0000 0.0068
vn 0.0075 -0.9999 0.0077
vn 0.0127 -0.9999 0.0100
vn 0.0046 -0.9999 0.0109
vn 0.0362 -0.9991 0.0202
vn 0.0145 -0.9997 0.0191
vn 0.2993 -0.9381 0.1740
vn 0.1852 -0.9700 0.1575
vn 0.1097 -0.9817 0.1557
vn 0.6195 -0.5947 0.5125
vn 0.5382 -0.6138 0.5776
vn 0.7670 -0.0640 0.6385
vn 0.7290 -0.5234 0.4412
vn 0.8474 -0.0654 0.5269
vn 0.7960 0.3240 0.5112
vn 0.9217 0.0090 0.3877
vn 0.8093 0.4604 0.3648
vn 0.3881 0.8930 0.2279
vn 0.7736 0.6057 0.1863
vn 0.3762 0.9191 0.1169
vn 0.2715 0.9565 0.1066
vn 0.3138 0.9492 -0.0222
vn 0.2920 0.9542 -0.0649
vn 0.3700 0.9266 -0.0678
vn 0.1826 0.9822 -0.0447
vn 0.3494 0.9352 -0.0578
vn 0.4907 0.8709 -0.0290
vn 0.3484 0.9371 -0.0227
vn 0.3623 0.9301 -0.0601
vn 0.6149 0.7859 -0.0647
vn 0.6016 0.7985 -0.0236
vn 0.6754 0.7064 -0.2116
vn 0.5835 0.7965 -0.1585
vn 0.5640 0.7155 -0.4124
vn 0.4280 0.8379 -0.3388
vn 0.2904 0.9354 -0.2018
vn 0.5056 0.8564 -0.1043
vn 0.4118 0.9054 0.1032
vn 0.1928 0.9782 0.0766
vn 0.4720 0.8766 0.0933
vn 0.2082 0.9617 0.1783
vn 0.6187 0.7856 0.0110
vn 0.3242 0.9447 0.0495
vn 0.6690 0.7157 -0.2004
vn 0.3857 0.9027 -0.1906
vn 0.8568 0.5137 -0.0445
vn 0.8931 0.4293 -0.1342
vn 0.9731 0.2140 -0.0852
vn 0.9786 0.1916 -0.0755
vn 0.9656 0.2115 -0.1513
vn 0.9956 0.0914 -0.0190
vn 0.9888 0.1340 -0.0652
vn 0.9845 0.1611 -0.0687
vn 0.9399 0.2764 -0.2005
vn 0.9836 0.1603 -0.0833
vn 0.9010 0.3486 -0.2582
vn 0.9735 0.2264 0.0309
vn 0.8288 0.5381 -0.1535
vn 0.6051 0.7190 -0.3420
vn 0.7019 0.6993 0.1352
vn 0.4617 0.8867 -0.0221
vn 0.5501 0.7069 0.4445
vn 0.2888 0.8884 0.3569
vn 0.3588 0.7008 0.6165
vn 0.1656 0.8415 0.5142
vn 0.3727 0.7907 0.4856
vn 0.6657 0.6123 0.4266
vn 0.3733 0.8306 0.4133
vn -0.0614 0.8838 0.4638
vn 0.3512 0.8905 0.2891
vn -0.0767 0.8935 0.4424
vn -0.0498 0.8661 0.4974
vn -0.0584 0.9086 0.4136
vn 0.8661 0.4016 0.2978
vn 0.7717 0.3856 0.5058
vn 0.6852 0.3476 0.6401
vn 0.8499 0.1976 0.4885
vn 0.8092 0.0977 0.5793
vn 0.7804 0.0992 0.6174
vn 0.8427 0.0383 0.5370
vn 0.7763 0.0158 0.6302
vn 0.7120 0.0377 0.7011
vn 0.7063 0.1509 0.6917
vn 0.7616 0.0372 0.6470
vn 0.6930 0.0506 0.7191
vn 0.5883 0.0700 0.8056
vn 0.6717 0.0545 0.7389
vn 0.5479 0.0862 0.8321
vn 0.6525 0.0469 0.7563
vn 0.5240 0.0741 0.8485
vn 0.6497 0.0335 0.7594
vn 0.5060 0.0461 0.8613
vn 0.6609 0.0153 0.7503
vn 0.7707 0.0497 0.6353
vn 0.7854 0.0241 0.6186
vn 0.7841 0.0153 0.6204
vn 0.8505 -0.0002 0.5260
vn 0.8225 -0.0248 0.5682
vn 0.8000 -0.0343 0.5990
vn 0.9040 -0.0622 0.4230
vn 0.8944 -0.0334 0.4461
vn 0.8968 -0.0662 0.4375
vn 0.9677 -0.0047 0.2522
vn 0.9851 -0.0161 0.1710
vn 0.9960 0.0584 0.0678
vn 0.9915 0.0341 0.1256
vn 0.9921 0.0874 0.0897
vn 0.9819 0.1286 0.1388
vn 0.9857 0.0120 0.1678
vn 0.9547 -0.0591 0.2916
vn 0.9379 -0.0482 0.3434
vn 0.9141 -0.0457 0.4029
vn 0.9272 0.0450 0.3719
vn 0.9414 0.0071 0.3373
vn 0.8645 0.0654 0.4983
vn 0.8542 0.0653 0.5158
vn 0.9339 0.0865 0.3469
vn 0.7577 0.0397 0.6514
vn 0.7559 0.0357 0.6537
vn 0.8440 0.0355 0.5352
vn 0.8462 0.0272 0.5322
vn 0.9293 0.0344 0.3676
vn 0.9381 0.0419 0.3438
vn 0.9677 0.0765 0.2402
vn 0.9762 0.0419 0.2126
vn 0.9623 0.0613 0.2649
vn 0.9756 0.0290 0.2177
vn 0.9678 -0.0140 0.2513
vn 0.9364 0.2006 0.2878
vn 0.8958 0.1307 0.4248
vn 0.9183 0.2336 0.3196
vn 0.8932 0.3485 0.2842
vn 0.9827 0.1565 0.0993
vn 0.9982 0.0596 0.0021
vn 0.9981 0.0540 -0.0284
vn 0.9962 0.0794 -0.0368
vn 0.9958 0.0715 0.0565
vn 0.9935 0.0788 0.0816
vn 0.9998 -0.0165 0.0151
vn 0.9958 0.0898 0.0172
vn 0.9819 0.1726 -0.0785
vn 0.9943 0.1067 0.0046
vn 0.9655 0.1628 -0.2032
vn 0.9896 0.1107 -0.0917
vn 0.9664 0.0792 -0.2445
vn 0.9863 0.0726 -0.1481
vn 0.9733 0.0087 -0.2296
vn 0.9444 0.0156 -0.3285
vn 0.9267 0.0320 -0.3744
vn 0.9702 0.0181 -0.2415
vn 0.9213 0.0714 -0.3822
vn 0.9588 0.0877 -0.2701
vn 0.9340 0.0413 -0.3549
vn 0.9141 0.0571 -0.4014
vn 0.9169 0.0417 -0.3970
vn 0.9163 0.0373 -0.3987
vn 0.9363 0.0326 -0.3496
vn 0.8749 0.0494 -0.4818
vn 0.8623 0.0573 -0.5032
vn 0.7577 0.0498 -0.6507
vn 0.7571 0.0633 -0.6502
vn 0.7661 -0.0028 -0.6427
vn 0.6591 0.0443 -0.7508
vn 0.6617 -0.0090 -0.7497
vn 0.6505 -0.0201 -0.7593
vn 0.6485 0.0314 -0.7606
vn 0.6435 0.0135 -0.7653
vn 0.5326 0.0045 -0.8464
vn 0.7542 0.0220 -0.6563
vn 0.7483 0.0281 -0.6628
vn 0.6526 0.0397 -0.7567
vn 0.8724 0.0438 -0.4869
vn 0.8588 0.0326 -0.5113
vn 0.8461 0.0285 -0.5323
vn 0.7598 0.0577 -0.6476
vn 0.9101 0.0410 -0.4122
vn 0.9080 0.0247 -0.4183
vn 0.7739 0.0718 -0.6292
vn 0.7069 0.1425 -0.6928
vn 0.6706 0.1022 -0.7347
vn 0.6124 0.2089 -0.7624
vn 0.5647 0.1591 -0.8098
vn 0.5369 0.0553 -0.8418
vn 0.4941 0.2153 -0.8423
vn 0.4554 0.0910 -0.8856
vn 0.3892 0.2394 -0.8895
vn 0.3167 0.1677 -0.9336
vn 0.5220 0.2354 -0.8198
vn 0.4150 0.2025 -0.8870
vn 0.3504 0.1735 -0.9204
vn 0.3568 0.2497 -0.9002
vn 0.2986 0.1895 -0.9354
vn 0.4904 0.3105 -0.8143
vn 0.4480 0.4128 -0.7930
vn 0.5000 0.3368 -0.7978
vn 0.6149 0.3154 -0.7228
vn 0.5883 0.4481 -0.6731
vn 0.6257 0.3867 -0.6774
vn 0.7356 0.4262 -0.5265
vn 0.7031 0.4398 -0.5587
vn 0.7048 0.4068 -0.5812
vn 0.7469 0.2714 -0.6070
vn 0.8133 0.1563 -0.5605
vn 0.9985 0.0018 -0.0545
vn 0.9625 0.0292 -0.2697
vn 0.9335 0.3171 -0.1677
vn 0.7599 0.6489 -0.0382
vn 0.6867 0.7187 0.1088
vn 0.4510 0.8378 -0.3076
vn 0.4601 0.8732 -0.1610
vn 0.1622 0.9839 -0.0751
vn 0.1581 0.9817 -0.1059
vn 0.1446 0.9889 -0.0353
vn 0.1552 0.9869 -0.0432
vn 0.1420 0.9878 -0.0640
vn 0.1869 0.9820 -0.0286
vn 0.6667 0.7451 -0.0197
vn 0.5961 0.7931 -0.1251
vn 0.7212 0.6897 0.0645
vn 0.9722 0.2031 0.1166
vn 0.9746 0.2239 -0.0087
vn 0.9656 0.1357 0.2218
vn 0.9546 -0.1873 0.2316
vn 0.9878 -0.0988 0.1204
vn 0.8571 -0.3668 0.3617
vn 0.4656 -0.8622 0.1994
vn 0.6237 -0.7676 0.1477
vn 0.0951 -0.9954 0.0073
vn 0.0984 -0.9951 -0.0079
vn 0.6944 -0.7155 0.0767
vn 0.0645 -0.9974 0.0326
vn 0.0090 -0.9999 0.0089
vn 0.0028 -0.9998 -0.0171
vn -0.0056 -0.9998 -0.0211
vn -0.0109 -0.9995 -0.0286
vn -0.0037 -0.9997 -0.0256
vn 0.0010 -1.0000 0.0017
vn 0.0014 -1.0000 -0.0025
vn -0.0029 -0.9997 -0.0224
vn -0.0004 -0.9997 -0.0233
vn 0.0001 -0.9996 -0.0273
vn -0.0027 -0.9996 -0.0283
vn 0.0020 -1.0000 -0.0073
vn 0.0020 -0.9999 -0.0130
vn -0.0018 -0.9996 -0.0270
vn 0.0053 -1.0000 0.0048
vn 0.0040 -1.0000 0.0013
vn -0.0092 -0.9998 -0.0172
vn -0.0254 -0.9990 -0.0369
vn 0.0020 -0.9999 0.0106
vn -0.0509 -0.9971 -0.0573
vn -0.0473 -0.9985 -0.0269
vn -0.0366 -0.9987 -0.0346
vn -0.0485 -0.9974 -0.0528
vn -0.0374 -0.9991 -0.0197
vn -0.0331 -0.9991 -0.0266
vn -0.0050 -0.9996 -0.0278
vn 0.0033 -0.9996 0.0285
vn 0.0133 -0.9998 0.0118
vn -0.0181 -0.9984 0.0545
vn -0.0097 -0.9998 0.0180
vn 0.0060 -1.0000 0.0077
vn -0.0238 -0.9958 0.0882
vn -0.0137 -0.9991 0.0398
vn -0.0103 -0.9981 -0.0609
vn -0.0097 -0.9988 -0.0476
vn -0.0043 -1.0000 0.0021
vn -0.0037 -1.0000 -0.0015
vn -0.0024 -0.9994 -0.0332
vn -0.0048 -1.0000 0.0064
vn -0.0014 -1.0000 0.0041
vn -0.0010 -1.0000 -0.0006
vn -0.0034 -1.0000 0.0043
vn -0.0027 -0.9999 0.0103
vn -0.0012 -1.0000 0.0017
vn 0.0005 -1.0000 0.0007
vn -0.0024 -0.9999 0.0131
vn -0.0028 -1.0000 0.0035
vn -0.0029 -1.0000 -0.0013
vn -0.0022 -1.0000 -0.0000
vn -0.0023 -1.0000 0.0049
vn -0.0021 -1.0000 -0.0012
vn -0.0018 -1.0000 -0.0003
vn -0.0031 -1.0000 0.0004
vn -0.0005 -1.0000 -0.0007
vn -0.0005 -1.0000 -0.0012
vn -0.0015 -1.0000 -0.0018
vn -0.0023 -1.0000 -0.0009
vn -0.0027 -1.0000 0.0007
vn -0.0016 -1.0000 -0.0005
vn -0.0026 -1.0000 -0.0012
vn -0.0025 -1.0000 -0.0003
vn -0.0029 -1.0000 0.0051
vn -0.0033 -1.0000 0.0059
vn -0.0036 -1.0000 0.0086
vn -0.0014 -1.0000 0.0092
vn -0.0010 -1.0000 0.0051
vn -0.0026 -1.0000 0.0087
vn -0.0026 -0.9999 0.0098
vn -0.0036 -0.9999 0.0100
vn -0.0009 -1.0000 0.0086
vn -0.0017 -1.0000 0.0073
vn -0.0083 -0.9999 -0.0098
vn -0.0058 -1.0000 0.0047
vn -0.0028 -1.0000 0.0039
vn -0.0125 -0.9998 -0.0162
vn -0.1233 -0.9531 -0.2764
vn -0.0895 -0.9609 -0.2621
vn -0.0007 -1.0000 0.0019
vn -0.0115 -0.9998 -0.0174
vn -0.1441 -0.9599 -0.2406
vn -0.4542 -0.4589 -0.7636
vn -0.3662 -0.4335 -0.8234
vn -0.4023 0.2502 -0.8806
vn -0.2848 0.2109 -0.9351
vn -0.2644 -0.4663 -0.8442
vn -0.4889 0.2312 -0.8411
vn -0.1085 0.0969 -0.9894
vn -0.1081 -0.5905 -0.7997
vn -0.0383 -0.9893 -0.1406
vn 0.0392 -0.7921 -0.6091
vn 0.0005 -0.9986 -0.0530
vn -0.0027 -0.9999 0.0106
vn 0.0101 -0.9991 -0.0416
vn -0.0021 -1.0000 0.0063
vn -0.0029 -0.9999 0.0119
vn 0.0020 -0.9999 0.0103
vn 0.0008 -0.9999 0.0131
vn 0.0015 -1.0000 0.0059
vn -0.0104 -0.9998 0.0159
vn 0.0007 -0.9999 0.0106
vn 0.0128 -0.9999 0.0041
vn 0.0002 -1.0000 0.0009
vn 0.0189 -0.9998 -0.0105
vn -0.0009 -1.0000 -0.0035
vn 0.0097 -0.9998 -0.0180
vn -0.0023 -1.0000 -0.0025
vn -0.0001 -1.0000 -0.0029
vn -0.0031 -1.0000 0.0003
vn -0.0001 -1.0000 0.0013
vn 0.0022 -1.0000 -0.0085
vn 0.0027 -1.0000 0.0005
vn 0.0015 -1.0000 -0.0001
vn 0.0062 -1.0000 -0.0020
vn 0.0036 -1.0000 -0.0030
vn -0.0010 -1.0000 -0.0038
vn 0.0064 -1.0000 -0.0069
vn -0.0004 -1.0000 -0.0070
vn -0.0053 -1.0000 -0.0031
vn -0.0008 -1.0000 -0.0099
vn -0.0079 -1.0000 -0.0048
vn 0.0052 -1.0000 -0.0057
vn 0.0032 -0.9998 -0.0188
vn 0.0237 -0.9997 0.0051
vn 0.0192 -0.9998 0.0050
vn 0.0121 -0.9999 -0.0011
vn 0.0060 -1.0000 0.0071
vn -0.0069 -0.9999 -0.0084
vn -0.0132 -0.9999 0.0087
vn -0.0149 -0.9999 -0.0085
vn 0.0519 -0.9986 -0.0073
vn 0.0575 -0.9983 -0.0022
vn 0.6226 -0.7744 -0.1127
vn 0.6468 -0.7626 -0.0046
vn 0.9715 -0.1557 -0.1788
vn 0.9908 -0.1350 -0.0094
vn 0.9496 0.2550 -0.1823
vn 0.9507 -0.1009 -0.2931
vn 0.9040 0.3160 -0.2878
vn 0.5303 0.8282 -0.1814
vn 0.8288 0.4349 -0.3521
vn 0.3906 0.9063 -0.1615
vn 0.0731 0.9968 -0.0322
vn 0.2500 0.9548 -0.1609
vn -0.0118 0.9999 -0.0113
vn 0.0984 0.9869 -0.1279
vn -0.0216 0.9998 0.0047
vn 0.0732 0.9951 -0.0662
vn 0.0174 0.9997 -0.0191
vn 0.0728 0.9960 -0.0510
vn 0.0263 0.9982 -0.0545
vn 0.0672 0.9931 -0.0965
vn 0.1765 0.9595 -0.2194
vn 0.2893 0.8769 -0.3840
vn 0.4460 0.8048 -0.3916
vn 0.3762 0.7270 -0.5744
vn 0.5251 0.6262 -0.5763
vn 0.4828 0.4287 -0.7636
vn 0.6046 0.3571 -0.7120
vn 0.5642 0.1064 -0.8188
vn 0.6691 0.3014 -0.6793
vn 0.7781 0.3136 -0.5443
vn 0.5694 0.2224 -0.7914
vn 0.4458 0.7689 -0.4582
vn 0.4605 0.3878 -0.7984
vn 0.1248 0.8564 -0.5009
vn 0.0514 0.5289 -0.8471
vn -0.1340 0.2520 -0.9584
vn -0.2122 0.4342 -0.8755
vn -0.2247 0.6041 -0.7646
vn -0.3761 0.4078 -0.8320
vn -0.3250 0.4221 -0.8463
vn -0.0824 0.3282 -0.9410
vn -0.1880 0.3876 -0.9025
vn -0.1511 0.6425 -0.7513
vn 0.0744 0.5764 -0.8138
vn 0.1493 0.2175 -0.9646
vn 0.4193 0.4146 -0.8076
vn 0.4833 0.0845 -0.8714
vn 0.5694 -0.1065 -0.8152
vn 0.8051 -0.1173 -0.5814
vn 0.0965 0.7955 -0.5982
vn 0.4072 0.7041 -0.5817
vn 0.1049 0.8803 -0.4627
vn 0.4128 0.7684 -0.4891
vn 0.7439 0.4870 -0.4576
vn 0.4771 0.8208 -0.3140
vn 0.7852 0.4745 -0.3980
vn 0.8728 0.2389 -0.4257
vn 0.8833 0.2173 -0.4154
vn 0.8693 0.0991 -0.4842
vn 0.9108 0.0692 -0.4069
vn 0.7836 0.3563 -0.5090
vn 0.7147 0.1529 -0.6826
vn 0.7888 0.5351 -0.3023
vn 0.5212 0.8459 -0.1132
vn 0.4448 0.8758 -0.1877
vn 0.1592 0.9868 -0.0283
vn 0.1746 0.9844 0.0215
vn 0.1565 0.9876 -0.0089
vn 0.2639 0.9110 -0.3169
vn 0.1410 0.9553 -0.2599
vn 0.1046 0.8364 -0.5381
vn 0.1671 0.6737 -0.7199
vn 0.0149 0.6388 -0.7692
vn -0.0090 0.4683 -0.8835
vn 0.0211 0.4097 -0.9120
vn -0.0784 0.4882 -0.8692
vn 0.0368 0.1729 -0.9842
vn -0.1015 0.3623 -0.9265
vn -0.2610 0.4513 -0.8534
vn 0.0555 -0.1464 -0.9877
vn 0.1775 0.0364 -0.9834
vn 0.1566 -0.4353 -0.8866
vn 0.0670 -0.9252 -0.3734
vn 0.2955 -0.5872 -0.7535
vn 0.0993 -0.9661 -0.2383
vn 0.0234 -0.9989 -0.0414
vn 0.0881 -0.9659 -0.2434
vn -0.0094 -0.9995 -0.0292
vn -0.0193 -0.9996 0.0184
vn -0.0352 -0.9987 0.0367
vn -0.0102 -0.9957 0.0915
vn 0.0559 -0.9920 0.1131
vn -0.0323 -0.9900 0.1376
vn 0.1197 -0.9738 -0.1934
vn 0.0895 -0.9890 -0.1182
vn -0.0842 -0.9889 0.1225
vn 0.0819 -0.9628 -0.2574
vn 0.3374 -0.5430 -0.7690
vn 0.4118 -0.5599 -0.7189
vn 0.3373 -0.5782 -0.7429
vn 0.4117 0.0603 -0.9093
vn 0.4118 0.0261 -0.9109
vn 0.3749 0.0481 -0.9258
vn 0.3645 0.3620 -0.8580
vn 0.3489 0.4641 -0.8141
vn 0.1792 0.2745 -0.9448
vn 0.2915 0.7561 -0.5860
vn 0.1319 0.9807 -0.1442
vn 0.0850 0.9726 -0.2164
vn 0.2020 0.8361 -0.5100
vn 0.0599 0.9832 -0.1727
vn 0.1721 0.8638 -0.4735
vn 0.3480 0.4588 -0.8175
vn 0.3371 0.8703 -0.3592
vn 0.5052 0.4208 -0.7534
vn 0.5177 0.0148 -0.8554
vn 0.5143 0.4143 -0.7509
vn 0.5489 0.0340 -0.8352
vn 0.4354 -0.6035 -0.6680
vn 0.6061 0.0109 -0.7953
vn 0.4670 -0.6622 -0.5860
vn 0.0556 -0.9964 -0.0634
vn 0.4348 -0.7758 -0.4572
vn 0.0413 -0.9988 -0.0259
vn -0.0067 -0.9999 0.0132
vn -0.0728 -0.9963 0.0459
vn -0.0371 -0.9993 0.0043
vn 0.0144 -0.9999 0.0013
vn 0.0067 -1.0000 0.0017
vn 0.0014 -1.0000 -0.0033
vn -0.0734 -0.9968 -0.0303
vn 0.0009 -1.0000 -0.0092
vn -0.0423 -0.9954 -0.0854
vn 0.0201 -0.9966 -0.0793
vn 0.0100 -0.9999 -0.0046
vn 0.0115 -0.9999 -0.0051
vn 0.0071 -0.9999 -0.0092
vn 0.0127 -0.9999 -0.0059
vn 0.0080 -0.9999 -0.0110
vn -0.0005 -0.9999 -0.0130
vn 0.0172 -0.9997 -0.0185
vn 0.0068 -0.9998 -0.0197
vn -0.0006 -0.9999 -0.0133
vn -0.0082 -0.9999 -0.0075
vn -0.0061 -1.0000 0.0053
vn -0.0005 -1.0000 0.0038
vn 0.1305 -0.9887 -0.0740
vn 0.0960 -0.9948 -0.0330
vn 0.6830 -0.6652 -0.3017
vn 0.6623 -0.7206 -0.2052
vn 0.9198 -0.0350 -0.3908
vn 0.8458 0.0320 -0.5326
vn 0.7080 0.5470 -0.4467
vn 0.6781 -0.5941 -0.4327
vn 0.7089 -0.4950 -0.5024
vn 0.8077 0.1409 -0.5725
vn 0.1766 -0.9760 -0.1272
vn 0.2604 -0.9462 -0.1922
vn 0.3158 -0.9028 -0.2919
vn 0.6839 -0.3685 -0.6297
vn 0.0225 -0.9997 -0.0131
vn 0.0282 -0.9995 -0.0123
vn 0.3528 -0.8570 -0.3755
vn 0.6626 -0.0869 -0.7439
vn 0.6376 -0.2358 -0.7334
vn 0.5932 0.3697 -0.7151
vn 0.6025 0.3218 -0.7304
vn 0.7190 0.2521 -0.6477
vn 0.3472 0.8332 -0.4304
vn 0.4759 0.7717 -0.4218
vn 0.5964 0.6694 -0.4428
vn 0.1328 0.9831 -0.1258
vn 0.1805 0.9718 -0.1514
vn 0.0767 0.9911 -0.1092
vn 0.3007 0.8626 -0.4069
vn 0.0035 0.9953 -0.0973
vn -0.0736 0.9942 -0.0779
vn 0.2397 0.8830 -0.4035
vn 0.5382 0.4070 -0.7380
vn 0.2931 0.8830 -0.3666
vn 0.0756 0.9948 -0.0685
vn 0.0341 0.9910 -0.1296
vn 0.0295 0.9869 -0.1584
vn 0.0580 0.9983 -0.0001
vn 0.0518 0.9972 -0.0547
vn 0.0334 0.9912 -0.1285
vn 0.0298 0.9690 -0.2454
vn -0.0143 0.9264 -0.3763
vn -0.0235 0.9717 -0.2352
vn -0.0666 0.8988 -0.4332
vn -0.0938 0.8806 -0.4645
vn 0.1324 0.9695 -0.2064
vn -0.1131 0.8346 -0.5391
vn 0.1788 0.8601 -0.4778
vn -0.0520 0.8136 -0.5791
vn 0.4482 0.8068 -0.3850
vn -0.0081 -1.0000 -0.0033
vn -0.0095 -0.9998 -0.0192
vn -0.0073 -1.0000 -0.0026
vn -0.1936 0.9432 -0.2701
vn -0.2517 0.9178 -0.3071
vn -0.3213 0.8883 -0.3282
vn -0.4910 0.7084 -0.5070
vn -0.4498 0.7155 -0.5346
vn -0.4015 0.8476 -0.3469
vn -0.5087 0.6584 -0.5547
vn -0.3482 0.7647 -0.5422
vn -0.0501 -0.9962 -0.0706
vn -0.0026 -1.0000 0.0020
vn -0.0072 -0.9978 0.0663
vn 0.0021 -1.0000 0.0024
vn 0.0014 -1.0000 -0.0050
vn 0.0015 -1.0000 -0.0055
vn 0.0018 -1.0000 -0.0035
vn 0.0032 -1.0000 -0.0038
vn 0.0014 -1.0000 -0.0022
vn 0.0031 -1.0000 -0.0027
vn 0.0014 -1.0000 -0.0039
vn -0.0035 -1.0000 -0.0001
vn -0.0249 -0.9991 0.0353
vn -0.2190 -0.9177 0.3315
vn -0.4392 -0.3542 0.8257
vn 0.0010 -1.0000 -0.0036
vn 0.7220 -0.0433 0.6905
vn 0.9826 -0.0872 0.1641
vn 0.8874 -0.4232 0.1830
vn 0.3936 -0.8969 0.2018
vn -0.2977 -0.9477 0.1153
vn -0.3262 -0.8741 0.3599
vn -0.8201 -0.5680 0.0693
vn -0.6904 -0.4895 0.5327
vn -0.9729 -0.1921 0.1287
vn 0.0494 -0.0029 0.9988
vn -0.0242 -0.0082 0.9997
vn -0.1351 -0.0138 0.9907
vn -0.1596 0.8000 -0.5783
vn 0.5750 -0.0338 -0.8174
vn 0.4798 -0.0407 -0.8764
vn 0.3495 -0.0214 -0.9367
vn 0.2089 0.3611 -0.9088
vn 0.9316 0.0235 -0.3628
vn 0.6029 0.7919 0.0974
vn 0.8302 -0.1115 -0.5461
vn 0.9966 0.0699 -0.0441
vn 0.7097 0.6777 0.1923
vn 0.6666 0.7453 -0.0158
vn -0.0853 0.9961 -0.0245
vn -0.0404 0.9989 0.0226
vn 0.1151 -0.0828 0.9899
vn 0.9975 -0.0374 -0.0604
vn 0.9423 -0.0421 -0.3320
vn 0.9462 -0.0144 -0.3231
vn 0.8322 -0.0109 -0.5544
vn 0.8291 0.0193 -0.5588
vn 0.8282 0.0334 -0.5595
vn 0.6600 0.0425 -0.7500
vn 0.6679 0.0479 -0.7427
vn 0.6610 0.1649 -0.7320
vn 0.4874 0.0542 -0.8715
vn 0.4889 0.1767 -0.8543
vn 0.3758 0.6708 -0.6394
vn 0.2548 0.1667 -0.9525
vn 0.2133 0.6476 -0.7315
vn 0.0716 0.9734 -0.2175
vn 0.0837 0.5907 -0.8025
vn 0.0333 0.9656 -0.2578
vn 0.0070 0.9988 -0.0488
vn -0.0836 0.9340 -0.3474
vn -0.0097 0.9988 -0.0486
vn 0.0036 0.9971 -0.0761
vn 0.0190 0.9996 -0.0201
vn 0.0007 1.0000 0.0093
vn -0.0048 0.9999 0.0106
vn -0.0140 0.9999 0.0028
vn -0.0192 0.9998 -0.0010
vn -0.0309 0.9989 0.0349
vn 0.0231 0.9980 0.0587
vn 0.0012 0.9993 0.0362
vn -0.3690 0.0212 0.9292
vn -0.3943 0.0145 0.9188
vn -0.6086 0.0180 0.7932
vn -0.6104 0.0475 0.7906
vn -0.3874 0.0136 0.9218
vn -0.6029 -0.0059 0.7978
vn -0.3769 -0.0133 0.9262
vn -0.6001 0.0025 0.7999
vn -0.3745 -0.0036 0.9272
vn -0.3617 0.0520 0.9308
vn -0.7770 -0.0080 0.6294
vn -0.7864 -0.0091 0.6177
vn -0.8848 -0.0294 0.4650
vn -0.8896 -0.0219 0.4561
vn -0.7651 0.0551 0.6415
vn 0.0022 -1.0000 -0.0043
vn 0.0121 -0.9999 -0.0093
vn 0.0113 -0.9998 -0.0188
vn 0.0541 -0.9976 -0.0429
vn 0.0491 -0.9958 -0.0769
vn 0.6001 -0.3245 -0.7311
vn 0.0418 -0.9991 -0.0116
vn 0.7418 -0.4149 -0.5269
vn 0.4440 0.8289 -0.3402
vn 0.3376 0.8297 -0.4445
vn 0.2124 0.9631 -0.1654
vn 0.1827 0.9525 -0.2435
vn 0.0672 0.9964 -0.0523
vn 0.0665 0.9941 -0.0852
vn 0.0082 0.9999 -0.0076
vn 0.0152 0.9998 -0.0134
vn 0.0005 1.0000 -0.0042
vn -0.0002 1.0000 -0.0061
vn 0.0025 1.0000 -0.0085
vn -0.0008 1.0000 -0.0071
vn 0.0011 1.0000 -0.0050
vn 0.0003 1.0000 -0.0084
vn -0.0005 1.0000 -0.0069
vn -0.0014 1.0000 -0.0071
vn -0.0001 1.0000 -0.0082
vn 0.0013 1.0000 -0.0022
vn 0.0229 0.9997 -0.0069
vn 0.0343 0.9994 0.0040
vn 0.1747 0.9830 0.0565
vn 0.1610 0.9865 0.0285
vn 0.1256 0.9919 -0.0164
vn 0.0268 0.9996 -0.0035
vn 0.0771 0.9968 -0.0231
vn 0.0130 0.9999 -0.0038
vn 0.0241 0.9996 -0.0119
vn -0.0005 1.0000 -0.0004
vn 0.3449 0.9262 -0.1522
vn 0.2214 0.9575 -0.1849
vn 0.1066 0.9774 -0.1825
vn 0.4860 0.7495 -0.4495
vn 0.3085 0.7739 -0.5530
vn 0.1394 0.7702 -0.6224
vn 0.3950 0.5455 -0.7392
vn 0.1828 0.5356 -0.8245
vn -0.0379 0.5137 -0.8571
vn 0.1875 0.5047 -0.8427
vn -0.0449 0.5009 -0.8643
vn -0.2186 0.4778 -0.8508
vn -0.0378 0.5518 -0.8331
vn -0.2234 0.5397 -0.8117
vn -0.4503 0.4728 -0.7574
vn -0.2474 0.5158 -0.8202
vn -0.4810 0.4229 -0.7679
vn -0.6996 0.3246 -0.6365
vn -0.5302 0.1225 -0.8390
vn -0.7430 0.0442 -0.6679
vn -0.8932 -0.0324 -0.4485
vn -0.6768 -0.6575 -0.3312
vn -0.7507 -0.6499 -0.1184
vn -0.5998 -0.5786 -0.5527
vn -0.1764 -0.9692 -0.1719
vn -0.4588 -0.4890 -0.7419
vn -0.1793 -0.9364 -0.3018
vn -0.2652 -0.4593 -0.8478
vn -0.2949 0.1602 -0.9420
vn -0.0235 0.1172 -0.9928
vn -0.0283 0.5337 -0.8452
vn 0.2199 0.4552 -0.8628
vn 0.4290 0.3771 -0.8208
vn 0.1965 0.5075 -0.8390
vn 0.4013 0.4867 -0.7759
vn 0.5830 0.5279 -0.6176
vn 0.6403 0.3476 -0.6849
vn 0.4017 0.5028 -0.7654
vn 0.5921 0.5369 -0.6010
vn 0.7757 0.5174 -0.3613
vn 0.7113 0.6109 -0.3477
vn 0.5876 0.5693 -0.5749
vn 0.7712 0.5165 -0.3721
vn 0.8797 0.4406 -0.1790
vn 0.8865 0.4293 -0.1725
vn 0.6399 0.7036 -0.3091
vn 0.7315 0.6673 -0.1402
vn 0.7587 0.6462 0.0823
vn 0.8795 0.4720 0.0613
vn 0.4282 0.9007 -0.0731
vn 0.4824 0.8731 0.0701
vn 0.4883 0.8515 0.1914
vn 0.7128 0.6465 0.2719
vn 0.6195 0.6668 0.4143
vn 0.6786 0.5872 0.4412
vn 0.7894 0.5464 0.2797
vn 0.4247 0.8579 0.2893
vn 0.3063 0.8840 0.3532
vn 0.4806 0.6927 0.5377
vn 0.1380 0.9860 0.0934
vn 0.5360 0.6060 0.5878
vn 0.3079 0.7104 0.6328
vn 0.3519 0.6079 0.7118
vn 0.3701 0.5784 0.7269
vn 0.5555 0.5757 0.6000
vn 0.1987 0.5734 0.7948
vn 0.2041 0.6202 0.7574
vn 0.3975 0.5529 0.7324
vn 0.0269 0.6070 0.7943
vn 0.0214 0.6743 0.7381
vn 0.2388 0.6181 0.7489
vn -0.1499 0.6570 0.7389
vn 0.7066 0.5499 0.4453
vn 0.8270 0.4918 0.2723
vn 0.8316 0.5531 0.0494
vn 0.9074 0.4184 0.0398
vn 0.7503 0.6476 -0.1330
vn 0.8820 0.4382 -0.1735
vn 0.8169 0.3773 -0.4362
vn -0.0013 1.0000 -0.0050
vn -0.1544 -0.9873 0.0372
vn -0.0471 -0.9989 0.0008
vn -0.0616 -0.9981 0.0062
vn -0.3134 0.5942 -0.7407
vn -0.4280 0.7228 0.5426
vn -0.1686 0.6660 -0.7267
vn -0.2067 0.7632 0.6123
vn 0.0594 0.0053 -0.9982
vn -0.5033 0.8606 0.0779
vn -0.2853 0.9272 -0.2429
vn -0.2822 0.2823 0.9169
vn -0.6812 -0.6330 0.3677
vn 0.9036 0.0115 -0.4282
vn 0.3559 -0.0246 -0.9342
vn -0.2767 -0.0313 -0.9604
vn -0.6518 0.0068 -0.7583
vn -0.1854 -0.0131 -0.9826
vn -0.4725 0.0326 -0.8807
vn -0.8748 0.0078 -0.4845
vn -0.9615 -0.0155 -0.2743
vn -0.0275 0.7098 -0.7039
vn -0.3276 0.5391 -0.7760
vn 0.0359 0.9972 -0.0658
vn -0.9990 -0.0179 0.0405
vn -0.9956 0.0321 0.0876
vn -0.9979 -0.0497 -0.0413
vn -0.9980 -0.0255 0.0576
vn -0.9970 0.0042 0.0777
vn -0.9931 -0.0088 0.1172
vn -0.9953 0.0504 0.0831
vn -0.9863 -0.0175 0.1642
vn -0.7424 0.0041 0.6700
vn -0.7534 -0.0163 0.6573
vn -0.2936 -0.0177 0.9558
vn -0.3310 0.1047 0.9378
vn -0.2245 0.2347 0.9458
vn -0.2128 -0.0383 0.9764
vn -0.3377 0.6743 0.6568
vn -0.1350 0.8566 0.4980
vn 0.5171 -0.0086 0.8559
vn -0.2203 -0.0327 0.9749
vn 0.9924 0.0002 0.1228
vn 0.9974 -0.0117 -0.0717
vn 0.9962 0.0471 -0.0729
vn 0.9901 0.0021 -0.1402
vn 0.7705 0.6330 -0.0747
vn 0.0848 0.9959 -0.0329
vn -0.1461 0.9891 -0.0154
vn -0.1328 0.9907 -0.0297
vn -0.7510 0.6580 0.0556
vn -0.7448 0.6667 0.0290
vn 0.1886 0.7716 -0.6075
vn -0.0292 0.9986 -0.0430
vn -0.1112 0.9859 0.1247
vn -0.3348 0.7513 0.5688
vn -0.4453 0.1913 0.8747
vn -0.4936 0.0495 0.8683
vn -0.4263 -0.0173 0.9044
vn -0.3920 -0.0123 0.9199
vn 0.0705 0.0154 0.9974
vn -0.4169 -0.0397 0.9081
vn -0.4114 -0.0240 0.9112
vn 0.0562 0.0195 0.9982
vn 0.6709 0.0290 0.7410
vn 0.6492 0.0116 0.7605
vn -0.4074 -0.0398 0.9124
vn 0.0525 0.0344 0.9980
vn 0.6896 0.1531 0.7078
vn 0.8379 0.1712 0.5182
vn 0.8614 -0.0054 0.5080
vn 0.4682 0.8276 0.3097
vn 0.9891 -0.0095 -0.1472
vn 0.9771 -0.0192 -0.2118
vn 0.8629 -0.0010 0.5053
vn 0.5034 -0.0094 -0.8640
vn 0.5678 0.0122 -0.8231
vn 0.3717 0.0153 -0.9282
vn 0.3689 0.0288 -0.9290
vn 0.2364 0.0266 -0.9713
vn 0.3426 0.1931 -0.9194
vn -0.4420 0.0143 -0.8969
vn -0.8971 0.0121 -0.4416
vn -0.9750 0.1020 -0.1973
vn -0.9179 0.1728 -0.3571
vn -0.9124 0.1533 0.3795
vn -0.8649 0.1638 0.4744
vn -0.7063 0.5842 -0.3997
vn -0.2059 0.9586 -0.1968
vn -0.4911 0.0027 0.8711
vn -0.4722 0.8070 -0.3546
vn -0.2856 0.8649 -0.4128
vn -0.2323 0.8571 -0.4599
vn 0.0025 0.9999 -0.0109
vn -0.0012 0.9995 -0.0305
vn -0.0230 0.9955 -0.0921
vn -0.1870 0.7859 -0.5895
vn -0.0282 0.9803 -0.1953
vn -0.0090 0.9998 -0.0156
vn -0.0056 0.9998 -0.0194
vn 0.0134 0.9986 -0.0516
vn -0.0054 0.9999 -0.0127
vn 0.0011 0.9998 -0.0215
vn 0.0106 0.9993 -0.0345
vn 0.0433 0.9929 -0.1112
vn 0.0178 0.9990 -0.0416
vn 0.0397 0.9914 -0.1245
vn 0.0110 0.9993 -0.0345
vn 0.0191 0.9964 -0.0821
vn 0.2326 0.8165 -0.5285
vn 0.0242 0.9985 -0.0489
vn 0.3066 0.8427 -0.4424
vn 0.0409 0.9984 -0.0383
vn 0.3230 0.8910 -0.3191
vn 0.6464 0.3963 -0.6520
vn 0.2576 0.9466 -0.1936
vn 0.6908 0.5483 -0.4713
vn 0.1345 0.9874 -0.0833
vn 0.6341 0.7164 -0.2910
vn 0.5240 0.8465 -0.0937
vn 0.0550 0.9984 -0.0127
vn 0.0290 0.9995 0.0107
vn 0.4109 0.9111 0.0317
vn 0.0065 0.9999 -0.0108
vn -0.0108 0.9999 0.0036
vn -0.0081 0.9999 0.0070
vn 0.0154 0.9997 0.0200
vn 0.0777 0.9954 0.0557
vn -0.0101 0.9999 0.0042
vn -0.0047 1.0000 0.0043
vn 0.0076 0.9999 0.0099
vn 0.0144 0.9998 0.0100
vn 0.0425 0.9989 0.0189
vn 0.0020 1.0000 0.0024
vn 0.0082 0.9999 0.0058
vn 0.0170 0.9998 0.0086
vn 0.0221 0.9997 0.0077
vn 0.0050 1.0000 0.0012
vn 0.0108 0.9999 0.0029
vn 0.0199 0.9998 0.0041
vn 0.0260 0.9996 0.0081
vn 0.0199 0.9998 0.0100
vn 0.0138 0.9999 0.0015
vn 0.0057 1.0000 -0.0018
vn 0.0046 1.0000 0.0032
vn 0.0040 0.9999 0.0095
vn 0.0108 0.9996 0.0254
vn -0.0027 0.9997 0.0229
vn -0.0099 1.0000 0.0003
vn -0.0085 1.0000 0.0036
vn -0.0020 1.0000 0.0052
vn 0.0028 1.0000 0.0043
vn 0.0311 0.9992 0.0235
vn -0.0235 0.9997 -0.0006
vn -0.0178 0.9998 -0.0067
vn -0.0098 0.9999 -0.0042
vn -0.0094 0.9999 -0.0053
vn 0.0002 1.0000 -0.0088
vn -0.1948 0.9743 -0.1130
vn -0.0500 0.9978 -0.0425
vn -0.0279 0.9996 -0.0109
vn -0.0356 0.9988 -0.0330
vn -0.0109 0.9997 -0.0203
vn -0.1532 0.9784 -0.1388
vn -0.1629 0.9830 -0.0843
vn -0.1753 0.9719 -0.1574
vn -0.0989 0.9630 -0.2506
vn -0.0202 0.9979 -0.0622
vn -0.5095 0.8134 -0.2809
vn -0.3941 0.8891 -0.2329
vn -0.7004 0.6694 -0.2477
vn -0.7016 0.5952 -0.3918
vn -0.6068 0.7753 -0.1752
vn -0.4845 0.8127 -0.3237
vn -0.1351 0.9878 -0.0779
vn -0.0501 0.9848 -0.1660
vn 0.0629 0.9357 -0.3471
vn 0.1967 0.7352 -0.6487
vn 0.4204 0.8053 -0.4180
vn 0.2011 0.7623 -0.6153
vn 0.1900 0.9626 -0.1932
vn 0.0766 0.9585 -0.2745
vn 0.0042 0.9598 -0.2805
vn 0.0175 0.9979 -0.0620
vn 0.0029 0.9978 -0.0665
vn 0.0077 0.9996 -0.0257
vn -0.0005 0.9995 -0.0306
vn -0.0076 0.9995 -0.0308
vn -0.0003 0.9997 -0.0227
vn -0.0064 0.9997 -0.0231
vn -0.0067 0.9997 -0.0220
vn -0.0052 0.9999 -0.0154
vn -0.0064 0.9998 -0.0201
vn 0.0222 0.9997 -0.0103
vn -0.0075 0.9999 -0.0111
vn 0.0208 0.9992 -0.0330
vn 0.0125 0.9999 0.0013
vn 0.0013 0.9990 -0.0448
vn -0.0235 0.9986 -0.0469
vn -0.0268 0.9996 -0.0052
vn -0.0043 0.9998 -0.0169
vn -0.0275 0.9995 -0.0158
vn -0.0098 0.9999 -0.0100
vn 0.0536 0.9965 0.0642
vn 0.0184 0.9998 -0.0072
vn 0.0379 0.9993 -0.0015
vn 0.3616 0.9267 0.1019
vn 0.3110 0.9497 0.0362
vn 0.2062 0.9750 0.0827
vn 0.8586 0.5017 0.1055
vn 0.7212 0.6369 0.2725
vn 0.4924 0.8464 0.2027
vn 0.9146 0.1891 0.3574
vn 0.8882 0.3563 0.2900
vn 0.4216 0.8242 0.3781
vn 0.1883 0.9430 0.2745
vn 0.2720 0.7741 0.5716
vn 0.0381 0.9967 0.0723
vn 0.0456 0.9716 0.2321
vn 0.2129 0.5464 0.8100
vn -0.0062 0.9999 0.0156
vn 0.0017 0.9989 0.0476
vn 0.0320 0.9236 0.3821
vn -0.0024 1.0000 0.0003
vn 0.0074 0.9999 -0.0085
vn 0.0032 0.9974 0.0717
vn 0.0025 0.9998 -0.0214
vn 0.0080 0.9996 -0.0287
vn 0.0093 0.9997 -0.0245
vn 0.0057 0.9997 -0.0224
vn 0.0097 0.9999 -0.0141
vn 0.0093 0.9997 -0.0220
vn 0.0150 0.9998 -0.0141
vn 0.0141 0.9999 -0.0057
vn 0.0092 0.9999 -0.0054
vn 0.0453 0.9980 -0.0440
vn 0.0487 0.9987 -0.0175
vn 0.0352 0.9991 -0.0242
vn 0.0124 0.9999 -0.0101
vn 0.2164 0.9737 -0.0709
vn 0.1640 0.9850 -0.0540
vn 0.5251 0.8361 -0.1586
vn 0.4686 0.8798 -0.0796
vn 0.5506 0.8295 -0.0937
vn 0.3611 0.9308 -0.0574
vn 0.3149 0.9454 -0.0844
vn 0.4849 0.8597 -0.1605
vn 0.3084 0.9361 -0.1690
vn 0.4040 0.8901 -0.2111
vn 0.1168 0.9922 -0.0439
vn 0.1562 0.9868 -0.0422
vn -0.1800 0.9828 -0.0425
vn -0.6106 0.7844 -0.1094
vn -0.5133 0.8162 -0.2653
vn -0.2319 0.8942 -0.3830
vn -0.3209 0.8929 -0.3158
vn 0.0203 0.9997 -0.0132
vn 0.0061 1.0000 -0.0043
vn 0.0064 1.0000 -0.0046
vn 0.0016 1.0000 -0.0037
vn 0.0057 1.0000 -0.0048
vn 0.0086 0.9999 -0.0090
vn 0.0027 1.0000 -0.0014
vn 0.0029 1.0000 -0.0054
vn 0.0038 0.9998 -0.0213
vn -0.0342 0.9982 0.0499
vn -0.0338 0.9982 0.0498
vn -0.0110 0.9974 0.0711
vn -0.1721 0.9223 0.3461
vn -0.0914 0.8909 0.4450
vn -0.0200 0.8799 0.4748
vn -0.2046 0.3927 0.8966
vn -0.0363 0.3784 0.9249
vn 0.0951 0.4282 0.8986
vn -0.3772 0.4534 0.8076
vn -0.1662 0.9453 0.2806
vn -0.1116 0.9767 0.1835
vn -0.0221 0.9990 0.0379
vn -0.0160 0.9998 0.0091
vn -0.0691 0.9950 0.0719
vn -0.0031 1.0000 -0.0038
vn -0.0075 1.0000 0.0007
vn -0.0092 1.0000 0.0011
vn -0.0005 1.0000 -0.0002
vn -0.0018 1.0000 -0.0011
vn -0.0073 1.0000 0.0011
vn 0.0066 1.0000 -0.0008
vn 0.0041 1.0000 0.0001
vn 0.0005 1.0000 -0.0002
vn -0.0036 1.0000 -0.0028
vn 0.0252 0.9997 -0.0000
vn 0.0161 0.9998 0.0069
vn 0.0075 1.0000 0.0028
vn 0.2031 0.9788 0.0256
vn 0.1478 0.9886 0.0293
vn 0.0053 1.0000 0.0028
vn -0.0014 1.0000 0.0012
vn -0.0048 1.0000 0.0001
vn 0.0055 1.0000 0.0023
vn -0.0015 1.0000 0.0021
vn -0.0050 1.0000 0.0022
vn -0.0068 1.0000 0.0006
vn -0.0044 1.0000 -0.0007
vn 0.0003 1.0000 0.0011
vn -0.0041 1.0000 0.0015
vn -0.0108 0.9999 -0.0017
vn -0.0089 0.9999 -0.0050
vn 0.0024 1.0000 -0.0024
vn -0.0021 1.0000 -0.0009
vn -0.0112 0.9999 -0.0041
vn -0.0143 0.9999 -0.0053
vn -0.0100 0.9999 -0.0055
vn 0.0026 1.0000 -0.0055
vn -0.0063 0.9999 -0.0082
vn -0.0093 0.9999 -0.0070
vn -0.0122 0.9999 -0.0049
vn -0.0276 0.9996 -0.0053
vn -0.0282 0.9994 -0.0181
vn -0.0016 1.0000 -0.0057
vn -0.0027 1.0000 -0.0019
vn -0.0020 1.0000 0.0068
vn -0.0613 0.9979 -0.0184
vn -0.1749 0.9827 -0.0615
vn 0.0022 1.0000 -0.0053
vn 0.0099 1.0000 0.0007
vn -0.0022 0.9999 -0.0102
vn 0.0015 0.9999 -0.0100
vn -0.0078 0.9999 -0.0105
vn -0.0034 1.0000 -0.0081
vn -0.0067 0.9999 -0.0084
vn -0.0059 0.9999 -0.0090
vn -0.0048 1.0000 -0.0054
vn -0.0048 1.0000 -0.0038
vn -0.0024 1.0000 -0.0028
vn -0.0019 0.9999 -0.0126
vn -0.0014 1.0000 -0.0030
vn 0.0024 0.9999 -0.0163
vn 0.0006 1.0000 -0.0049
vn 0.0091 0.9997 -0.0211
vn 0.0057 1.0000 -0.0053
vn 0.0109 0.9997 -0.0212
vn 0.0047 1.0000 -0.0017
vn 0.0040 0.9999 -0.0106
vn 0.0032 0.9998 -0.0186
vn -0.0006 1.0000 -0.0011
vn 0.0066 0.9999 -0.0081
vn -0.0015 1.0000 0.0023
vn 0.0052 1.0000 -0.0043
vn 0.0359 0.9989 -0.0290
vn -0.0055 1.0000 0.0016
vn -0.0025 1.0000 0.0033
vn -0.0018 1.0000 0.0025
vn 0.0009 1.0000 0.0017
vn 0.0037 1.0000 0.0005
vn 0.0065 1.0000 0.0008
vn 0.0025 1.0000 -0.0015
vn 0.0041 1.0000 -0.0011
vn 0.0052 1.0000 -0.0007
vn -0.0048 1.0000 -0.0028
vn -0.0057 1.0000 -0.0024
vn -0.0078 1.0000 -0.0027
vn -0.0180 0.9998 -0.0033
vn -0.0176 0.9998 -0.0031
vn -0.0195 0.9998 -0.0005
vn -0.2242 0.9745 -0.0009
vn -0.0172 0.9998 -0.0035
vn -0.1400 0.9901 0.0137
vn -0.0153 0.9999 -0.0044
vn -0.0048 1.0000 -0.0037
vn -0.0018 1.0000 0.0024
vn -0.0008 1.0000 0.0016
vn 0.0017 1.0000 0.0075
vn 0.0015 1.0000 0.0070
vn -0.0022 1.0000 0.0043
vn -0.0032 1.0000 0.0035
vn -0.0023 0.9999 0.0156
vn -0.0018 1.0000 0.0036
vn -0.0021 0.9999 0.0134
vn -0.0126 0.9957 0.0923
vn 0.0057 0.9937 0.1120
vn -0.0973 0.9154 0.3907
vn 0.0181 0.9088 0.4169
vn -0.1943 0.8269 0.5278
vn -0.0116 0.8754 0.4833
vn -0.1753 0.9242 0.3392
vn 0.0828 0.9223 0.3774
vn 0.0282 0.9962 0.0819
vn 0.0499 0.9977 0.0455
vn 0.2398 0.9272 0.2877
vn 0.0291 0.9992 0.0269
vn 0.0043 1.0000 0.0004
vn 0.0039 1.0000 -0.0008
vn 0.0180 0.9994 0.0298
vn 0.0073 1.0000 0.0043
vn -0.0012 1.0000 -0.0017
vn -0.0016 1.0000 -0.0043
vn 0.0055 0.9999 0.0105
vn -0.0011 1.0000 0.0016
vn -0.0036 1.0000 -0.0056
vn -0.0016 1.0000 -0.0066
vn -0.0010 1.0000 -0.0071
vn 0.0006 1.0000 -0.0077
vn 0.0050 1.0000 -0.0012
vn 0.0003 1.0000 -0.0045
vn 0.0048 1.0000 -0.0012
vn 0.0323 0.9994 0.0145
vn 0.0274 0.9993 0.0268
vn 0.2630 0.9320 0.2494
vn 0.0232 0.9997 0.0014
vn 0.3034 0.9510 0.0599
vn 0.8167 0.5531 0.1645
vn 0.4931 0.6245 0.6056
vn 0.9499 0.2710 0.1556
vn 0.5471 0.5091 0.6644
vn 0.9653 0.2223 0.1372
vn 0.6577 0.4195 0.6257
vn -0.0237 0.4823 0.8757
vn 0.7445 0.2158 0.6318
vn 0.0501 0.3262 0.9440
vn -0.3010 0.3062 0.9031
vn -0.3027 0.4875 0.8190
vn 0.1875 0.0901 0.9781
vn -0.2879 0.0880 0.9536
vn -0.6992 0.0924 0.7089
vn -0.2714 -0.1839 0.9447
vn -0.6993 -0.1184 0.7049
vn -0.9474 -0.0454 0.3168
vn -0.9700 0.0241 0.2420
vn -0.7302 -0.2619 0.6311
vn -0.9542 -0.0999 0.2819
vn -0.1686 -0.3349 0.9271
vn 0.3756 -0.1458 0.9152
vn 0.5391 -0.1833 0.8221
vn 0.7444 -0.2328 0.6259
vn 0.8528 -0.0624 0.5184
vn 0.8657 -0.0384 0.4991
vn 0.9242 -0.0705 0.3755
vn 0.8649 -0.2238 0.4493
vn 0.8871 -0.1108 0.4481
vn 0.9504 -0.0235 0.3101
vn 0.9583 0.0499 0.2815
vn 0.8740 -0.0259 0.4853
vn 0.9571 0.0573 0.2840
vn 0.9699 0.0422 0.2400
vn 0.9609 0.0932 0.2608
vn 0.9239 0.2342 0.3027
vn 0.9508 0.1737 0.2565
vn 0.9830 0.0494 0.1766
vn 0.9710 0.0790 0.2258
vn 0.9149 0.2145 0.3419
vn 0.9890 0.0512 0.1387
vn 0.9719 0.1251 0.1992
vn 0.9728 0.1489 0.1774
vn 0.9702 0.1809 0.1610
vn 0.9904 0.0855 0.1090
vn 0.9808 0.1946 0.0121
vn 0.9887 0.1456 0.0356
vn 0.9272 0.1541 -0.3415
vn 0.9522 0.2086 -0.2233
vn 0.9734 0.1636 -0.1604
vn 0.5014 0.2970 -0.8126
vn 0.5553 0.1597 -0.8162
vn -0.3249 0.2283 -0.9178
vn -0.3044 0.1074 -0.9465
vn -0.8158 0.0881 -0.5716
vn -0.8356 0.0555 -0.5465
vn -0.9761 0.0121 -0.2171
vn -0.9888 0.0261 -0.1473
vn -0.9518 0.3021 -0.0525
vn -0.9878 0.0429 -0.1494
vn -0.9482 0.2770 -0.1555
vn -0.6017 0.7870 -0.1362
vn -0.5579 0.8249 0.0915
vn -0.9751 0.1898 -0.1145
vn -0.7262 0.6872 0.0189
vn -0.9915 0.1281 0.0223
vn -0.8070 0.5181 0.2833
vn -0.9910 0.1235 0.0519
vn -0.9976 0.0132 -0.0680
vn -0.9994 0.0251 -0.0226
vn -0.9991 0.0400 -0.0145
vn -0.9920 0.1257 0.0129
vn -0.9982 0.0276 0.0537
vn -0.9948 0.0891 0.0504
vn -0.8173 -0.0436 0.5746
vn -0.8316 0.0399 0.5540
vn -0.8571 0.0879 0.5076
vn 0.1233 0.0032 0.9924
vn 0.0579 0.0486 0.9971
vn -0.0067 0.1336 0.9910
vn -0.1300 0.5935 0.7943
vn 0.8500 0.1417 0.5073
vn 0.8592 0.0626 0.5077
vn 0.1830 -0.0949 0.9785
vn -0.9996 0.0005 -0.0269
vn -0.9987 0.0090 -0.0500
vn -0.9982 0.0270 -0.0532
vn -0.9999 -0.0129 -0.0066
vn -0.9959 0.0046 -0.0906
vn -0.9950 0.0300 -0.0949
vn -0.9909 0.0161 -0.1333
vn -0.9918 0.0283 -0.1247
vn -0.9871 0.0933 -0.1299
vn -0.4655 0.8292 -0.3095
vn -0.9880 0.0232 -0.1528
vn -0.9892 0.0247 -0.1442
vn -0.9653 0.0099 -0.2611
vn -0.8516 0.0284 -0.5234
vn -0.4368 0.0984 -0.8941
vn -0.4699 -0.2136 -0.8565
vn -0.5167 -0.2467 -0.8199
vn 0.4190 0.1331 -0.8982
vn 0.3398 -0.2855 -0.8961
vn 0.2008 -0.3897 -0.8988
vn 0.0935 -0.1058 -0.9900
vn -0.6058 -0.0192 -0.7954
vn 0.8747 -0.1775 -0.4509
vn 0.7726 -0.3365 -0.5383
vn 0.6875 -0.0956 -0.7199
vn 0.5767 0.1323 -0.8062
vn -0.0462 0.1524 -0.9872
vn 0.9568 -0.2266 -0.1819
vn 0.9529 -0.0724 -0.2947
vn 0.9447 0.0631 -0.3220
vn 0.9376 0.1206 -0.3263
vn 0.9951 -0.0875 -0.0453
vn 1.0000 0.0031 0.0027
vn 0.9987 0.0434 0.0272
vn 0.9977 -0.0109 0.0671
vn 0.9964 0.0384 0.0756
vn 0.9842 0.1600 0.0760
vn 0.9691 0.2373 0.0676
vn 0.9947 0.0412 0.0943
vn 0.9815 0.1810 0.0628
vn 0.9718 0.2309 0.0484
vn 0.7556 0.6542 0.0326
vn 0.7067 0.7053 0.0561
vn 0.1352 0.9907 0.0163
vn 0.2008 0.9796 -0.0025
vn 0.0114 0.9999 -0.0011
vn 0.0031 1.0000 -0.0005
vn 0.9837 0.0627 0.1685
vn 0.9947 -0.0098 0.1028
vn 0.9847 0.0041 0.1740
vn 0.8326 0.0574 0.5509
vn 0.9661 -0.1057 0.2356
vn 0.8781 -0.0846 0.4710
vn 0.9277 -0.0385 0.3713
vn 0.9862 -0.1243 0.1090
vn 0.9867 -0.0311 0.1595
vn 0.9642 0.1629 0.2093
vn 0.9217 0.0867 0.3781
vn 0.9977 -0.0622 0.0266
vn 0.9790 0.1443 0.1440
vn 0.9910 -0.1335 0.0078
vn 0.9868 0.0832 0.1390
vn 0.9971 -0.0316 -0.0694
vn 0.9935 -0.1124 0.0167
vn -0.7203 0.1082 -0.6851
vn -0.9896 0.0389 -0.1381
vn -0.7653 0.6427 -0.0342
vn -0.7282 0.6826 -0.0612
vn -0.9964 0.0389 -0.0748
vn -0.6958 0.7106 -0.1042
vn -0.9973 0.0502 -0.0540
vn 0.3399 0.9395 -0.0418
vn 0.4106 0.9116 -0.0209
vn 0.9953 0.0963 0.0120
vn 0.9810 0.1150 0.1564
vn 0.9129 0.1428 0.3824
vn 0.9125 -0.3365 0.2326
vn 0.8249 -0.2806 0.4907
vn 0.7366 -0.2557 0.6261
vn 0.8062 0.1017 0.5828
vn 0.5881 -0.2513 0.7688
vn 0.7150 -0.2324 0.6594
vn 0.5162 -0.1469 0.8438
vn -0.1474 -0.1550 0.9769
vn -0.0544 -0.2900 0.9555
vn -0.5913 -0.1852 0.7849
vn -0.5603 -0.2560 0.7878
vn -0.6485 -0.2068 0.7326
vn -0.6379 -0.2173 0.7388
vn -0.7619 -0.2970 0.5756
vn -0.8242 -0.1483 0.5465
vn -0.8448 -0.4436 0.2992
vn -0.9844 -0.0598 0.1658
vn -0.6083 0.7932 -0.0282
vn -0.9997 0.0202 -0.0108
vn -0.4753 0.8751 -0.0916
vn 0.3433 0.9390 -0.0230
vn 0.2516 0.9668 -0.0442
vn 0.9651 0.2613 0.0187
vn 0.9088 0.4150 0.0428
vn 0.9977 0.0024 0.0684
vn 0.9907 0.0417 0.1293
vn 0.9929 -0.0299 0.1149
vn 0.9800 0.0064 0.1989
vn 0.8161 0.0079 0.5778
vn 0.2474 -0.0025 0.9689
vn 0.9689 -0.0233 0.2462
vn 0.7520 -0.1593 0.6397
vn 0.0617 -0.2682 0.9614
vn -0.6209 -0.2005 0.7578
vn -0.4213 0.0372 0.9062
vn 0.6902 -0.2282 0.6867
vn -0.1153 -0.3881 0.9144
vn -0.7565 -0.2830 0.5897
vn -0.9398 -0.1410 0.3112
vn -0.9270 -0.1252 0.3535
vn -0.1691 -0.3857 0.9070
vn -0.7954 -0.2693 0.5430
vn -0.9718 -0.0857 0.2195
vn -0.9914 0.0813 0.1022
vn -0.9746 -0.0406 0.2203
vn -0.8000 -0.2133 0.5608
vn -0.9824 0.0095 0.1864
vn -0.9922 0.1250 0.0021
vn -0.9857 0.1503 -0.0762
vn -0.9731 0.2235 -0.0566
vn -0.9700 0.1487 0.1926
vn -0.8458 -0.1254 0.5186
vn -0.8851 -0.0081 0.4653
vn -0.9656 0.2271 0.1270
vn -0.1460 -0.4139 0.8986
vn -0.1779 -0.2527 0.9510
vn 0.7304 -0.2601 0.6315
vn 0.7754 -0.1391 0.6160
vn 0.9685 -0.0085 0.2488
vn 0.9763 0.0655 0.2061
vn 0.9858 0.0570 0.1577
vn 0.9774 0.1353 0.1626
vn 0.9909 0.0652 0.1176
vn 0.9731 0.1755 0.1496
vn 0.9936 0.0471 0.1028
vn 0.9678 0.1764 0.1794
vn 0.8109 0.5397 0.2264
vn 0.9605 0.1784 0.2136
vn 0.6665 0.6044 0.4363
vn 0.9486 0.2525 0.1908
vn 0.5027 0.6611 0.5569
vn -0.4311 0.5833 0.6884
vn -0.9434 0.1524 0.2944
vn -0.9791 0.0831 -0.1856
vn -0.9987 0.0428 -0.0291
vn -0.9799 0.1272 -0.1539
vn -0.9904 0.0797 -0.1132
vn -0.9899 0.1071 -0.0929
vn -0.9802 0.1324 -0.1475
vn -0.9564 0.2266 -0.1844
vn -0.9544 0.0176 -0.2979
vn -0.9335 0.1238 -0.3366
vn -0.9919 0.1021 -0.0762
vn -0.9389 -0.0527 -0.3402
vn -0.9838 -0.1325 -0.1206
vn -0.9810 -0.1436 0.1302
vn -0.9964 -0.0338 -0.0777
vn -0.9992 -0.0216 0.0338
vn -0.9087 0.0309 0.4163
vn -0.9971 0.0311 -0.0694
vn -0.9546 0.0304 -0.2962
vn -0.9705 -0.0002 -0.2413
vn -0.7125 0.0795 -0.6972
vn -0.4958 0.1241 -0.8595
vn -0.8563 -0.0373 -0.5152
vn -0.7392 -0.1951 -0.6445
vn -0.9467 -0.0886 -0.3096
vn -0.7133 -0.1144 -0.6914
vn -0.9817 0.1068 -0.1576
vn -0.8396 0.2157 -0.4985
vn -0.2767 0.3487 -0.8954
vn -0.0874 0.0186 -0.9960
vn -0.8907 0.2963 -0.3447
vn -0.4231 0.5680 -0.7060
vn 0.4675 0.5548 -0.6882
vn 0.5132 0.3135 -0.7990
vn -0.8863 0.3053 -0.3483
vn 0.9246 0.1639 -0.3438
vn 0.8489 0.3067 -0.4303
vn 0.5554 0.1762 -0.8127
vn 0.9353 0.2356 -0.2640
vn 0.9977 0.0662 -0.0118
vn 0.9920 0.1116 -0.0598
vn 0.9920 0.1261 0.0088
vn 0.9977 0.0375 0.0557
vn 0.9976 0.0395 0.0561
vn 0.8917 0.4178 0.1742
vn 0.9968 0.0423 0.0683
vn 0.9851 0.1424 0.0967
vn 0.9905 0.1281 0.0505
vn 0.9959 0.0217 0.0877
vn 0.9958 0.0446 0.0798
vn 0.9946 0.0486 0.0917
vn 0.9896 0.0398 0.1382
vn 0.9613 -0.0194 0.2747
vn 0.9624 0.0030 0.2715
vn 0.6639 -0.2158 0.7160
vn 0.9674 -0.0130 0.2530
vn 0.6846 -0.2442 0.6868
vn -0.1463 -0.3976 0.9058
vn 0.7820 0.5839 0.2182
vn 0.8409 0.5406 0.0254
vn 0.8898 0.4255 -0.1649
vn 0.2192 0.9753 -0.0283
vn 0.3182 0.8994 -0.2996
vn 0.3207 0.6987 -0.6395
vn -0.0801 0.9507 -0.2995
vn -0.1228 0.7543 -0.6450
vn 0.0119 0.9617 -0.2739
vn -0.0088 0.7599 -0.6500
vn 0.0532 0.9646 -0.2585
vn 0.1177 0.7617 -0.6372
vn 0.1484 0.3600 -0.9211
vn 0.3284 0.7443 -0.5815
vn 0.4356 0.3313 -0.8369
vn 0.4241 0.0432 -0.9046
vn 0.1335 0.0546 -0.9895
vn 0.4022 -0.1062 -0.9094
vn 0.1117 -0.1190 -0.9866
vn 0.3830 -0.2187 -0.8975
vn 0.0634 -0.2684 -0.9612
vn -0.2258 -0.4473 -0.8654
vn -0.3437 -0.5458 -0.7641
vn -0.6301 -0.6773 -0.3798
vn -0.8225 -0.5644 -0.0700
vn -0.8277 -0.5587 -0.0534
vn -0.8211 -0.5630 0.0944
vn -0.9126 -0.3979 0.0943
vn -0.9146 0.3879 -0.1139
vn -0.2861 0.9580 -0.0209
vn 0.5625 0.8264 0.0258
vn -0.9192 -0.2590 0.2967
vn -0.8144 -0.1379 0.5636
vn -0.6802 -0.0469 0.7315
vn -0.6021 0.0263 0.7980
vn -0.5306 0.2572 0.8077
vn -0.2092 0.1252 0.9698
vn -0.1888 0.4023 0.8959
vn -0.1217 0.5796 0.8058
vn -0.3939 0.4806 0.7835
vn -0.0609 0.8205 0.5684
vn -0.2171 0.8035 0.5544
vn -0.0202 0.9838 0.1779
vn -0.0547 0.9846 0.1660
vn -0.1640 0.9702 0.1783
vn 0.0058 0.9985 -0.0550
vn -0.0656 0.9958 -0.0633
vn 0.0847 0.9616 0.2611
vn 0.0093 0.9982 -0.0598
vn 0.0454 0.9765 0.2109
vn 0.0806 0.9943 -0.0703
vn 0.1747 0.9536 -0.2454
vn 0.2687 0.9603 -0.0750
vn 0.4246 0.8763 -0.2276
vn 0.6717 0.5993 -0.4354
vn 0.7967 0.2104 -0.5665
vn 0.8114 -0.0099 -0.5844
vn 0.9705 -0.1544 -0.1850
vn 0.8019 -0.1261 -0.5840
vn 0.9508 -0.2660 -0.1591
vn 0.7921 -0.2489 -0.5573
vn 0.9215 -0.3734 -0.1074
vn 0.9596 -0.2762 0.0544
vn 0.9246 -0.3762 0.0600
vn 0.9743 0.2200 -0.0476
vn 0.2149 0.9765 0.0154
vn 0.9229 -0.2983 0.2435
vn 0.9816 -0.1871 0.0379
vn 0.9491 -0.2276 0.2178
vn 0.8169 -0.2316 0.5282
vn 0.8019 -0.2985 0.5175
vn 0.6851 -0.1121 0.7198
vn 0.6199 0.0508 0.7830
vn 0.3140 0.3115 0.8969
vn 0.4349 0.0804 0.8969
vn 0.4815 0.2905 0.8269
vn 0.1707 0.5169 0.8388
vn 0.3089 0.6796 0.6654
vn 0.0801 0.7812 0.6191
vn 0.2011 0.9530 0.2265
vn 0.4152 0.8970 -0.1517
vn -0.9895 0.0286 -0.1418
vn 0.0002 1.0000 -0.0051
vn -0.6655 0.6785 -0.3111
vn -0.7305 0.5992 -0.3276
vn -0.2503 0.9619 -0.1097
vn -0.7855 0.5835 -0.2061
vn -0.4002 0.9105 -0.1044
vn -0.0328 0.9993 -0.0158
vn -0.0778 0.9969 -0.0130
vn 0.0141 0.9999 -0.0048
vn -0.1496 0.9886 0.0179
vn 0.0239 0.9997 -0.0051
vn 0.0092 1.0000 -0.0018
vn 0.0196 0.9998 0.0006
vn 0.0046 1.0000 -0.0021
vn -0.0052 1.0000 -0.0029
vn -0.0034 1.0000 0.0017
vn -0.0025 1.0000 0.0069
vn -0.0265 0.9995 0.0174
vn -0.2448 0.9600 0.1362
vn -0.3138 0.9244 0.2166
vn -0.3534 0.8758 0.3289
vn -0.7268 0.4922 0.4791
vn -0.7213 0.5685 0.3956
vn -0.2009 0.9763 0.0810
vn 0.9761 -0.2152 -0.0287
vn 0.9728 -0.2265 0.0493
vn 0.9734 -0.2023 -0.1078
vn 0.8783 0.3681 0.3052
vn 0.7955 -0.5887 -0.1432
vn 0.8824 -0.4666 -0.0604
vn 0.8863 -0.4593 -0.0588
vn 0.6403 -0.5166 0.5684
vn 0.8136 -0.5515 0.1843
vn 0.8891 -0.4542 -0.0571
vn 0.6491 -0.4865 0.5848
vn 0.6645 -0.4652 0.5848
vn 0.9443 -0.3278 -0.0287
vn 0.9786 -0.2045 -0.0231
vn 0.6559 -0.4275 0.6221
vn 0.3912 0.1160 -0.9130
vn 0.2506 -0.6948 0.6742
vn -0.2074 -0.4695 -0.8582
vn -0.2172 -0.0690 -0.9737
vn 0.9082 -0.4182 0.0145
vn 0.3587 0.4195 -0.8339
vn 0.7319 0.4848 -0.4788
vn 0.7405 -0.3885 0.5485
vn 0.6387 -0.3648 0.6775
vn 0.9911 -0.1083 -0.0776
vn 0.9924 0.0449 -0.1144
vn 0.9740 -0.1929 0.1189
vn 0.3356 -0.3376 0.8795
vn -0.9307 0.2953 -0.2158
vn -0.9361 0.2480 -0.2493
vn -0.9193 0.2320 -0.3180
vn -0.8671 -0.3938 0.3051
vn -0.9369 0.3445 -0.0595
vn -0.9180 -0.3865 0.0890
vn -0.5948 -0.1761 0.7844
vn -0.9628 0.2687 -0.0298
vn -0.9280 0.3390 -0.1545
vn -0.9370 0.3170 -0.1467
vn 0.3223 0.7973 -0.5104
vn -0.6880 0.6441 -0.3344
vn -0.9623 -0.1343 0.2365
vn 0.9890 -0.1302 0.0698
vn 0.9354 0.0493 0.3503
vn 0.4377 0.8625 0.2540
vn 0.4776 0.7308 0.4877
vn 0.0505 0.3638 0.9301
vn 0.6658 0.5601 0.4930
vn 0.0560 0.4085 0.9110
vn 0.7925 0.4292 0.4332
vn 0.1527 0.3681 0.9172
vn 0.7951 0.4831 0.3667
vn -0.7743 -0.0137 0.6327
vn -0.9475 -0.2100 0.2411
vn -0.9543 -0.2839 0.0931
vn -0.9403 -0.3360 0.0535
vn -0.8119 -0.5778 0.0828
vn -0.7864 -0.5895 0.1845
vn -0.7997 -0.5857 0.1318
vn -0.9396 -0.3377 0.0562
vn -0.9069 -0.3592 0.2204
vn -0.6573 -0.6388 0.4000
vn -0.9302 -0.3640 0.0464
vn -0.9780 -0.1327 0.1611
vn -0.9040 -0.4256 0.0404
vn -0.6647 -0.7470 0.0132
vn -0.0031 -1.0000 0.0005
vn -0.7670 -0.6353 0.0898
vn 0.6251 -0.7505 0.2145
vn 0.9389 -0.1562 0.3066
vn -0.9454 -0.3191 0.0669
vn -0.7289 -0.6621 0.1743
vn -0.7575 -0.6352 0.1507
vn -0.9498 -0.3080 0.0557
vn -0.9505 -0.3057 0.0553
vn -0.9525 -0.2979 0.0630
vn -0.9634 -0.2651 0.0389
vn -0.6191 -0.7567 0.2100
vn -0.6582 -0.7232 0.2092
vn -0.9755 -0.2200 0.0052
vn -0.9804 -0.1969 -0.0071
vn -0.9751 -0.2210 0.0203
vn -0.9830 -0.1832 0.0139
vn -0.9852 -0.1716 -0.0065
vn -0.9873 -0.1348 0.0838
vn 0.1146 -0.9594 0.2579
vn -0.0800 -0.9797 0.1837
vn -0.4222 -0.8984 0.1207
vn -0.8382 -0.5235 -0.1530
vn -0.9027 -0.3818 -0.1981
vn -0.9802 -0.1357 -0.1442
vn -0.7176 -0.6905 0.0902
vn -0.9905 0.0403 -0.1318
vn -0.8837 -0.4679 0.0109
vn -0.9792 0.1684 -0.1135
vn -0.9878 -0.0157 -0.1548
vn -0.9920 -0.0703 -0.1051
vn -0.9932 -0.0594 0.0997
vn -0.8989 0.3967 -0.1858
vn -0.9591 0.2830 0.0068
vn -0.9057 0.4164 -0.0794
vn -0.9708 0.2387 0.0252
vn -0.9690 0.2211 0.1100
vn -0.8456 0.4958 -0.1976
vn -0.8484 0.5071 -0.1516
vn -0.7973 0.5797 -0.1684
vn -0.9545 0.2626 -0.1414
vn -0.9646 0.2541 -0.0711
vn -0.8956 0.4400 -0.0657
vn -0.5898 0.7640 -0.2615
vn -0.5907 0.7773 -0.2163
vn -0.8555 0.5173 -0.0211
vn -0.3177 0.8862 -0.3372
vn -0.0350 0.9011 -0.4323
vn 0.3020 0.7982 -0.5212
vn -0.8012 -0.5621 -0.2050
vn -0.8361 -0.4732 -0.2774
vn 0.2973 -0.2005 -0.9335
vn 0.9554 0.2823 0.0865
vn 0.6780 0.7266 0.1111
vn -0.6884 0.7181 -0.1021
vn -0.8970 -0.4171 -0.1462
vn -0.0904 -0.9661 0.2420
vn -0.1610 -0.9804 0.1139
vn 0.8633 -0.5016 -0.0564
vn 0.2326 -0.9537 0.1906
vn -0.7941 0.0207 -0.6074
vn -0.9069 0.0485 -0.4186
vn -0.9252 0.0331 -0.3781
vn 0.9419 0.2182 0.2554
vn 0.8565 0.5095 0.0820
vn -0.6456 0.6819 0.3439
vn 0.6065 0.7876 -0.1089
vn 0.7667 0.6417 -0.0199
vn 0.9648 0.2558 0.0607
vn 0.9878 0.1266 0.0903
vn 0.7428 -0.6405 0.1947
vn 0.8387 -0.4987 0.2187
vn 0.9969 -0.0072 0.0785
vn 0.7269 -0.6565 0.2016
vn -0.2184 -0.9555 0.1980
vn -0.1799 -0.9547 0.2369
vn -0.5160 -0.8309 0.2082
vn -0.5081 -0.8270 0.2405
vn -0.1110 -0.9401 0.3222
vn -0.5447 -0.8211 0.1707
vn -0.7932 -0.5894 0.1532
vn -0.7374 -0.6354 0.2293
vn -0.5420 -0.8351 0.0937
vn -0.6686 -0.7063 0.2327
vn -0.9983 -0.0302 0.0489
vn -0.3843 0.9089 -0.1615
vn 0.6309 0.7607 -0.1529
vn 0.7722 0.6336 -0.0486
vn -0.6136 -0.7298 0.3013
vn -0.5256 -0.7900 0.3157
vn -0.0897 -0.8996 0.4275
vn -0.5032 -0.7536 0.4229
vn 0.8436 -0.4610 0.2753
vn 0.9992 -0.0286 0.0272
vn 0.9832 -0.1536 -0.0983
vn 0.9932 -0.1120 0.0327
vn 0.9915 -0.0670 0.1119
vn 0.7147 -0.4714 0.5167
vn -0.5979 0.6620 0.4520
vn -0.9991 0.0359 -0.0221
vn -0.9990 0.0443 0.0009
vn -0.9992 0.0382 0.0063
vn -0.9977 -0.0236 -0.0629
vn -0.9960 0.0599 0.0659
vn -0.9998 0.0175 -0.0020
vn -0.9508 0.3069 0.0421
vn 0.0593 -0.1465 0.9874
vn -0.5479 0.6423 0.5359
vn -0.0541 0.9920 -0.1137
vn 0.2464 0.4991 0.8307
vn -0.0186 0.9383 -0.3453
vn 0.9597 0.2752 0.0564
vn -0.6093 0.1218 0.7836
vn 0.8555 0.5043 -0.1178
vn 0.7890 -0.6111 -0.0634
vn 0.8513 0.5067 -0.1363
vn 0.8371 -0.5467 -0.0215
vn 0.8280 0.5607 -0.0053
vn -0.3934 -0.8622 0.3190
vn -0.3812 -0.8785 0.2878
vn 0.3476 -0.9376 -0.0005
vn 0.9302 0.1260 -0.3447
vn 0.4816 -0.8180 -0.3146
vn 0.7423 0.4495 -0.4970
vn 0.4569 0.8296 -0.3211
vn 0.4697 0.8306 -0.2991
vn 0.4159 0.8681 -0.2709
vn 0.3619 0.9003 -0.2420
vn 0.3335 0.9195 -0.2079
vn 0.6477 -0.7521 0.1216
vn 0.9563 -0.2427 -0.1629
vn 0.4935 -0.8584 0.1403
vn -0.2859 -0.8980 0.3346
vn -0.3683 -0.8608 0.3512
vn -0.4496 -0.8306 0.3285
vn -0.1920 -0.9342 0.3008
vn -0.3445 -0.8992 0.2699
vn 0.3993 0.8912 -0.2151
vn -0.2818 0.9573 -0.0648
vn -0.6740 0.7365 0.0566
vn 0.0035 0.9970 -0.0769
vn -0.0578 0.9902 -0.1270
vn 0.0098 0.9856 -0.1687
vn 0.5754 0.7786 -0.2505
vn 0.6119 0.7661 -0.1966
vn 0.7554 0.6151 -0.2257
vn 0.7635 0.6071 -0.2202
vn 0.6140 0.7568 -0.2240
vn 0.7604 0.6116 -0.2187
vn 0.9853 0.1537 -0.0741
vn 0.9474 0.2909 -0.1339
vn 0.9937 0.1057 0.0369
vn 0.5396 -0.7563 0.3699
vn 0.6801 -0.6823 0.2683
vn 0.1851 -0.9006 0.3933
vn 0.8482 -0.4910 0.1988
vn 0.9020 0.4075 -0.1426
vn 0.8547 0.4888 -0.1748
vn 0.7525 0.6185 -0.2262
vn 0.7240 0.6663 -0.1786
vn 0.5846 0.7703 -0.2546
vn -0.0977 0.9768 -0.1904
vn 0.6052 0.6595 -0.4459
vn 0.7840 -0.0473 0.6190
vn 0.2044 0.7900 0.5780
vn 0.1415 0.6356 0.7590
vn -0.3063 -0.5160 0.8000
vn -0.5657 -0.3470 0.7480
vn 0.0269 0.5873 0.8089
vn -0.0137 -0.4182 0.9082
vn 0.3255 0.4832 0.8128
vn 0.8090 0.4821 0.3362
vn 0.9437 0.3251 0.0606
vn 0.8471 -0.1643 0.5053
vn 0.0046 0.2805 0.9599
vn 0.4445 -0.8940 0.0568
vn -0.1796 -0.8421 0.5085
vn -0.7219 0.6377 0.2687
vn 0.5319 0.7886 0.3084
s 1
f 1//1 2//2 554//3 555//4
f 1//1 555//4 3//5 556//6
f 1//1 556//6 557//7 2//2
f 2//2 557//7 558//8 554//3
f 3//5 4//9 560//10 561//11
f 3//5 561//11 559//12 556//6
f 3//5 6//13 562//14 4//9
f 3//5 555//4 563//15 564//16
f 3//5 564//16 5//17 6//13
f 4//9 565//18 566//19 560//10
f 4//9 567//20 13//21 565//18
f 4//9 11//22 568//23 567//20
f 4//9 562//14 569//24 11//22
f 5//17 564//16 9//25 570//26
f 5//17 571//27 12//28 6//13
f 5//17 570//26 572//29 573//30
f 5//17 574//31 10//32 571//27
f 6//13 12//28 16//33 13//21
f 6//13 13//21 567//20 562//14
f 7//34 575//35 576//36 577//37
f 7//34 578//38 579//39 580//40
f 7//34 577//37 581//41 578//38
f 7//34 580//40 582//42 583//43
f 7//34 8//44 584//45 575//35
f 7//34 585//46 586//47 8//44
f 7//34 583//43 587//48 585//46
f 8//44 588//49 9//25 584//45
f 8//44 586//47 589//50 17//51
f 8//44 17//51 590//52 588//49
f 9//25 588//49 591//53 592//54
f 9//25 564//16 563//15 584//45
f 9//25 592//54 593//55 570//26
f 10//32 594//56 595//57 571//27
f 10//32 574//31 593//55 592//54
f 10//32 592//54 591//53 596//58
f 10//32 596//58 597//59 594//56
f 11//22 569//24 598//60 599//61
f 11//22 599//61 15//62 600//63
f 11//22 600//63 601//64 568//23
f 5//17 573//30 602//65 12//28
f 5//17 12//28 603//66 574//31
f 12//28 571//27 595//57 14//67
f 12//28 602//65 604//68 16//33
f 13//21 605//69 606//70 565//18
f 13//21 16//33 607//71 605//69
f 14//67 595//57 20//72 608//73
f 14//67 608//73 609//74 610//75
f 12//28 14//67 21//76 603//66
f 15//62 599//61 611//77 612//78
f 15//62 613//79 614//80 600//63
f 15//62 612//78 615//81 616//82
f 15//62 616//82 617//83 613//79
f 16//33 604//68 24//84 618//85
f 16//33 618//85 619//86 607//71
f 17//51 620//87 621//88 590//52
f 17//51 622//89 623//90 620//87
f 17//51 589//50 624//91 622//89
f 18//92 625//93 579//39 626//94
f 18//92 626//94 627//95 25//96
f 18//92 25//96 27//97 625//93
f 19//98 628//99 625//93 27//97
f 19//98 629//100 630//101 628//99
f 19//98 27//97 35//102 629//100
f 20//72 595//57 594//56 631//103
f 632//104 633//105 634//106 635//107
f 632//104 635//107 606//70 605//69
f 20//72 631//103 632//104 605//69
f 20//72 605//69 607//71 636//108
f 20//72 636//108 637//109 608//73
f 21//76 638//110 639//111 603//66
f 21//76 640//112 641//113 638//110
f 21//76 642//114 643//115 640//112
f 21//76 14//67 610//75 642//114
f 22//116 644//117 645//118 30//119
f 22//116 646//120 611//77 644//117
f 22//116 30//119 647//121 43//122
f 23//123 31//124 49//125 648//126
f 23//123 648//126 649//127 646//120
f 23//123 43//122 650//128 31//124
f 24//84 609//74 608//73 637//109
f 24//84 651//129 652//130 618//85
f 24//84 637//109 653//131 651//129
f 24//84 604//68 36//132 609//74
f 25//96 654//133 655//134 27//97
f 25//96 656//135 657//136 654//133
f 25//96 627//95 658//137 656//135
f 26//138 659//139 660//140 661//141
f 26//138 661//141 662//142 663//143
f 26//138 658//137 664//144 659//139
f 26//138 665//145 656//135 658//137
f 26//138 666//146 667//147 668//148
f 26//138 668//148 669//149 665//145
f 26//138 663//143 670//150 666//146
f 27//97 655//134 671//151 35//102
f 28//152 672//153 673//154 674//155
f 28//152 675//156 676//157 672//153
f 28//152 39//158 677//159 678//160
f 28//152 678//160 679//161 675//156
f 28//152 674//155 680//162 39//158
f 29//163 681//164 643//115 642//114
f 29//163 682//165 683//166 681//164
f 29//163 642//114 610//75 684//167
f 29//163 684//167 602//65 573//30
f 29//163 573//30 572//29 682//165
f 30//119 645//118 614//80 685//168
f 30//119 685//168 686//169 687//170
f 30//119 687//170 688//171 647//121
f 31//124 650//128 689//172 690//173
f 31//124 690//173 77//174 691//175
f 31//124 691//175 692//176 49//125
f 32//177 693//178 694//179 44//180
f 32//177 695//181 696//182 693//178
f 33//183 619//86 34//184 697//185
f 33//183 653//131 637//109 636//108
f 33//183 636//108 607//71 619//86
f 33//183 697//185 698//186 37//187
f 33//183 699//188 45//189 653//131
f 33//183 37//187 38//190 699//188
f 34//184 619//86 618//85 652//130
f 34//184 700//191 45//189 699//188
f 35//102 701//192 702//193 54//194
f 35//102 54//194 703//195 629//100
f 35//102 671//151 704//196 701//192
f 36//132 604//68 602//65 684//167
f 36//132 684//167 610//75 609//74
f 37//187 705//197 706//198 707//199
f 37//187 698//186 708//200 705//197
f 37//187 707//199 709//201 38//190
f 38//190 710//202 698//186 697//185
f 38//190 711//203 712//204 710//202
f 39//158 713//205 714//206 715//207
f 39//158 715//207 70//208 677//159
f 40//209 716//210 621//88 717//211
f 40//209 674//155 673//154 716//210
f 40//209 717//211 718//212 719//213
f 40//209 719//213 88//214 71//215
f 40//209 71//215 680//162 674//155
f 41//216 720//217 721//218 722//219
f 41//216 722//219 723//220 724//221
f 41//216 724//221 725//222 720//217
f 42//223 726//224 48//225 727//226
f 42//223 56//227 728//228 729//229
f 42//223 729//229 730//230 726//224
f 42//223 727//226 731//231 732//232
f 42//223 732//232 733//233 56//227
f 43//122 647//121 734//234 735//235
f 32//177 44//180 61//236 59//237
f 32//177 59//237 50//238 695//181
f 44//180 694//179 736//239 61//236
f 45//189 700//191 651//129 653//131
f 46//240 677//159 70//208 55//241
f 46//240 741//242 678//160 677//159
f 46//240 742//243 743//244 741//242
f 46//240 744//245 86//246 742//243
f 46//240 55//241 104//247 744//245
f 47//248 727//226 48//225 745//249
f 47//248 57//250 731//231 727//226
f 47//248 745//249 74//251 746//252
f 47//248 747//253 73//254 57//250
f 47//248 748//255 749//256 747//253
f 48//225 726//224 750//257 751//258
f 48//225 751//258 752//259 753//260
f 48//225 753//260 754//261 745//249
f 49//125 756//262 757//263 648//126
f 50//238 758//264 759//265 695//181
f 50//238 59//237 760//266 761//267
f 50//238 761//267 762//268 763//269
f 50//238 763//269 764//270 758//264
f 38//190 709//201 80//271 711//203
f 51//272 707//199 706//198 765//273
f 51//272 766//274 767//275 63//276
f 51//272 98//277 709//201 707//199
f 51//272 63//276 768//278 769//279
f 51//272 769//279 770//280 98//277
f 52//281 771//282 710//202 712//204
f 52//281 712//204 772//283 773//284
f 52//281 773//284 774//285 775//286
f 52//281 775//286 776//287 81//288
f 52//281 81//288 64//289 771//282
f 53//290 777//291 778//292 779//293
f 53//290 779//293 780//294 65//295
f 53//290 781//296 66//297 777//291
f 53//290 65//295 701//192 704//196
f 53//290 704//196 782//298 781//296
f 54//194 702//193 783//299 784//300
f 54//194 784//300 58//301 785//302
f 54//194 785//302 786//303 703//195
f 55//241 70//208 787//304 788//305
f 55//241 788//305 789//306 790//307
f 55//241 790//307 791//308 104//247
f 56//227 792//309 793//310 728//228
f 56//227 794//311 795//312 792//309
f 56//227 733//233 796//313 794//311
f 57//250 713//205 797//314 731//231
f 57//250 73//254 47//248 746//252
f 57//250 746//252 714//206 713//205
f 58//301 784//300 798//315 799//316
f 58//301 799//316 800//317 801//318
f 58//301 801//318 802//319 119//320
f 58//301 119//320 84//321 803//322
f 58//301 803//322 804//323 805//324
f 58//301 805//324 806//325 785//302
f 59//237 61//236 807//326 760//266
f 60//327 808//328 809//329 810//330
f 60//327 810//330 811//331 94//332
f 60//327 94//332 812//333 813//334
f 60//327 813//334 814//335 815//336
f 60//327 815//336 816//337 817//338
f 60//327 818//339 96//340 808//328
f 60//327 817//338 819//341 818//339
f 61//236 114//342 820//343 807//326
f 61//236 736//239 821//344 114//342
f 62//345 822//346 823//347 824//348
f 62//345 825//349 826//350 822//346
f 62//345 824//348 827//351 828//352
f 62//345 828//352 768//278 63//276
f 62//345 705//197 708//200 825//349
f 62//345 63//276 706//198 705//197
f 63//276 767//275 765//273 706//198
f 64//289 81//288 826//350 825//349
f 64//289 825//349 708//200 771//282
f 65//295 780//294 702//193 701//192
f 66//297 829//353 830//354 777//291
f 66//297 831//355 67//356 829//353
f 66//297 832//357 833//358 831//355
f 66//297 834//359 835//360 832//357
f 67//356 83//361 836//362 837//363
f 67//356 837//363 623//90 829//353
f 67//356 831//355 838//364 839//365
f 67//356 839//365 840//366 83//361
f 68//367 841//368 85//369 842//370
f 68//367 842//370 101//371 102//372
f 68//367 843//373 669//149 841//368
f 68//367 844//374 845//375 843//373
f 68//367 102//372 846//376 844//374
f 69//377 847//378 743//244 848//379
f 69//377 848//379 849//380 850//381
f 69//377 851//382 852//383 847//378
f 69//377 853//384 854//385 851//382
f 69//377 850//381 855//386 853//384
f 70//208 856//387 857//388 787//304
f 70//208 715//207 858//389 856//387
f 71//215 90//390 797//314 680//162
f 71//215 88//214 859//391 860//392
f 107//393 91//394 861//395 862//396
f 836//362 72//397 91//394 107//393
f 107//393 862//396 863//398 836//362
f 72//397 836//362 83//361 106//399
f 72//397 106//399 861//395 91//394
f 73//254 766//274 748//255 47//248
f 73//254 747//253 864//400 749//256
f 74//251 89//401 714//206 746//252
f 74//251 745//249 754//261 109//402
f 74//251 109//402 796//313 865//403
f 74//251 865//403 866//404 89//401
f 75//405 867//406 868//407 76//408
f 75//405 869//409 870//410 867//406
f 75//405 871//411 110//412 869//409
f 75//405 872//413 111//414 871//411
f 75//405 76//408 873//415 872//413
f 76//408 874//416 875//417 876//418
f 76//408 876//418 877//419 873//415
f 76//408 868//407 878//420 874//416
f 77//174 690//173 879//421 880//422
f 77//174 881//423 882//424 691//175
f 77//174 883//425 884//426 881//423
f 78//427 885//428 886//429 887//430
f 78//427 888//431 889//432 885//428
f 78//427 887//430 79//433 888//431
f 79//433 890//434 891//435 888//431
f 79//433 887//430 892//436 890//434
f 80//271 709//201 98//277 770//280
f 80//271 115//437 893//438 711//203
f 80//271 770//280 775//286 774//285
f 80//271 774//285 894//439 115//437
f 81//288 99//440 82//441 826//350
f 81//288 776//287 895//442 99//440
f 82//441 896//443 822//346 826//350
f 82//441 117//444 897//445 898//446
f 82//441 99//440 899//447 117//444
f 82//441 898//446 900//448 896//443
f 83//361 840//366 901//449 902//450
f 83//361 902//450 861//395 106//399
f 84//321 85//369 903//451 803//322
f 84//321 904//452 905//453 85//369
f 84//321 906//454 882//424 881//423
f 84//321 881//423 884//426 904//452
f 84//321 119//320 907//455 906//454
f 85//369 841//368 908//456 903//451
f 85//369 905//453 909//457 842//370
f 86//246 910//458 911//459 742//243
f 86//246 744//245 87//460 857//388
f 86//246 857//388 856//387 912//461
f 86//246 912//461 913//462 914//463
f 86//246 914//463 103//464 910//458
f 87//460 915//465 787//304 857//388
f 88//214 719//213 916//466 859//391
f 89//401 866//404 917//467 918//468
f 89//401 858//389 715//207 714//206
f 89//401 918//468 919//469 858//389
f 90//390 732//232 731//231 797//314
f 90//390 108//470 733//233 732//232
f 90//390 920//471 921//472 108//470
f 92//473 922//474 923//475 924//476
f 92//473 925//477 802//319 922//474
f 93//478 927//479 928//480 929//481
f 93//478 929//481 930//482 931//483
f 93//478 875//417 874//416 927//479
f 93//478 931//483 932//484 933//485
f 935//486 936//487 937//488 938//489
f 935//486 938//489 939//490 940//491
f 94//332 811//331 935//486 940//491
f 94//332 940//491 941//492 942//493
f 94//332 942//493 943//494 812//333
f 95//495 944//496 935//486 811//331
f 95//495 811//331 810//330 113//497
f 95//495 945//498 946//499 944//496
f 95//495 947//500 948//501 945//498
f 95//495 113//497 949//502 947//500
f 96//340 818//339 951//503 952//504
f 96//340 952//504 940//491 939//490
f 96//340 939//490 945//498 948//501
f 97//505 950//506 948//501 947//500
f 97//505 809//329 808//328 950//506
f 97//505 953//507 954//508 809//329
f 99//440 895//442 955//509 956//510
f 99//440 956//510 957//511 899//447
f 100//512 834//359 958//513 959//514
f 100//512 959//514 960//515 961//516
f 100//512 961//516 835//360 834//359
f 101//371 842//370 909//457 962//517
f 101//371 962//517 963//518 964//519
f 101//371 965//520 966//521 102//372
f 101//371 964//519 967//522 965//520
f 102//372 968//523 925//477 969//524
f 102//372 966//521 970//525 968//523
f 102//372 969//524 971//526 846//376
f 103//464 914//463 972//527 973//528
f 103//464 974//529 120//530 910//458
f 103//464 975//531 976//532 977//533
f 103//464 977//533 978//534 974//529
f 103//464 973//528 979//535 975//531
f 104//247 980//536 981//537 121//538
f 104//247 791//308 982//539 980//536
f 105//540 121//538 983//541 984//542
f 105//540 985//543 87//460 121//538
f 105//540 984//542 986//544 943//494
f 105//540 128//545 987//546 985//543
f 105//540 988//547 989//548 990//549
f 105//540 990//549 125//550 128//545
f 108//470 865//403 796//313 733//233
f 108//470 991//551 866//404 865//403
f 108//470 921//472 992//552 991//551
f 109//402 754//261 993//553 994//554
f 109//402 995//555 794//311 796//313
f 109//402 994//554 996//556 995//555
f 110//412 997//557 998//558 869//409
f 111//414 872//413 998//558 997//557
f 112//559 999//560 761//267 760//266
f 112//559 760//266 807//326 1000//561
f 113//497 810//330 809//329 954//508
f 114//342 821//344 944//496 946//499
f 114//342 946//499 938//489 1003//562
f 114//342 1003//562 1004//563 820//343
f 115//437 1005//564 1006//565 893//438
f 115//437 136//566 1007//567 1005//564
f 116//568 135//569 1008//570 125//550
f 116//568 824//348 823//347 135//569
f 116//568 1009//571 827//351 824//348
f 116//568 1010//572 1011//573 1009//571
f 116//568 125//550 1012//574 1010//572
f 117//444 899//447 1013//575 897//445
f 118//576 835//360 961//516 1014//577
f 118//576 1015//578 832//357 835//360
f 118//576 1016//579 1017//580 1018//581
f 118//576 1014//577 1019//582 1016//579
f 118//576 1018//581 1020//583 1015//578
f 119//320 802//319 925//477 968//523
f 119//320 968//523 970//525 907//455
f 120//530 1021//584 911//459 910//458
f 120//530 974//529 1022//585 140//586
f 120//530 139//587 123//588 1021//584
f 120//530 140//586 1023//589 139//587
f 121//538 981//537 1024//590 983//541
f 122//591 1025//592 1026//593 1027//594
f 122//591 1027//594 1028//595 138//596
f 122//591 1029//597 1030//598 1025//592
f 122//591 1031//599 123//588 1029//597
f 123//588 139//587 126//600 982//539
f 123//588 982//539 791//308 1029//597
f 123//588 1031//599 1032//601 142//602
f 123//588 138//596 849//380 1021//584
f 123//588 142//602 1033//603 138//596
f 105//540 1034//604 127//605 988//547
f 105//540 1035//606 1036//607 789//306
f 105//540 789//306 788//305 1034//604
f 105//540 943//494 942//493 1035//606
f 124//608 969//524 925//477 92//473
f 124//608 926//609 966//521 965//520
f 124//608 1042//610 971//526 969//524
f 124//608 965//520 967//522 1042//610
f 125//550 1008//570 987//546 128//545
f 125//550 986//544 984//542 1012//574
f 126//600 1046//611 1047//612 1048//613
f 126//600 139//587 1049//614 1050//615
f 126//600 1048//613 980//536 982//539
f 127//605 134//616 1051//617 988//547
f 127//605 1052//618 1053//619 134//616
f 129//620 859//391 916//466 1054//621
f 129//620 1054//621 1055//622 1056//623
f 129//620 920//471 860//392 859//391
f 129//620 1057//624 921//472 920//471
f 129//620 1056//623 1058//625 1057//624
f 130//626 1059//627 1060//628 1061//629
f 130//626 934//630 1062//631 1059//627
f 130//626 1063//632 904//452 884//426
f 130//626 884//426 883//425 934//630
f 130//626 1061//629 1064//633 1063//632
f 131//634 1002//635 1065//636 1066//637
f 132//638 1067//639 1068//640 1069//641
f 132//638 133//642 1071//643 1067//639
f 133//642 814//335 813//334 1071//643
f 133//642 1072//644 1073//645 814//335
f 133//642 1074//646 900//448 898//446
f 133//642 898//446 897//445 1072//644
f 134//616 1075//647 951//503 1051//617
f 135//569 823//347 1076//648 1077//649
f 135//569 1077//649 1078//650 1079//651
f 135//569 1079//651 1080//652 1008//570
f 125//550 990//549 1081//653 1082//654
f 125//550 1082//654 1083//655 986//544
f 136//566 1084//656 1085//657 1006//565
f 1006//565 1005//564 136//566
f 137//658 1086//659 1087//660 1088//661
f 137//658 1088//661 833//358 1045//662
f 138//596 1033//603 1092//663 122//591
f 138//596 1028//595 850//381 849//380
f 139//587 1023//589 1093//664 1049//614
f 140//586 1022//585 1094//665 1095//666
f 140//586 1096//667 145//668 1023//589
f 140//586 1095//666 158//669 1096//667
f 141//670 1026//593 1025//592 1097//671
f 141//670 1098//672 1099//673 1026//593
f 141//670 1100//674 1101//675 1098//672
f 141//670 1097//671 1102//676 1103//677
f 142//602 1032//601 153//678 1104//679
f 142//602 1104//679 1105//680 150//681
f 142//602 150//681 1106//682 1033//603
f 143//683 1055//622 1054//621 1107//684
f 143//683 1107//684 1108//685 1109//686
f 143//683 1109//686 1110//687 1055//622
f 144//688 1073//645 1111//689 1112//690
f 144//688 815//336 814//335 1073//645
f 144//688 1112//690 816//337 815//336
f 141//670 1113//691 1114//692 149//693
f 141//670 1103//677 1115//694 1113//691
f 136//566 1116//695 1117//696 1007//567
f 145//668 1096//667 1106//682 150//681
f 145//668 150//681 1093//664 1023//589
f 146//697 1118//698 147//699 1119//700
f 146//697 1119//700 1120//701 1121//702
f 147//699 1122//703 1123//704 1124//705
f 147//699 1118//698 1125//706 1122//703
f 147//699 1124//705 1126//707 1127//708
f 147//699 1127//708 1128//709 1119//700
f 148//710 1129//711 1130//712 1131//713
f 149//693 1114//692 1132//714 1133//715
f 149//693 1133//715 1134//716 141//670
f 150//681 1105//680 1135//717 1093//664
f 122//591 1092//663 157//718 1136//719
f 122//591 1136//719 1137//720 1031//599
f 141//670 1134//716 1138//721 1100//674
f 151//722 134//616 1053//619 1139//723
f 151//722 1139//723 1140//724 1141//725
f 151//722 1141//725 1142//726 1143//727
f 151//722 1143//727 1113//691 1115//694
f 152//728 1070//729 900//448 1074//646
f 153//678 1114//692 1113//691 1143//727
f 153//678 1032//601 1132//714 1114//692
f 153//678 1144//730 159//731 1145//732
f 153//678 1143//727 1142//726 1144//730
f 154//733 1133//715 1132//714 1137//720
f 154//733 1137//720 1136//719 1146//734
f 154//733 163//735 1147//736 1133//715
f 154//733 1146//734 1148//737 1149//738
f 154//733 1149//738 159//731 1150//739
f 154//733 1150//739 162//740 163//735
f 155//741 1151//742 1019//582 1152//743
f 155//741 1153//744 156//745 1154//746
f 155//741 1154//746 1155//747 1156//748
f 155//741 1156//748 1157//749 1151//742
f 155//741 1152//743 963//518 1153//744
f 156//745 1153//744 1158//750 1126//707
f 156//745 1126//707 1124//705 1159//751
f 156//745 1160//752 1161//753 1154//746
f 157//718 1162//754 1163//755 164//756
f 157//718 1092//663 1164//757 1162//754
f 157//718 164//756 1165//758 162//740
f 157//718 162//740 1146//734 1136//719
f 158//669 1164//757 1106//682 1096//667
f 158//669 1095//666 1166//759 1167//760
f 158//669 1167//760 1168//761 1169//762
f 158//669 1169//762 1162//754 1164//757
f 153//678 1145//732 1170//763 1104//679
f 159//731 1144//730 1171//764 1150//739
f 160//765 161//766 1172//767 1173//768
f 160//765 1174//769 1175//770 1176//771
f 160//765 1173//768 1177//772 1178//773
f 160//765 1178//773 1179//774 1174//769
f 160//765 1176//771 1147//736 161//766
f 161//766 1147//736 163//735 1180//775
f 161//766 1181//776 1182//777 1172//767
f 161//766 1180//775 1183//778 1181//776
f 162//740 1184//779 1148//737 1146//734
f 162//740 1150//739 1171//764 1184//779
f 164//756 1163//755 1185//780 1186//781
f 164//756 1186//781 1183//778 1180//775
f 164//756 1180//775 163//735 1165//758
f 162//740 1187//782 174//783 163//735
f 165//784 1188//785 1189//786 169//787
f 165//784 1190//788 1191//789 1188//785
f 9842//790 1192//791 1193//792 175//793
f 9842//790 9844//794 1194//795 1192//791
f 166//796 1140//724 1139//723 1195//797
f 166//796 1196//798 1197//799 1140//724
f 166//796 1195//797 1198//800 167//801
f 166//796 167//801 1199//802 1200//803
f 166//796 1200//803 1201//804 1196//798
f 167//801 1198//800 1202//805 1199//802
f 163//735 174//783 171//806 1165//758
f 168//807 1181//776 1183//778 1155//747
f 1203//808 1204//809 1205//810 170//811
f 168//807 1203//808 170//811 1206//812
f 168//807 1206//812 1182//777 1181//776
f 9844//794 1207//813 1208//814 1194//795
f 9844//794 9842//790 175//793 1207//813
f 169//787 1189//786 1209//815 9843//816
f 170//811 1205//810 1210//817 1211//818
f 170//811 1211//818 1212//819 1206//812
f 171//806 174//783 1213//820 1214//821
f 9843//816 1209//815 1215//822 176//823
f 9843//816 176//823 1216//824 1217//825
f 172//826 1197//799 1196//798 173//827
f 172//826 1218//828 1219//829 1197//799
f 172//826 173//827 1220//830 1221//831
f 172//826 1222//832 1223//833 1218//828
f 172//826 1221//831 1224//834 1222//832
f 173//827 1196//798 1201//804 1225//835
f 173//827 1226//836 1227//837 1220//830
f 173//827 1225//835 1228//838 1226//836
f 174//783 1187//782 1229//839 1230//840
f 174//783 1230//840 1231//841 1213//820
f 175//793 1193//792 1232//842 1233//843
f 175//793 1233//843 1234//844 1235//845
f 175//793 1235//845 1236//846 1224//834
f 175//793 1224//834 1221//831 1237//847
f 175//793 1237//847 1238//848 1207//813
f 176//823 1215//822 1239//849 1240//850
f 176//823 178//851 1241//852 1216//824
f 176//823 1240//850 1242//853 178//851
f 1244//854 1245//855 1246//856 1247//857
f 177//858 1250//859 1246//856 1251//860
f 177//858 1252//861 1253//862 1250//859
f 177//858 1251//860 180//863 1252//861
f 178//851 1254//864 1255//865 1241//852
f 178//851 1256//866 1247//857 179//867
f 178//851 179//867 1257//868 1254//864
f 179//867 1258//869 1212//819 1257//868
f 179//867 1250//859 1253//862 1258//869
f 179//867 1247//857 1246//856 1250//859
f 180//863 1251//860 1260//870 1261//871
f 180//863 1261//871 1262//872 1259//873
f 181//874 1263//875 1264//876 1265//877
f 181//874 1267//878 1268//879 1263//875
f 181//874 1265//877 1269//880 1270//881
f 181//874 1270//881 183//882 1266//883
f 182//884 1272//885 1273//886 1274//887
f 182//884 1275//888 1276//889 1272//885
f 183//882 553//890 1271//891 1266//883
f 183//882 1270//881 1277//892 553//890
f 184//893 1278//894 1276//889 185//895
f 184//893 185//895 1241//852 1255//865
f 184//893 1255//865 1279//896 1280//897
f 184//893 1280//897 1281//898 1282//899
f 184//893 1282//899 1283//900 187//901
f 184//893 187//901 1284//902 1278//894
f 185//895 186//903 1274//887 1273//886
f 185//895 1273//886 1216//824 1241//852
f 185//895 1276//889 1275//888 186//903
f 187//901 1285//904 1256//866 1284//902
f 188//905 1283//900 1282//899 1286//906
f 188//905 1286//906 1287//907 1288//908
f 188//905 1288//908 1289//909 1282//899
f 189//910 190//911 1290//912 191//913
f 189//910 1291//914 1292//915 1293//916
f 189//910 1293//916 1294//917 190//911
f 189//910 191//913 1295//918 1296//919
f 189//910 1297//920 192//921 1291//914
f 190//911 1294//917 1298//922 193//923
f 191//913 1290//912 195//924 192//921
f 191//913 194//925 1299//926 1295//918
f 191//913 192//921 1297//920 194//925
f 192//921 1300//927 1301//928 1291//914
f 192//921 1302//929 1303//930 1300//927
f 192//921 195//924 1304//931 1302//929
f 193//923 1298//922 1305//932 1306//933
f 193//923 1306//933 1307//934 1308//935
f 193//923 1308//935 1304//931 195//924
f 194//925 1297//920 1309//936 1299//926
f 189//910 1310//937 1311//938 1312//939
f 189//910 1312//939 1309//936 1297//920
f 189//910 1296//919 1313//940 1310//937
f 196//941 1314//942 1311//938 1310//937
f 196//941 1310//937 1313//940 1315//943
f 196//941 1315//943 1316//944 1314//942
f 197//945 1317//946 1312//939 1311//938
f 197//945 1318//947 1319//948 1317//946
f 197//945 1320//949 1321//950 1318//947
f 197//945 1311//938 1314//942 1322//951
f 197//945 1322//951 1323//952 1320//949
f 198//953 1324//954 1325//955 1326//956
f 198//953 1326//956 1327//957 1328//958
f 198//953 1328//958 1329//959 1324//954
f 199//960 1330//961 1331//962 1332//963
f 199//960 1332//963 1333//964 1329//959
f 199//960 1329//959 1328//958 1330//961
f 200//965 1334//966 1335//967 1336//968
f 200//965 1337//969 1338//970 1334//966
f 200//965 1336//968 1339//971 202//972
f 200//965 202//972 1340//973 1341//974
f 200//965 1341//974 1342//975 1337//969
f 201//976 1343//977 1344//978 1345//979
f 201//976 204//980 1346//981 1347//982
f 201//976 1347//982 1348//983 1343//977
f 201//976 1345//979 1349//984 1350//985
f 201//976 1350//985 1351//986 1352//987
f 201//976 1352//987 1353//988 204//980
f 202//972 1354//989 1355//990 1340//973
f 202//972 1356//991 1357//992 1354//989
f 202//972 1339//971 1358//993 1356//991
f 203//994 1345//979 1344//978 1359//995
f 203//994 1360//996 1349//984 1345//979
f 203//994 1361//997 1362//998 1360//996
f 203//994 1363//999 1364//1000 1361//997
f 203//994 1359//995 1365//1001 1363//999
f 204//980 1366//1002 1367//1003 1346//981
f 204//980 1353//988 1368//1004 1366//1002
f 205//1005 1369//1006 1370//1007 1371//1008
f 205//1005 1371//1008 1372//1009 1373//1010
f 205//1005 1373//1010 1374//1011 1375//1012
f 205//1005 1376//1013 1377//1014 1378//1015
f 205//1005 1375//1012 206//1016 1376//1013
f 205//1005 1379//1017 1380//1018 1369//1006
f 205//1005 1378//1015 1381//1019 1379//1017
f 206//1016 1382//1020 1383//1021 1384//1022
f 206//1016 1384//1022 1385//1023 1386//1024
f 206//1016 1375//1012 1387//1025 1382//1020
f 206//1016 1386//1024 1388//1026 1376//1013
f 207//1027 1389//1028 1390//1029 1391//1030
f 207//1027 1372//1009 1371//1008 1389//1028
f 207//1027 1392//1031 1393//1032 1372//1009
f 207//1027 1394//1033 1395//1034 1392//1031
f 207//1027 1391//1030 1396//1035 1394//1033
f 208//1036 1397//1037 1398//1038 1399//1039
f 208//1036 1399//1039 1400//1040 1401//1041
f 208//1036 1401//1041 1402//1042 1397//1037
f 209//1043 1403//1044 1404//1045 222//1046
f 209//1043 1405//1047 1406//1048 1403//1044
f 209//1043 222//1046 1407//1049 1408//1050
f 209//1043 1409//1051 1410//1052 1405//1047
f 209//1043 1408//1050 1411//1053 1409//1051
f 210//1054 1412//1055 1413//1056 1414//1057
f 210//1054 1415//1058 1416//1059 1412//1055
f 210//1054 1414//1057 1417//1060 1418//1061
f 210//1054 216//1062 1419//1063 1415//1058
f 210//1054 1418//1061 1420//1064 216//1062
f 211//1065 1421//1066 1422//1067 1423//1068
f 211//1065 1424//1069 1425//1070 1421//1066
f 211//1065 1423//1068 1426//1071 1424//1069
f 212//1072 1427//1073 1350//985 1349//984
f 212//1072 1349//984 1360//996 1428//1074
f 212//1072 1428//1074 1429//1075 1427//1073
f 213//1076 1353//988 1352//987 1430//1077
f 213//1076 1431//1078 1432//1079 1433//1080
f 213//1076 1430//1077 1434//1081 1431//1078
f 213//1076 1433//1080 1435//1082 1436//1083
f 213//1076 1436//1083 1368//1004 1353//988
f 214//1084 1437//1085 1393//1032 1392//1031
f 214//1084 1438//1086 1439//1087 1437//1085
f 214//1084 1440//1088 1441//1089 1438//1086
f 214//1084 1392//1031 1395//1034 1442//1090
f 214//1084 1442//1090 1443//1091 1440//1088
f 215//1092 1444//1093 1445//1094 1446//1095
f 215//1092 1447//1096 1448//1097 1444//1093
f 215//1092 1446//1095 1449//1098 1447//1096
f 216//1062 1450//1099 1451//1100 1419//1063
f 216//1062 1420//1064 1452//1101 1453//1102
f 217//1103 1454//1104 1429//1075 1428//1074
f 217//1103 1455//1105 1456//1106 1454//1104
f 217//1103 1428//1074 1360//996 1362//998
f 217//1103 1457//1107 1458//1108 1455//1105
f 217//1103 1362//998 1459//1109 1457//1107
f 218//1110 1460//1111 1461//1112 1462//1113
f 218//1110 1462//1113 1463//1114 1464//1115
f 218//1110 1391//1030 1390//1029 1460//1111
f 218//1110 1465//1116 1396//1035 1391//1030
f 218//1110 1464//1115 1466//1117 1465//1116
f 219//1118 1467//1119 1468//1120 1469//1121
f 219//1118 1470//1122 1471//1123 1467//1119
f 219//1118 1469//1121 1472//1124 1470//1122
f 220//1125 1473//1126 1474//1127 1475//1128
f 220//1125 1476//1129 1434//1081 1473//1126
f 220//1125 1475//1128 1477//1130 1476//1129
f 221//1131 1478//1132 1476//1129 1477//1130
f 221//1131 1479//1133 1480//1134 1478//1132
f 221//1131 1481//1135 1482//1136 1483//1137
f 221//1131 1483//1137 1484//1138 1479//1133
f 221//1131 1477//1130 1485//1139 1481//1135
f 222//1046 1404//1045 1486//1140 1487//1141
f 222//1046 1487//1141 1450//1099 216//1062
f 222//1046 1488//1142 1489//1143 1407//1049
f 222//1046 216//1062 1453//1102 1488//1142
f 223//1144 1490//1145 1491//1146 1492//1147
f 223//1144 1493//1148 1494//1149 1490//1145
f 223//1144 1492//1147 1495//1150 1496//1151
f 223//1144 1496//1151 1497//1152 1493//1148
f 224//1153 1432//1079 1480//1134 1498//1154
f 224//1153 1499//1155 1433//1080 1432//1079
f 224//1153 1500//1156 1501//1157 1499//1155
f 224//1153 1502//1158 1503//1159 1500//1156
f 224//1153 1498//1154 1504//1160 1502//1158
f 225//1161 1505//1162 1464//1115 1463//1114
f 225//1161 1506//1163 1507//1164 1505//1162
f 225//1161 1508//1165 1509//1166 1506//1163
f 225//1161 1463//1114 1510//1167 1511//1168
f 225//1161 1511//1168 1512//1169 1508//1165
f 226//1170 1513//1171 1514//1172 1515//1173
f 226//1170 1515//1173 1516//1174 1517//1175
f 226//1170 1518//1176 1519//1177 1513//1171
f 226//1170 1517//1175 1507//1164 1506//1163
f 226//1170 1506//1163 1509//1166 1518//1176
f 227//1178 1520//1179 1521//1180 1522//1181
f 227//1178 1523//1182 1524//1183 1520//1179
f 227//1178 1522//1181 1525//1184 1523//1182
f 228//1185 1526//1186 1527//1187 1528//1188
f 228//1185 1529//1189 1530//1190 1526//1186
f 228//1185 1528//1188 229//1191 1531//1192
f 228//1185 1531//1192 1532//1193 1533//1194
f 228//1185 1533//1194 1534//1195 1529//1189
f 229//1191 1528//1188 1535//1196 1536//1197
f 229//1191 1537//1198 1538//1199 1531//1192
f 230//1200 1539//1201 1540//1202 1541//1203
f 230//1200 232//1204 1542//1205 1539//1201
f 230//1200 1541//1203 1543//1206 232//1204
f 231//1207 1545//1208 1546//1209 1547//1210
f 231//1207 234//1211 1548//1212 1545//1208
f 231//1207 1547//1210 1549//1213 234//1211
f 232//1204 1543//1206 1550//1214 1542//1205
f 233//1215 1551//1216 1552//1217 1553//1218
f 233//1215 1553//1218 1554//1219 1555//1220
f 233//1215 1555//1220 1556//1221 1557//1222
f 233//1215 1557//1222 1558//1223 1516//1174
f 233//1215 1516//1174 1515//1173 1551//1216
f 234//1211 1559//1224 1560//1225 1548//1212
f 234//1211 1561//1226 1562//1227 1559//1224
f 234//1211 1549//1213 1563//1228 1561//1226
f 235//1229 1564//1230 1565//1231 1566//1232
f 235//1229 1567//1233 1568//1234 1564//1230
f 235//1229 1566//1232 1569//1235 1567//1233
f 236//1236 1570//1237 1571//1238 1572//1239
f 236//1236 1572//1239 1573//1240 1574//1241
f 236//1236 1574//1241 1575//1242 1570//1237
f 1557//1222 1556//1221 237//1243 1558//1223
f 237//1243 1576//1244 1577//1245 1558//1223
f 237//1243 1578//1246 1579//1247 1576//1244
f 237//1243 1556//1221 1580//1248 1581//1249
f 237//1243 1581//1249 1582//1250 1578//1246
f 1586//1251 1583//1252 1584//1253 1585//1254
f 1586//1251 1587//1255 1588//1256 1583//1252
f 1586//1251 1585//1254 1589//1257 1590//1258
f 238//1259 1591//1260 1592//1261 1593//1262
f 238//1259 1594//1263 1595//1264 1591//1260
f 238//1259 1596//1265 1597//1266 1594//1263
f 1598//1267 1599//1268 1600//1269 1601//1270
f 1598//1267 1601//1270 1602//1271 1603//1272
f 1598//1267 1603//1272 1604//1273 1605//1274
f 239//1275 1606//1276 1607//1277 1608//1278
f 239//1275 1609//1279 1610//1280 1606//1276
f 239//1275 1611//1281 1612//1282 1609//1279
f 239//1275 1613//1283 1614//1284 1611//1281
f 239//1275 1608//1278 253//1285 1613//1283
f 240//1286 1615//1287 1616//1288 1617//1289
f 240//1286 1618//1290 1619//1291 1615//1287
f 240//1286 1620//1292 1621//1293 1618//1290
f 240//1286 1617//1289 1622//1294 1623//1295
f 240//1286 1623//1295 1624//1296 1620//1292
f 241//1297 1625//1298 1626//1299 1627//1300
f 241//1297 1628//1301 1629//1302 1630//1303
f 241//1297 1630//1303 1631//1304 1625//1298
f 242//1305 1632//1306 1633//1307 1634//1308
f 242//1305 1634//1308 1635//1309 1636//1310
f 242//1305 1610//1280 1609//1279 1632//1306
f 242//1305 1637//1311 1638//1312 1610//1280
f 242//1305 1636//1310 1639//1313 1637//1311
f 243//1314 246//1315 1640//1316 1641//1317
f 243//1314 1642//1318 1643//1319 246//1315
f 243//1314 1644//1320 1645//1321 1642//1318
f 243//1314 1641//1317 1646//1322 1647//1323
f 243//1314 1647//1323 251//1324 1644//1320
f 244//1325 1648//1326 1649//1327 1650//1328
f 244//1325 1650//1328 1651//1329 1652//1330
f 244//1325 1653//1331 1654//1332 1655//1333
f 244//1325 1655//1333 1656//1334 1648//1326
f 244//1325 1652//1330 1657//1335 1653//1331
f 245//1336 1658//1337 1659//1338 1660//1339
f 245//1336 1661//1340 1662//1341 1658//1337
f 245//1336 1660//1339 1663//1342 1664//1343
f 245//1336 1664//1343 1665//1344 1666//1345
f 245//1336 1666//1345 1667//1346 1661//1340
f 246//1315 1668//1347 1669//1348 1670//1349
f 246//1315 1670//1349 1671//1350 1640//1316
f 246//1315 1643//1319 1672//1351 1668//1347
f 247//1352 1673//1353 1674//1354 1675//1355
f 247//1352 1675//1355 1676//1356 1677//1357
f 247//1352 1677//1357 1678//1358 1673//1353
f 248//1359 1679//1360 1680//1361 1681//1362
f 248//1359 1681//1362 1682//1363 1683//1364
f 248//1359 1683//1364 1684//1365 1679//1360
f 249//1366 1635//1309 1634//1308 1685//1367
f 249//1366 1685//1367 1604//1273 1603//1272
f 249//1366 258//1368 1686//1369 1635//1309
f 249//1366 1687//1370 1688//1371 258//1368
f 250//1372 1689//1373 1690//1374 270//1375
f 250//1372 1668//1347 1672//1351 1689//1373
f 250//1372 270//1375 1691//1376 1692//1377
f 250//1372 1692//1377 1693//1378 1694//1379
f 251//1324 256//1380 1695//1381 1644//1320
f 251//1324 1696//1382 1697//1383 256//1380
f 251//1324 1647//1323 1698//1384 1699//1385
f 251//1324 1699//1385 1700//1386 1696//1382
f 252//1387 1701//1388 1702//1389 1703//1390
f 252//1387 1703//1390 1704//1391 1705//1392
f 252//1387 1705//1392 1706//1393 1707//1394
f 252//1387 1707//1394 1708//1395 1709//1396
f 252//1387 1709//1396 1710//1397 1701//1388
f 253//1285 1608//1278 1711//1398 1712//1399
f 253//1285 1712//1399 1713//1400 1714//1401
f 253//1285 1715//1402 1716//1403 1613//1283
f 253//1285 1714//1401 1717//1404 1715//1402
f 254//1405 1718//1406 1719//1407 1720//1408
f 254//1405 1720//1408 1721//1409 1722//1410
f 254//1405 1723//1411 1724//1412 1718//1406
f 255//1413 1725//1414 1726//1415 1727//1416
f 255//1413 1727//1416 1728//1417 1729//1418
f 255//1413 1730//1419 1731//1420 1732//1421
f 255//1413 1729//1418 1733//1422 1730//1419
f 255//1413 1732//1421 1734//1423 1725//1414
f 256//1380 1627//1300 1735//1424 1695//1381
f 256//1380 1697//1383 1736//1425 1737//1426
f 256//1380 1737//1426 241//1297 1627//1300
f 257//1427 1738//1428 1739//1429 1740//1430
f 257//1427 1740//1430 1741//1431 1742//1432
f 257//1427 1742//1432 1743//1433 1738//1428
f 258//1368 1744//1434 1745//1435 1746//1436
f 258//1368 1688//1371 1747//1437 1744//1434
f 259//1438 1748//1439 1749//1440 1750//1441
f 259//1438 1751//1442 1752//1443 1748//1439
f 259//1438 1750//1441 1753//1444 1751//1442
f 260//1445 1725//1414 1734//1423 1754//1446
f 260//1445 1755//1447 1726//1415 1725//1414
f 260//1445 1756//1448 1757//1449 1758//1450
f 260//1445 1758//1450 1759//1451 1755//1447
f 260//1445 1754//1446 1760//1452 1756//1448
f 261//1453 1761//1454 1762//1455 1763//1456
f 261//1453 1764//1457 1765//1458 1766//1459
f 261//1453 1766//1459 1767//1460 1761//1454
f 262//1461 1768//1462 1769//1463 1770//1464
f 262//1461 1771//1465 1772//1466 1768//1462
f 262//1461 1773//1467 1774//1468 1771//1465
f 262//1461 1775//1469 1776//1470 1773//1467
f 262//1461 1770//1464 1777//1471 1775//1469
f 263//1472 1778//1473 1779//1474 1780//1475
f 263//1472 1781//1476 1782//1477 1778//1473
f 263//1472 1783//1478 1784//1479 1781//1476
f 263//1472 1780//1475 1785//1480 1786//1481
f 263//1472 1786//1481 1787//1482 1783//1478
f 264//1483 1788//1484 1789//1485 1790//1486
f 264//1483 1791//1487 1792//1488 1788//1484
f 264//1483 1790//1486 1793//1489 1791//1487
f 265//1490 1794//1491 1795//1492 1796//1493
f 265//1490 1797//1494 1798//1495 1794//1491
f 265//1490 1796//1493 1799//1496 1797//1494
f 266//1497 1800//1498 1723//1411 254//1405
f 266//1497 1801//1499 1802//1500 1803//1501
f 266//1497 254//1405 1722//1410 1801//1499
f 266//1497 1804//1502 1805//1503 1800//1498
f 266//1497 1803//1501 1806//1504 1804//1502
f 267//1505 1807//1506 1808//1507 1809//1508
f 267//1505 1810//1509 1811//1510 1812//1511
f 267//1505 1809//1508 1813//1512 1810//1509
f 267//1505 1812//1511 1814//1513 1815//1514
f 267//1505 1815//1514 1816//1515 1807//1506
f 268//1516 1817//1517 1818//1518 1819//1519
f 268//1516 1819//1519 1820//1520 1821//1521
f 268//1516 1821//1521 1822//1522 1817//1517
f 269//1523 1713//1400 1805//1503 1823//1524
f 269//1523 1824//1525 276//1526 1825//1527
f 269//1523 1823//1524 1826//1528 1824//1525
f 269//1523 1827//1529 1714//1401 1713//1400
f 269//1523 1825//1527 1828//1530 1827//1529
f 270//1375 1690//1374 1829//1531 1830//1532
f 270//1375 1830//1532 1831//1533 1832//1534
f 270//1375 1832//1534 1833//1535 1691//1376
f 271//1536 1834//1537 1835//1538 1836//1539
f 271//1536 1836//1539 1837//1540 1838//1541
f 271//1536 1838//1541 1839//1542 1834//1537
f 272//1543 1840//1544 1841//1545 1842//1546
f 272//1543 1842//1546 1772//1466 1771//1465
f 272//1543 1771//1465 1774//1468 1843//1547
f 272//1543 1843//1547 1844//1548 1845//1549
f 272//1543 1845//1549 1846//1550 1840//1544
f 273//1551 1847//1552 1848//1553 1849//1554
f 273//1551 1850//1555 1851//1556 1847//1552
f 273//1551 1849//1554 1852//1557 1850//1555
f 274//1558 1853//1559 1854//1560 1855//1561
f 274//1558 1856//1562 1857//1563 1853//1559
f 274//1558 1855//1561 1858//1564 1856//1562
f 275//1565 1796//1493 1795//1492 1859//1566
f 275//1565 1860//1567 1799//1496 1796//1493
f 275//1565 1859//1566 1861//1568 1860//1567
f 276//1526 1824//1525 1862//1569 1863//1570
f 276//1526 1863//1570 1864//1571 1825//1527
f 277//1572 1865//1573 1866//1574 1867//1575
f 277//1572 1868//1576 1869//1577 1865//1573
f 277//1572 1867//1575 1870//1578 1868//1576
f 278//1579 1871//1580 1872//1581 1873//1582
f 278//1579 1873//1582 1874//1583 1875//1584
f 278//1579 1875//1584 1876//1585 1871//1580
f 279//1586 1814//1513 1812//1511 1877//1587
f 279//1586 1878//1588 1879//1589 1880//1590
f 279//1586 1877//1587 1881//1591 1878//1588
f 280//1592 1816//1515 1882//1593 1883//1594
f 280//1592 1884//1595 1885//1596 1886//1597
f 280//1592 1883//1594 1887//1598 1884//1595
f 281//1599 1888//1600 1889//1601 1890//1602
f 281//1599 1891//1603 1892//1604 1888//1600
f 281//1599 1890//1602 1893//1605 1891//1603
f 282//1606 1894//1607 1895//1608 1896//1609
f 282//1606 1896//1609 1897//1610 1898//1611
f 282//1606 1898//1611 1899//1612 1894//1607
f 283//1613 1900//1614 1901//1615 1902//1616
f 283//1613 1902//1616 1903//1617 1904//1618
f 283//1613 1904//1618 1905//1619 1900//1614
f 284//1620 1906//1621 1907//1622 1908//1623
f 284//1620 1717//1404 1909//1624 1906//1621
f 284//1620 1910//1625 1715//1402 1717//1404
f 284//1620 1911//1626 1912//1627 1910//1625
f 284//1620 1908//1623 291//1628 1911//1626
f 285//1629 1913//1630 1876//1585 1875//1584
f 285//1629 1875//1584 1874//1583 1914//1631
f 285//1629 1914//1631 1915//1632 1913//1630
f 286//1633 1916//1634 1917//1635 1918//1636
f 286//1633 1919//1637 1920//1638 1916//1634
f 286//1633 1918//1636 1921//1639 1919//1637
f 287//1640 1922//1641 1923//1642 1924//1643
f 287//1640 1924//1643 1925//1644 1926//1645
f 287//1640 1926//1645 1927//1646 1922//1641
f 288//1647 1928//1648 1929//1649 1930//1650
f 288//1647 1931//1651 1932//1652 1928//1648
f 288//1647 1930//1650 1933//1653 1934//1654
f 288//1647 1934//1654 1935//1655 1936//1656
f 288//1647 1936//1656 316//1657 1931//1651
f 289//1658 1937//1659 1938//1660 1939//1661
f 289//1658 1855//1561 1854//1560 1937//1659
f 289//1658 1939//1661 1858//1564 1855//1561
f 290//1662 1940//1663 1941//1664 298//1665
f 290//1662 1942//1666 1943//1667 1940//1663
f 290//1662 298//1665 1944//1668 1942//1666
f 291//1628 1908//1623 1945//1669 1946//1670
f 291//1628 1947//1671 1948//1672 1949//1673
f 291//1628 1949//1673 1950//1674 1911//1626
f 291//1628 1946//1670 1951//1675 1947//1671
f 292//1676 1809//1508 1808//1507 1952//1677
f 292//1676 1953//1678 1813//1512 1809//1508
f 292//1676 1952//1677 1954//1679 307//1680
f 292//1676 1955//1681 1956//1682 1953//1678
f 292//1676 307//1680 1957//1683 1955//1681
f 293//1684 304//1685 1958//1686 1959//1687
f 293//1684 1960//1688 1961//1689 1962//1690
f 293//1684 1959//1687 1963//1691 1960//1688
f 294//1692 1964//1693 1965//1694 1966//1695
f 294//1692 1966//1695 1967//1696 1968//1697
f 294//1692 1968//1697 1969//1698 1970//1699
f 294//1692 1971//1700 1972//1701 1964//1693
f 294//1692 1970//1699 1973//1702 1971//1700
f 295//1703 1921//1639 1918//1636 1974//1704
f 295//1703 1975//1705 1976//1706 1921//1639
f 295//1703 1974//1704 1977//1707 1975//1705
f 296//1708 1978//1709 300//1710 1979//1711
f 296//1708 1980//1712 1981//1713 1978//1709
f 296//1708 1979//1711 1982//1714 1983//1715
f 296//1708 1983//1715 1984//1716 1985//1717
f 296//1708 1985//1717 1986//1718 1980//1712
f 297//1719 1987//1720 1988//1721 1989//1722
f 297//1719 1989//1722 1990//1723 1991//1724
f 297//1719 1991//1724 1992//1725 1987//1720
f 298//1665 1993//1726 1994//1727 1944//1668
f 298//1665 1941//1664 1995//1728 1864//1571
f 298//1665 1864//1571 1863//1570 1993//1726
f 299//1729 1889//1601 1999//1730 2000//1731
f 299//1729 2000//1731 2001//1732 2002//1733
f 299//1729 2002//1733 1890//1602 1889//1601
f 300//1710 2003//1734 1885//1596 1884//1595
f 300//1710 1884//1595 1887//1598 2004//1735
f 300//1710 2004//1735 2005//1736 1979//1711
f 301//1737 2006//1738 2007//1739 2008//1740
f 301//1737 2008//1740 2009//1741 2010//1742
f 301//1737 2010//1742 2011//1743 2012//1744
f 302//1745 1946//1670 1945//1669 2006//1738
f 302//1745 2013//1746 2014//1747 2015//1748
f 302//1745 2006//1738 301//1737 2013//1746
f 302//1745 2015//1748 2016//1749 2017//1750
f 302//1745 2017//1750 1951//1675 1946//1670
f 303//1751 2018//1752 2019//1753 2020//1754
f 303//1751 2020//1754 2021//1755 2022//1756
f 303//1751 2022//1756 2023//1757 2018//1752
f 304//1685 2024//1758 2025//1759 2026//1760
f 304//1685 2026//1760 2027//1761 2028//1762
f 304//1685 293//1684 2029//1763 2024//1758
f 305//1764 2030//1765 2031//1766 2032//1767
f 305//1764 2033//1768 334//1769 2034//1770
f 305//1764 2034//1770 2035//1771 2030//1765
f 306//1772 2036//1773 2037//1774 2038//1775
f 306//1772 2039//1776 2040//1777 2036//1773
f 306//1772 2038//1775 2041//1778 2039//1776
f 307//1680 1950//1674 1949//1673 2042//1779
f 307//1680 1954//1679 2043//1780 1950//1674
f 307//1680 2042//1779 2044//1781 1957//1683
f 308//1782 2045//1783 2046//1784 2047//1785
f 308//1782 2047//1785 2048//1786 2049//1787
f 308//1782 2049//1787 2050//1788 2051//1789
f 308//1782 2051//1789 2052//1790 2053//1791
f 308//1782 2053//1791 2054//1792 2045//1783
f 309//1793 2055//1794 2056//1795 2057//1796
f 309//1793 2057//1796 2058//1797 2059//1798
f 309//1793 2059//1798 2060//1799 2055//1794
f 310//1800 2061//1801 2062//1802 2063//1803
f 310//1800 2063//1803 2064//1804 2065//1805
f 310//1800 2065//1805 2066//1806 2061//1801
f 311//1807 2067//1808 2068//1809 2069//1810
f 311//1807 315//1811 2070//1812 2067//1808
f 311//1807 2071//1813 2072//1814 2073//1815
f 311//1807 2073//1815 2074//1816 315//1811
f 312//1817 2075//1818 2076//1819 2077//1820
f 312//1817 2077//1820 2078//1821 2079//1822
f 312//1817 2079//1822 2080//1823 2081//1824
f 313//1825 2082//1826 2083//1827 2084//1828
f 313//1825 2085//1829 2086//1830 2082//1826
f 313//1825 2084//1828 2087//1831 2085//1829
f 314//1832 2088//1833 2089//1834 2090//1835
f 314//1832 2090//1835 2091//1836 2092//1837
f 314//1832 2092//1837 2093//1838 2094//1839
f 314//1832 2095//1840 2096//1841 2088//1833
f 314//1832 2094//1839 2097//1842 2095//1840
f 2098//1843 2099//1844 2100//1845 2101//1846
f 2098//1843 2102//1847 2103//1848 2104//1849
f 2098//1843 2101//1846 2105//1850 2102//1847
f 315//1811 2074//1816 2106//1851 2107//1852
f 315//1811 2107//1852 2108//1853 2070//1812
f 316//1657 2109//1854 2110//1855 1931//1651
f 316//1657 1936//1656 2111//1856 2109//1854
f 317//1857 2112//1858 2113//1859 2114//1860
f 317//1857 2114//1860 2023//1757 2022//1756
f 317//1857 2022//1756 2021//1755 2112//1858
f 318//1861 2115//1862 2116//1863 2117//1864
f 318//1861 2117//1864 2118//1865 2119//1866
f 318//1861 2119//1866 2120//1867 2115//1862
f 319//1868 2121//1869 2122//1870 2123//1871
f 319//1868 2123//1871 2124//1872 2125//1873
f 319//1868 2125//1873 2126//1874 2121//1869
f 320//1875 2127//1876 2128//1877 2129//1878
f 320//1875 2130//1879 2131//1880 2127//1876
f 320//1875 2129//1878 2132//1881 332//1882
f 321//1883 2133//1884 2134//1885 329//1886
f 321//1883 2135//1887 2136//1888 2133//1884
f 321//1883 338//1889 2137//1890 2135//1887
f 305//1764 2032//1767 2138//1891 2033//1768
f 322//1892 2139//1893 2140//1894 2141//1895
f 322//1892 2142//1896 2143//1897 2139//1893
f 322//1892 2141//1895 2144//1898 2145//1899
f 322//1892 2146//1900 2147//1901 2142//1896
f 322//1892 2145//1899 2148//1902 2146//1900
f 323//1903 2152//1904 2153//1905 2154//1906
f 323//1903 2155//1907 2156//1908 2152//1904
f 323//1903 2154//1906 2157//1909 2155//1907
f 324//1910 2158//1911 2159//1912 2160//1913
f 324//1910 2161//1914 2162//1915 2158//1911
f 324//1910 2160//1913 2163//1916 2161//1914
f 325//1917 2164//1918 2165//1919 2166//1920
f 325//1917 2167//1921 2168//1922 2169//1923
f 325//1917 2166//1920 2170//1924 2171//1925
f 325//1917 2169//1923 2172//1926 2164//1918
f 326//1927 2173//1928 2174//1929 2175//1930
f 326//1927 2175//1930 2176//1931 2177//1932
f 326//1927 2177//1932 2178//1933 2179//1934
f 326//1927 2091//1836 2090//1835 2173//1928
f 327//1935 2180//1936 2181//1937 2182//1938
f 327//1935 2183//1939 2184//1940 2180//1936
f 327//1935 2182//1938 2185//1941 2183//1939
f 328//1942 2186//1943 2187//1944 2188//1945
f 328//1942 338//1889 2189//1946 2186//1943
f 328//1942 2188//1945 2190//1947 338//1889
f 329//1886 2134//1885 2191//1948 2192//1949
f 329//1886 2192//1949 2189//1946 2193//1950
f 330//1951 2194//1952 2195//1953 2196//1954
f 330//1951 2196//1954 2197//1955 2198//1956
f 330//1951 2198//1956 2199//1957 2194//1952
f 331//1958 2201//1959 2202//1960 2203//1961
f 331//1958 2203//1961 2204//1962 335//1963
f 331//1958 335//1963 2205//1964 2201//1959
f 332//1882 2132//1881 2207//1965 2208//1966
f 333//1967 2209//1968 2210//1969 2211//1970
f 333//1967 2212//1971 2213//1972 2209//1968
f 333//1967 2211//1970 2214//1973 2212//1971
f 334//1769 339//1974 2215//1975 2034//1770
f 334//1769 2216//1976 2217//1977 339//1974
f 334//1769 2033//1768 2218//1978 2219//1979
f 334//1769 2219//1979 2220//1980 2216//1976
f 335//1963 2204//1962 2223//1981 2224//1982
f 335//1963 2224//1982 2225//1983 2226//1984
f 335//1963 2226//1984 2128//1877 2205//1964
f 336//1985 2227//1986 2228//1987 2229//1988
f 336//1985 2229//1988 2230//1989 2231//1990
f 336//1985 344//1991 2232//1992 2227//1986
f 337//1993 2233//1994 2234//1995 2235//1996
f 337//1993 2236//1997 2237//1998 2233//1994
f 337//1993 2235//1996 2238//1999 2236//1997
f 338//1889 2190//1947 2239//2000 2240//2001
f 338//1889 2241//2002 2193//1950 2189//1946
f 339//1974 2217//1977 2242//2003 2215//1975
f 340//2004 2244//2005 2245//2006 2246//2007
f 340//2004 2246//2007 2247//2008 2248//2009
f 340//2004 2248//2009 2249//2010 2244//2005
f 341//2011 2250//2012 2251//2013 2252//2014
f 341//2011 2253//2015 2254//2016 2250//2012
f 341//2011 2252//2014 2255//2017 2253//2015
f 338//1889 2240//2001 2256//2018 2137//1890
f 338//1889 321//1883 2257//2019 2241//2002
f 342//2020 2243//2021 2258//2022 346//2023
f 342//2020 2259//2024 2260//2025 2221//2026
f 342//2020 346//2023 2261//2027 2259//2024
f 343//2028 2262//2029 2263//2030 2264//2031
f 343//2028 2265//2032 2266//2033 2262//2029
f 343//2028 2264//2031 2267//2034 2265//2032
f 344//1991 336//1985 2268//2035 2269//2036
f 345//2037 2270//2038 2271//2039 2272//2040
f 345//2037 2272//2040 2273//2041 2274//2042
f 345//2037 2274//2042 2275//2043 2270//2038
f 346//2023 2258//2022 2276//2044 2261//2027
f 347//2045 2277//2046 2278//2047 2279//2048
f 347//2045 2280//2049 2281//2050 2282//2051
f 347//2045 2283//2052 355//2053 2284//2054
f 347//2045 2284//2054 2285//2055 2277//2046
f 347//2045 2282//2051 2286//2056 2283//2052
f 348//2057 2287//2058 2288//2059 2289//2060
f 348//2057 2290//2061 2291//2062 2287//2058
f 348//2057 2289//2060 2292//2063 2290//2061
f 349//2064 359//2065 2293//2066 2294//2067
f 349//2064 2295//2068 2296//2069 2297//2070
f 349//2064 2294//2067 2298//2071 2295//2068
f 350//2072 2296//2069 2295//2068 2299//2073
f 350//2072 2241//2002 2257//2019 2296//2069
f 350//2072 2300//2074 2193//1950 2241//2002
f 350//2072 2299//2073 2256//2018 2240//2001
f 350//2072 2240//2001 2239//2000 2301//2075
f 350//2072 2301//2075 2302//2076 2300//2074
f 351//2077 2303//2078 357//2079 360//2080
f 351//2077 2304//2081 2305//2082 2306//2083
f 351//2077 2306//2083 2307//2084 2303//2078
f 352//2085 2268//2035 2308//2086 356//2087
f 352//2085 2309//2088 2269//2036 2268//2035
f 352//2085 2310//2089 2311//2090 2309//2088
f 353//2091 2312//2092 2313//2093 357//2079
f 353//2091 357//2079 2303//2078 2314//2094
f 354//2095 2315//2096 2316//2097 2317//2098
f 354//2095 2318//2099 2319//2100 2320//2101
f 354//2095 2320//2101 364//2102 2321//2103
f 354//2095 2321//2103 2322//2104 2315//2096
f 347//2045 2279//2048 2323//2105 2280//2049
f 355//2053 2283//2052 2324//2106 2325//2107
f 356//2087 2326//2108 2327//2109 352//2085
f 356//2087 2308//2086 2328//2110 2326//2108
f 357//2079 2329//2111 2330//2112 360//2080
f 358//2113 2331//2114 2332//2115 2333//2116
f 358//2113 2279//2048 2278//2047 2331//2114
f 358//2113 2333//2116 2323//2105 2279//2048
f 359//2065 2334//2117 2335//2118 2293//2066
f 359//2065 2336//2119 2337//2120 2338//2121
f 359//2065 2338//2121 2339//2122 2334//2117
f 359//2065 349//2064 2340//2123 2336//2119
f 360//2080 2330//2112 2341//2124 351//2077
f 361//2125 2344//2126 2345//2127 367//2128
f 361//2125 2346//2129 2347//2130 2344//2126
f 361//2125 367//2128 2348//2131 2349//2132
f 362//2133 2350//2134 2351//2135 363//2136
f 362//2133 2352//2137 2353//2138 2350//2134
f 362//2133 363//2136 2354//2139 2355//2140
f 363//2136 2351//2135 2356//2141 2354//2139
f 364//2102 2357//2142 2342//2143 2321//2103
f 364//2102 2320//2101 2358//2144 2359//2145
f 365//2146 2360//2147 2361//2148 2325//2107
f 365//2146 2325//2107 2324//2106 2362//2149
f 365//2146 2362//2149 2363//2150 2360//2147
f 366//2151 2362//2149 2324//2106 2364//2152
f 366//2151 2365//2153 2363//2150 2362//2149
f 366//2151 2366//2154 2367//2155 2365//2153
f 366//2151 2364//2152 2368//2156 2369//2157
f 366//2151 2369//2157 2370//2158 2366//2154
f 367//2128 2345//2127 2371//2159 2348//2131
f 368//2160 2372//2161 2373//2162 2374//2163
f 368//2160 2374//2163 2375//2164 369//2165
f 368//2160 369//2165 2376//2166 2377//2167
f 368//2160 2378//2168 2379//2169 2372//2161
f 368//2160 2377//2167 2380//2170 2378//2168
f 2381//2171 2382//2172 2383//2173 2384//2174
f 369//2165 2375//2164 2385//2175 2376//2166
f 370//2176 2386//2177 2387//2178 2388//2179
f 370//2176 2388//2179 2389//2180 2390//2181
f 370//2176 2391//2182 2392//2183 2386//2177
f 370//2176 2390//2181 2393//2184 2394//2185
f 371//2186 2395//2187 2396//2188 2397//2189
f 371//2186 2398//2190 2399//2191 2395//2187
f 371//2186 2397//2189 2400//2192 2401//2193
f 371//2186 2401//2193 2402//2194 2403//2195
f 371//2186 2403//2195 2404//2196 2398//2190
f 372//2197 2405//2198 2406//2199 2407//2200
f 372//2197 2408//2201 2409//2202 2410//2203
f 372//2197 373//2204 2411//2205 2405//2198
f 372//2197 2410//2203 2412//2206 373//2204
f 373//2204 2413//2207 2414//2208 2415//2209
f 373//2204 2415//2209 2416//2210 2411//2205
f 373//2204 2412//2206 2417//2211 2413//2207
f 374//2212 2418//2213 2419//2214 2420//2215
f 374//2212 2421//2216 2422//2217 2423//2218
f 374//2212 2423//2218 2424//2219 2418//2213
f 375//2220 2425//2221 2426//2222 376//2223
f 375//2220 2427//2224 2428//2225 2425//2221
f 375//2220 2429//2226 2430//2227 2431//2228
f 375//2220 2431//2228 2432//2229 2427//2224
f 375//2220 376//2223 2433//2230 2429//2226
f 376//2223 2426//2222 2434//2231 2435//2232
f 376//2223 2436//2233 2437//2234 2433//2230
f 377//2235 2438//2236 2439//2237 380//2238
f 377//2235 2440//2239 2441//2240 2438//2236
f 377//2235 385//2241 2442//2242 2443//2243
f 377//2235 380//2238 2444//2244 385//2241
f 378//2245 2445//2246 2446//2247 381//2248
f 378//2245 2418//2213 2424//2219 2445//2246
f 378//2245 384//2249 2419//2214 2418//2213
f 379//2250 2447//2251 2448//2252 2449//2253
f 379//2250 2449//2253 2450//2254 2451//2255
f 379//2250 2451//2255 2452//2256 2453//2257
f 379//2250 2453//2257 2454//2258 2455//2259
f 377//2235 389//2260 2456//2261 2440//2239
f 377//2235 2443//2243 394//2262 389//2260
f 380//2238 2439//2237 2457//2263 2444//2244
f 381//2248 2458//2264 2459//2265 378//2245
f 382//2266 2460//2267 2461//2268 2462//2269
f 382//2266 2462//2269 2463//2270 2464//2271
f 382//2266 2465//2272 2466//2273 2460//2267
f 383//2274 2467//2275 2468//2276 2469//2277
f 383//2274 2451//2255 2450//2254 2470//2278
f 383//2274 2469//2277 2471//2279 2472//2280
f 383//2274 2470//2278 2473//2281 2467//2275
f 384//2249 378//2245 2459//2265 2474//2282
f 384//2249 2474//2282 2475//2283 2476//2284
f 385//2241 2444//2244 2477//2285 2478//2286
f 382//2266 2464//2271 2479//2287 2480//2288
f 382//2266 2480//2288 2481//2289 2482//2290
f 382//2266 2482//2290 2483//2291 2465//2272
f 386//2292 2484//2293 2485//2294 2486//2295
f 386//2292 2487//2296 2488//2297 2484//2293
f 386//2292 2489//2298 2490//2299 2487//2296
f 387//2300 2491//2301 2492//2302 2493//2303
f 387//2300 2494//2304 2495//2305 2491//2301
f 387//2300 2493//2303 2496//2306 2497//2307
f 387//2300 2498//2308 388//2309 2494//2304
f 387//2300 2497//2307 2499//2310 2498//2308
f 2500//2311 2501//2312 2502//2313 2503//2314
f 2500//2311 2504//2315 2505//2316 2506//2317
f 2500//2311 2503//2314 2507//2318 2504//2315
f 388//2309 2498//2308 2508//2319 2509//2320
f 388//2309 2510//2321 2511//2322 2512//2323
f 388//2309 2509//2320 2513//2324 2510//2321
f 389//2260 394//2262 2514//2325 2456//2261
f 390//2326 2515//2327 2516//2328 398//2329
f 390//2326 2517//2330 2518//2331 2519//2332
f 390//2326 2519//2332 2520//2333 2515//2327
f 390//2326 2521//2334 2522//2335 2517//2330
f 390//2326 398//2329 2523//2336 2521//2334
f 391//2337 2524//2338 2525//2339 2526//2340
f 391//2337 2527//2341 2528//2342 2524//2338
f 391//2337 2529//2343 2530//2344 2527//2341
f 392//2345 2531//2346 2532//2347 2533//2348
f 2535//2349 2507//2318 2531//2346 392//2345
f 392//2345 2533//2348 2534//2350 2535//2349
f 393//2351 2536//2352 2490//2299 2489//2298
f 393//2351 2489//2298 2537//2353 2538//2354
f 393//2351 2539//2355 2540//2356 2536//2352
f 393//2351 2538//2354 2541//2357 2542//2358
f 393//2351 2542//2358 2543//2359 2539//2355
f 394//2262 2443//2243 2544//2360 2545//2361
f 394//2262 2546//2362 396//2363 2514//2325
f 394//2262 2545//2361 2547//2364 2546//2362
f 395//2365 2548//2366 2549//2367 2550//2368
f 395//2365 2550//2368 2551//2369 2552//2370
f 395//2365 2553//2371 2554//2372 2548//2366
f 395//2365 2529//2343 391//2337 2553//2371
f 396//2363 2555//2373 2556//2374 2514//2325
f 396//2363 2516//2328 2515//2327 2555//2373
f 396//2363 2546//2362 2557//2375 2558//2376
f 397//2377 2559//2378 2560//2379 399//2380
f 397//2377 399//2380 2561//2381 2562//2382
f 397//2377 2563//2383 2564//2384 2559//2378
f 397//2377 2565//2385 2566//2386 2563//2383
f 399//2380 2560//2379 2567//2387 2568//2388
f 399//2380 2568//2388 2569//2389 2570//2390
f 400//2391 2571//2392 2572//2393 407//2394
f 400//2391 2573//2395 2574//2396 2571//2392
f 400//2391 2575//2397 2576//2398 2573//2395
f 400//2391 407//2394 2577//2399 2578//2400
f 400//2391 2578//2400 2579//2401 2575//2397
f 401//2402 2580//2403 2581//2404 2582//2405
f 401//2402 2583//2406 2584//2407 2580//2403
f 401//2402 2585//2408 2586//2409 2583//2406
f 402//2410 2587//2411 2588//2412 2589//2413
f 402//2410 2590//2414 2591//2415 2587//2411
f 402//2410 2592//2416 2582//2405 2590//2414
f 403//2417 2593//2418 2594//2419 2595//2420
f 403//2417 2596//2421 2597//2422 2598//2423
f 403//2417 2595//2420 2599//2424 2596//2421
f 403//2417 2598//2423 2600//2425 406//2426
f 403//2417 406//2426 2601//2427 2593//2418
f 404//2428 2602//2429 2603//2430 2604//2431
f 2606//2432 2607//2433 2602//2429 404//2428
f 404//2428 2604//2431 2605//2434 2606//2432
f 405//2435 2608//2436 2609//2437 2610//2438
f 405//2435 2611//2439 2612//2440 2613//2441
f 405//2435 2613//2441 2614//2442 2608//2436
f 405//2435 2610//2438 2615//2443 2616//2444
f 405//2435 2616//2444 2617//2445 2611//2439
f 406//2426 2600//2425 2618//2446 2601//2427
f 407//2394 2619//2447 2620//2448 2621//2449
f 407//2394 2572//2393 2622//2450 2619//2447
f 407//2394 2621//2449 2623//2451 2577//2399
f 408//2452 2624//2453 2625//2454 2626//2455
f 408//2452 2626//2455 2627//2456 413//2457
f 408//2452 2628//2458 2629//2459 2630//2460
f 408//2452 2630//2460 2631//2461 2624//2453
f 408//2452 413//2457 2632//2462 2628//2458
f 409//2463 2633//2464 2634//2465 2635//2466
f 409//2463 2636//2467 2637//2468 2633//2464
f 409//2463 2635//2466 2638//2469 2639//2470
f 410//2471 2640//2472 2641//2473 2642//2474
f 410//2471 2642//2474 2643//2475 2644//2476
f 410//2471 2645//2477 2646//2478 416//2479
f 410//2471 2644//2476 2647//2480 2645//2477
f 410//2471 416//2479 2648//2481 2640//2472
f 409//2463 2639//2470 2649//2482 2636//2467
f 411//2483 2650//2484 2651//2485 2652//2486
f 411//2483 2652//2486 2611//2439 2617//2445
f 411//2483 2617//2445 412//2487 2653//2488
f 411//2483 2653//2488 2654//2489 2655//2490
f 411//2483 2655//2490 2656//2491 2650//2484
f 412//2487 2617//2445 2616//2444 2657//2492
f 412//2487 2657//2492 414//2493 2653//2488
f 413//2457 2627//2456 2658//2494 2659//2495
f 413//2457 2659//2495 2660//2496 2661//2497
f 413//2457 2661//2497 2662//2498 2632//2462
f 414//2493 2657//2492 2663//2499 2664//2500
f 414//2493 2664//2500 2665//2501 2666//2502
f 414//2493 2667//2503 2654//2489 2653//2488
f 414//2493 2666//2502 2668//2504 2667//2503
f 415//2505 419//2506 2669//2507 2670//2508
f 415//2505 2671//2509 2672//2510 2673//2511
f 415//2505 2674//2512 2675//2513 2671//2509
f 415//2505 2670//2508 2676//2514 2674//2512
f 416//2479 2646//2478 2677//2515 2678//2516
f 416//2479 2678//2516 2679//2517 2680//2518
f 417//2519 2681//2520 2682//2521 2683//2522
f 417//2519 2683//2522 2684//2523 2685//2524
f 417//2519 2685//2524 2686//2525 2681//2520
f 418//2526 2687//2527 2688//2528 2689//2529
f 418//2526 2690//2530 2691//2531 2687//2527
f 418//2526 2692//2532 2693//2533 2690//2530
f 418//2526 2689//2529 2694//2534 2692//2532
f 419//2506 415//2505 2673//2511 2695//2535
f 419//2506 2695//2535 2696//2536 2697//2537
f 419//2506 2698//2538 2699//2539 2669//2507
f 419//2506 2697//2537 2700//2540 2698//2538
f 420//2541 2701//2542 2702//2543 2703//2544
f 420//2541 2704//2545 2705//2546 2701//2542
f 420//2541 2703//2544 2706//2547 2704//2545
f 421//2548 2707//2549 2708//2550 2709//2551
f 421//2548 2709//2551 2710//2552 2711//2553
f 421//2548 2711//2553 2712//2554 2713//2555
f 421//2548 2714//2556 2715//2557 2707//2549
f 421//2548 2713//2555 2716//2558 2714//2556
f 422//2559 2717//2560 2718//2561 2719//2562
f 422//2559 424//2563 2720//2564 2721//2565
f 422//2559 2719//2562 2722//2566 2723//2567
f 422//2559 2723//2567 2724//2568 424//2563
f 423//2569 2725//2570 2726//2571 2727//2572
f 423//2569 2727//2572 2728//2573 2729//2574
f 423//2569 2729//2574 2730//2575 2731//2576
f 424//2563 2732//2577 2733//2578 2720//2564
f 424//2563 2734//2579 2735//2580 2732//2577
f 424//2563 2724//2568 2736//2581 2734//2579
f 425//2582 2737//2583 2738//2584 2739//2585
f 425//2582 2739//2585 2740//2586 2741//2587
f 425//2582 2741//2587 2742//2588 2743//2589
f 425//2582 2743//2589 2744//2590 2745//2591
f 425//2582 2745//2591 2746//2592 2737//2583
f 426//2593 2674//2512 2676//2514 2747//2594
f 426//2593 2748//2595 2675//2513 2674//2512
f 426//2593 2747//2594 2749//2596 2750//2597
f 426//2593 2751//2598 2752//2599 2748//2595
f 427//2600 2753//2601 2690//2530 2693//2533
f 427//2600 2693//2533 2754//2602 2755//2603
f 427//2600 2756//2604 2757//2605 2753//2601
f 428//2606 2758//2607 2759//2608 2760//2609
f 428//2606 2761//2610 2762//2611 2758//2607
f 428//2606 2760//2609 2763//2612 2764//2613
f 428//2606 2764//2613 2765//2614 2766//2615
f 428//2606 2766//2615 2767//2616 2761//2610
f 429//2617 2700//2540 2768//2618 2769//2619
f 429//2617 2769//2619 2770//2620 2771//2621
f 429//2617 2772//2622 2698//2538 2700//2540
f 429//2617 2773//2623 2750//2597 2772//2622
f 429//2617 2771//2621 2774//2624 2773//2623
f 430//2625 2775//2626 2776//2627 2777//2628
f 430//2625 2777//2628 2778//2629 2779//2630
f 430//2625 2780//2631 2781//2632 2775//2626
f 430//2625 2782//2633 2783//2634 2780//2631
f 430//2625 2779//2630 2784//2635 2782//2633
f 431//2636 2719//2562 2718//2561 2785//2637
f 431//2636 2785//2637 2786//2638 2787//2639
f 431//2636 2788//2640 2722//2566 2719//2562
f 431//2636 2787//2639 2789//2641 438//2642
f 431//2636 438//2642 2790//2643 2788//2640
f 432//2644 2791//2645 2792//2646 2793//2647
f 432//2644 2794//2648 2795//2649 2796//2650
f 432//2644 2793//2647 2797//2651 2794//2648
f 433//2652 2798//2653 2799//2654 2800//2655
f 433//2652 2742//2588 2741//2587 2801//2656
f 433//2652 2800//2655 2802//2657 2742//2588
f 434//2658 2803//2659 2804//2660 2805//2661
f 434//2658 2805//2661 2806//2662 2807//2663
f 434//2658 2807//2663 2808//2664 2803//2659
f 435//2665 2809//2666 2810//2667 2811//2668
f 435//2665 2812//2669 2813//2670 2809//2666
f 435//2665 2811//2668 2814//2671 2812//2669
f 436//2672 2728//2573 2727//2572 2815//2673
f 436//2672 2815//2673 2816//2674 2817//2675
f 436//2672 2818//2676 2819//2677 2728//2573
f 436//2672 2817//2675 2820//2678 2821//2679
f 436//2672 2821//2679 2822//2680 2818//2676
f 437//2681 2823//2682 2824//2683 2825//2684
f 437//2681 2826//2685 2827//2686 2828//2687
f 437//2681 2828//2687 2829//2688 2830//2689
f 437//2681 2830//2689 2831//2690 2823//2682
f 438//2642 2832//2691 2833//2692 2834//2693
f 438//2642 2834//2693 2835//2694 2790//2643
f 438//2642 2789//2641 2836//2695 2832//2691
f 439//2696 2837//2697 2838//2698 2839//2699
f 439//2696 2784//2635 2840//2700 2837//2697
f 439//2696 2841//2701 2782//2633 2784//2635
f 440//2702 2842//2703 2843//2704 2844//2705
f 440//2702 2807//2663 2806//2662 2842//2703
f 440//2702 2844//2705 2808//2664 2807//2663
f 441//2706 2764//2613 2763//2612 2845//2707
f 441//2706 2845//2707 2846//2708 2847//2709
f 441//2706 2848//2710 2765//2614 2764//2613
f 441//2706 2849//2711 2850//2712 2848//2710
f 441//2706 2847//2709 2851//2713 2849//2711
f 442//2714 2852//2715 2853//2716 2854//2717
f 442//2714 2854//2717 2855//2718 2856//2719
f 442//2714 2856//2719 2857//2720 2852//2715
f 443//2721 2858//2722 2859//2723 2860//2724
f 443//2721 2860//2724 2861//2725 2862//2726
f 443//2721 2863//2727 2864//2728 2858//2722
f 443//2721 2862//2726 2865//2729 2866//2730
f 443//2721 2866//2730 2867//2731 2863//2727
f 444//2732 2868//2733 2829//2688 2828//2687
f 444//2732 2828//2687 2827//2686 2869//2734
f 444//2732 2870//2735 2871//2736 2872//2737
f 444//2732 2872//2737 2873//2738 2868//2733
f 444//2732 2869//2734 2874//2739 2870//2735
f 445//2740 2875//2741 449//2742 2876//2743
f 445//2740 2877//2744 2878//2745 2875//2741
f 445//2740 2876//2743 2879//2746 2877//2744
f 446//2747 2880//2748 2881//2749 2882//2750
f 446//2747 2882//2750 2883//2751 2884//2752
f 446//2747 2884//2752 2885//2753 2886//2754
f 446//2747 2886//2754 453//2755 2887//2756
f 446//2747 2887//2756 2888//2757 2880//2748
f 447//2758 2889//2759 2890//2760 2891//2761
f 447//2758 2891//2761 2892//2762 2893//2763
f 447//2758 2893//2763 2894//2764 2889//2759
f 448//2765 2895//2766 2896//2767 2897//2768
f 448//2765 2898//2769 2899//2770 2895//2766
f 448//2765 2900//2771 2901//2772 2898//2769
f 448//2765 2902//2773 2903//2774 2900//2771
f 448//2765 2897//2768 2904//2775 2902//2773
f 449//2742 2875//2741 2905//2776 2906//2777
f 449//2742 2907//2778 2908//2779 2876//2743
f 450//2780 2909//2781 2910//2782 2911//2783
f 450//2780 2911//2783 2912//2784 2913//2785
f 450//2780 2914//2786 2915//2787 2909//2781
f 450//2780 2913//2785 2916//2788 455//2789
f 450//2780 455//2789 2917//2790 2914//2786
f 451//2791 2918//2792 2919//2793 2920//2794
f 451//2791 2867//2731 2866//2730 2918//2792
f 451//2791 2920//2794 2921//2795 2922//2796
f 452//2797 2923//2798 2924//2799 2925//2800
f 452//2797 2926//2801 2927//2802 2923//2798
f 452//2797 2928//2803 2929//2804 2926//2801
f 453//2755 2886//2754 2930//2805 2931//2806
f 453//2755 2931//2806 2932//2807 2887//2756
f 454//2808 2903//2774 2902//2773 2933//2809
f 454//2808 2934//2810 2935//2811 2903//2774
f 454//2808 2933//2809 2936//2812 2934//2810
f 455//2789 2937//2813 2938//2814 2917//2790
f 455//2789 2939//2815 2940//2816 2937//2813
f 455//2789 2916//2788 2941//2817 2939//2815
f 456//2818 2942//2819 2908//2779 2907//2778
f 456//2818 2907//2778 2943//2820 2944//2821
f 456//2818 2945//2822 457//2823 2942//2819
f 457//2823 2946//2824 2947//2825 2942//2819
f 457//2823 464//2826 2948//2827 2946//2824
f 458//2828 2949//2829 2950//2830 2951//2831
f 458//2828 2951//2831 2952//2832 2953//2833
f 458//2828 2953//2833 2954//2834 2949//2829
f 459//2835 2955//2836 2881//2749 2880//2748
f 459//2835 2956//2837 2957//2838 2955//2836
f 459//2835 2880//2748 2888//2757 2958//2839
f 459//2835 2958//2839 2959//2840 2960//2841
f 460//2842 2961//2843 2962//2844 2963//2845
f 460//2842 2964//2846 2965//2847 2966//2848
f 460//2842 2966//2848 2967//2849 2961//2843
f 460//2842 2963//2845 2968//2850 2969//2851
f 460//2842 2969//2851 2970//2852 2964//2846
f 461//2853 2971//2854 2972//2855 2973//2856
f 461//2853 2973//2856 2974//2857 2975//2858
f 461//2853 2976//2859 2977//2860 2971//2854
f 461//2853 2975//2858 2874//2739 2978//2861
f 461//2853 2979//2862 2980//2863 2976//2859
f 461//2853 2978//2861 2981//2864 2979//2862
f 462//2865 2982//2866 2932//2807 2983//2867
f 462//2865 2984//2868 2985//2869 2982//2866
f 462//2865 2986//2870 2987//2871 2984//2868
f 462//2865 2983//2867 2988//2872 466//2873
f 462//2865 466//2873 2989//2874 2986//2870
f 463//2875 2990//2876 2991//2877 2992//2878
f 463//2875 2993//2879 2994//2880 2990//2876
f 463//2875 2992//2878 2995//2881 2993//2879
f 464//2826 457//2823 2996//2882 2997//2883
f 465//2884 2904//2775 2998//2885 2999//2886
f 465//2884 2933//2809 2902//2773 2904//2775
f 465//2884 3000//2887 2936//2812 2933//2809
f 465//2884 2999//2886 3001//2888 3002//2889
f 465//2884 3002//2889 495//2890 3000//2887
f 466//2873 2988//2872 3003//2891 474//2892
f 467//2893 468//2894 3004//2895 3005//2896
f 467//2893 3006//2897 3007//2898 3008//2899
f 467//2893 3008//2899 3009//2900 468//2894
f 467//2893 3005//2896 3010//2901 3011//2902
f 467//2893 3011//2902 3012//2903 3006//2897
f 468//2894 3009//2900 3013//2904 3004//2895
f 469//2905 3014//2906 3015//2907 3016//2908
f 3018//2909 3019//2910 3014//2906 469//2905
f 469//2905 3016//2908 3017//2911 3018//2909
f 470//2912 2897//2768 2896//2767 3020//2913
f 470//2912 3020//2913 3021//2914 2998//2885
f 470//2912 2998//2885 2904//2775 2897//2768
f 471//2915 3016//2908 3022//2916 3023//2917
f 471//2915 3024//2918 3017//2911 3016//2908
f 472//2919 3025//2920 3026//2921 3027//2922
f 472//2919 3028//2923 3029//2924 3025//2920
f 472//2919 3030//2925 3031//2926 3028//2923
f 472//2919 3027//2922 3032//2927 3033//2928
f 472//2919 3033//2928 3034//2929 3030//2925
f 473//2930 3035//2931 478//2932 3036//2933
f 473//2930 3037//2934 3038//2935 3035//2931
f 473//2930 3036//2933 3039//2936 3037//2934
f 474//2892 3003//2891 3040//2937 3041//2938
f 474//2892 3041//2938 3042//2939 478//2932
f 475//2940 3043//2941 3044//2942 3045//2943
f 475//2940 3046//2944 3047//2945 3043//2941
f 475//2940 3048//2946 3049//2947 3046//2944
f 476//2948 3050//2949 3051//2950 3052//2951
f 476//2948 3053//2952 3054//2953 3050//2949
f 476//2948 3052//2951 3055//2954 3053//2952
f 477//2955 3056//2956 3057//2957 3058//2958
f 477//2955 3059//2959 3060//2960 3056//2956
f 477//2955 3058//2958 3061//2961 3059//2959
f 478//2932 3035//2931 2986//2870 2989//2874
f 478//2932 3042//2939 3062//2962 3036//2933
f 479//2963 3063//2964 3064//2965 3065//2966
f 479//2963 3066//2967 3067//2968 3063//2964
f 480//2969 3069//2970 3070//2971 3071//2972
f 480//2969 3072//2973 3073//2974 3074//2975
f 480//2969 3075//2976 3076//2977 3072//2973
f 480//2969 3071//2972 3077//2978 3075//2976
f 481//2979 3078//2980 3079//2981 3080//2982
f 481//2979 3081//2983 3082//2984 3083//2985
f 481//2979 3080//2982 3084//2986 3081//2983
f 482//2987 3053//2952 3055//2954 3085//2988
f 482//2987 3086//2989 3054//2953 3053//2952
f 482//2987 3085//2988 3087//2990 3086//2989
f 483//2991 3088//2992 3089//2993 3087//2990
f 483//2991 3087//2990 3085//2988 3090//2994
f 483//2991 3091//2995 3092//2996 3088//2992
f 483//2991 3090//2994 3093//2997 3094//2998
f 483//2991 3094//2998 3095//2999 3091//2995
f 484//3000 3096//3001 3097//3002 3098//3003
f 484//3000 3018//2909 3017//2911 3096//3001
f 484//3000 3098//3003 3099//3004 3018//2909
f 485//3005 3100//3006 3101//3007 3102//3008
f 485//3005 3103//3009 498//3010 3104//3011
f 485//3005 3102//3008 3105//3012 3103//3009
f 485//3005 3104//3011 3106//3013 3107//3014
f 485//3005 3107//3014 3108//3015 3100//3006
f 486//3016 3109//3017 3110//3018 3111//3019
f 486//3016 3111//3019 3112//3020 3113//3021
f 486//3016 3114//3022 3115//3023 3116//3024
f 486//3016 3113//3021 3117//3025 3114//3022
f 486//3016 3116//3024 3118//3026 3109//3017
f 487//3027 3119//3028 3120//3029 3121//3030
f 487//3027 3122//3031 3123//3032 3119//3028
f 487//3027 3121//3030 3124//3033 3125//3034
f 487//3027 3125//3034 3126//3035 3127//3036
f 487//3027 3127//3036 3128//3037 3122//3031
f 488//3038 3129//3039 3130//3040 3131//3041
f 488//3038 3131//3041 3132//3042 3133//3043
f 488//3038 3133//3043 3134//3044 3129//3039
f 489//3045 490//3046 3135//3047 3136//3048
f 489//3045 3136//3048 3137//3049 3138//3050
f 489//3045 3138//3050 3139//3051 3140//3052
f 489//3045 3140//3052 3141//3053 3142//3054
f 489//3045 3142//3054 3143//3055 490//3046
f 490//3046 3143//3055 3144//3056 3135//3047
f 491//3057 3145//3058 3146//3059 3147//3060
f 491//3057 3148//3061 3149//3062 3145//3058
f 491//3057 3147//3060 3150//3063 3148//3061
f 492//3064 3151//3065 3132//3042 3131//3041
f 492//3064 3131//3041 3130//3040 3152//3066
f 492//3064 3152//3066 3153//3067 3151//3065
f 493//3068 3031//2926 3030//2925 3154//3069
f 493//3068 3154//3069 3155//3070 515//3071
f 493//3068 3057//2957 3156//3072 3031//2926
f 494//3073 3157//3074 3059//2959 3061//2961
f 494//3073 3158//3075 3159//3076 3157//3074
f 494//3073 509//3077 3160//3078 508//3079
f 494//3073 3061//2961 3161//3080 509//3077
f 494//3073 508//3079 3162//3081 3158//3075
f 495//2890 3002//2889 3163//3082 3164//3083
f 495//2890 3164//3083 3165//3084 3166//3085
f 495//2890 3166//3085 3167//3086 3023//2917
f 496//3087 3168//3088 3169//3089 3170//3090
f 496//3087 3170//3090 3171//3091 3172//3092
f 496//3087 3172//3092 3173//3093 3168//3088
f 497//3094 3084//2986 3080//2982 3174//3095
f 497//3094 3175//3096 3176//3097 3084//2986
f 498//3010 3103//3009 3177//3098 518//3099
f 498//3010 3178//3100 3179//3101 3180//3102
f 498//3010 3180//3102 3181//3103 3104//3011
f 498//3010 518//3099 527//3104 3178//3100
f 499//3105 3182//3106 3183//3107 3184//3108
f 499//3105 3184//3108 3185//3109 3186//3110
f 499//3105 3186//3110 3187//3111 3182//3106
f 500//3112 3188//3113 3189//3114 3190//3115
f 500//3112 3191//3116 3093//2997 3188//3113
f 500//3112 3192//3117 3193//3118 3191//3116
f 501//3119 3194//3120 3195//3121 3196//3122
f 501//3119 3196//3122 3197//3123 3198//3124
f 501//3119 3199//3125 3200//3126 3194//3120
f 501//3119 3198//3124 512//3127 3201//3128
f 501//3119 3201//3128 3202//3129 3199//3125
f 502//3130 3097//3002 3203//3131 3204//3132
f 502//3130 3205//3133 3098//3003 3097//3002
f 502//3130 3204//3132 3206//3134 3205//3133
f 503//3135 3207//3136 3208//3137 3209//3138
f 503//3135 3210//3139 3211//3140 505//3141
f 503//3135 505//3141 3212//3142 3207//3136
f 503//3135 3209//3138 3213//3143 504//3144
f 503//3135 504//3144 3214//3145 3210//3139
f 504//3144 3215//3146 3216//3147 3217//3148
f 504//3144 3217//3148 3218//3149 505//3141
f 504//3144 505//3141 3211//3140 3214//3145
f 504//3144 3213//3143 3219//3150 3215//3146
f 505//3141 3218//3149 3220//3151 3212//3142
f 506//3152 3221//3153 3222//3154 3223//3155
f 506//3152 3224//3156 3225//3157 3221//3153
f 506//3152 3223//3155 3226//3158 3224//3156
f 507//3159 3227//3160 3228//3161 3229//3162
f 507//3159 3230//3163 3231//3164 3227//3160
f 507//3159 3229//3162 3232//3165 3230//3163
f 508//3079 3160//3078 3233//3166 3162//3081
f 509//3077 3161//3080 3234//3167 3160//3078
f 510//3168 3235//3169 3236//3170 3237//3171
f 510//3168 3238//3172 3239//3173 3240//3174
f 510//3168 3237//3171 3241//3175 3238//3172
f 510//3168 3240//3174 3242//3176 3243//3177
f 510//3168 3243//3177 3244//3178 3235//3169
f 511//3179 3223//3155 3222//3154 3245//3180
f 511//3179 3245//3180 3191//3116 3193//3118
f 511//3179 3246//3181 3226//3158 3223//3155
f 512//3127 3198//3124 3247//3182 3248//3183
f 512//3127 3248//3183 528//3184 3249//3185
f 512//3127 3250//3186 3251//3187 3201//3128
f 512//3127 3249//3185 3252//3188 3250//3186
f 513//3189 3202//3129 3201//3128 3251//3187
f 513//3189 3252//3188 3249//3185 3202//3129
f 514//3190 3253//3191 3106//3013 3254//3192
f 514//3190 3254//3192 3255//3193 3256//3194
f 514//3190 3256//3194 3257//3195 3253//3191
f 515//3071 3258//3196 3259//3197 3260//3198
f 515//3071 3261//3199 3262//3200 493//3068
f 515//3071 3260//3198 3263//3201 3261//3199
f 516//3202 3264//3203 3265//3204 3266//3205
f 516//3202 3267//3206 3268//3207 3264//3203
f 516//3202 3266//3205 3269//3208 3267//3206
f 517//3209 3270//3210 3271//3211 3272//3212
f 517//3209 3272//3212 3273//3213 3274//3214
f 517//3209 3274//3214 3275//3215 3270//3210
f 519//3216 3276//3217 3277//3218 3278//3219
f 519//3216 3278//3219 3279//3220 3280//3221
f 519//3216 3280//3221 3281//3222 3276//3217
f 520//3223 3282//3224 3283//3225 3284//3226
f 520//3223 3284//3226 3285//3227 523//3228
f 520//3223 3286//3229 521//3230 3282//3224
f 520//3223 3287//3231 532//3232 3286//3229
f 520//3223 523//3228 533//3233 3287//3231
f 521//3230 3288//3234 3289//3235 3290//3236
f 521//3230 3290//3236 523//3228 3282//3224
f 521//3230 3286//3229 3291//3237 3292//3238
f 521//3230 3292//3238 3293//3239 3288//3234
f 522//3240 3219//3150 3213//3143 3294//3241
f 522//3240 3295//3242 3296//3243 3219//3150
f 522//3240 3297//3244 3298//3245 3295//3242
f 523//3228 3285//3227 3283//3225 3282//3224
f 523//3228 3290//3236 3300//3246 3301//3247
f 523//3228 3301//3247 3302//3248 533//3233
f 524//3249 3303//3250 3304//3251 3305//3252
f 524//3249 3305//3252 3306//3253 3307//3254
f 524//3249 3308//3255 3309//3256 3303//3250
f 525//3257 3310//3258 3311//3259 3312//3260
f 525//3257 3165//3084 3164//3083 3310//3258
f 525//3257 3312//3260 3313//3261 3314//3262
f 525//3257 3315//3263 3316//3264 3165//3084
f 525//3257 3314//3262 3317//3265 3315//3263
f 526//3266 3318//3267 3181//3103 3180//3102
f 526//3266 531//3268 3319//3269 3318//3267
f 526//3266 3180//3102 3179//3101 531//3268
f 9845//3270 3302//3248 3320//3271 3321//3272
f 528//3184 3248//3183 3322//3273 3323//3274
f 528//3184 3323//3274 3324//3275 3325//3276
f 528//3184 3199//3125 3202//3129 3249//3185
f 528//3184 3325//3276 3200//3126 3199//3125
f 529//3277 3326//3278 3327//3279 3328//3280
f 529//3277 3328//3280 3329//3281 3330//3282
f 529//3277 3331//3283 3332//3284 3326//3278
f 529//3277 3330//3282 3333//3285 540//3286
f 529//3277 540//3286 541//3287 3331//3283
f 524//3249 3307//3254 3334//3288 3308//3255
f 530//3289 3335//3290 3336//3291 3337//3292
f 530//3289 3337//3292 3338//3293 3339//3294
f 530//3289 3339//3294 3340//3295 3335//3290
f 531//3268 3179//3101 3341//3296 3342//3297
f 531//3268 3343//3298 3344//3299 3319//3269
f 531//3268 3342//3297 3345//3300 3343//3298
f 532//3232 3287//3231 3346//3301 3347//3302
f 532//3232 3347//3302 3291//3237 3286//3229
f 533//3233 3348//3303 3346//3301 3287//3231
f 534//3304 3349//3305 3350//3306 3351//3307
f 534//3304 3351//3307 3352//3308 3353//3309
f 534//3304 3353//3309 3354//3310 3355//3311
f 534//3304 3355//3311 3356//3312 3357//3313
f 534//3304 3357//3313 3358//3314 3349//3305
f 535//3315 3359//3316 3360//3317 3361//3318
f 535//3315 3361//3318 3362//3319 3363//3320
f 535//3315 3363//3320 3364//3321 3359//3316
f 533//3233 3365//3322 3366//3323 3348//3303
f 9845//3270 3321//3272 3367//3324 3365//3322
f 536//3325 3368//3326 3369//3327 545//3328
f 536//3325 3370//3329 3371//3330 3368//3326
f 536//3325 545//3328 539//3331 3372//3332
f 536//3325 3372//3332 3373//3333 3374//3334
f 536//3325 3374//3334 3375//3335 3370//3329
f 537//3336 3376//3337 3377//3338 3378//3339
f 537//3336 3379//3340 3380//3341 3376//3337
f 537//3336 3378//3339 3381//3342 3379//3340
f 538//3343 3382//3344 3383//3345 3384//3346
f 538//3343 3385//3347 3386//3348 3382//3344
f 538//3343 3384//3346 3387//3349 3385//3347
f 539//3331 3388//3350 3389//3351 3390//3352
f 539//3331 3390//3352 3356//3312 3355//3311
f 539//3331 545//3328 3391//3353 3388//3350
f 539//3331 3355//3311 3354//3310 3392//3354
f 540//3286 3393//3355 544//3356 543//3357
f 540//3286 543//3357 3394//3358 541//3287
f 541//3287 544//3356 3395//3359 3331//3283
f 541//3287 542//3360 543//3357 544//3356
f 541//3287 3394//3358 3396//3361 542//3360
f 542//3360 3397//3362 3398//3363 3399//3364
f 542//3360 3396//3361 3400//3365 3397//3362
f 542//3360 3399//3364 3401//3366 543//3357
f 539//3331 3392//3354 3402//3367 3372//3332
f 543//3357 3403//3368 3404//3369 3394//3358
f 543//3357 3401//3366 3405//3370 3403//3368
f 544//3356 3406//3371 3407//3372 3395//3359
f 544//3356 3393//3355 3408//3373 3406//3371
f 545//3328 3369//3327 3409//3374 548//3375
f 545//3328 3410//3376 546//3377 3391//3353
f 545//3328 548//3375 3411//3378 3410//3376
f 546//3377 3410//3376 3412//3379 547//3380
f 546//3377 547//3380 3413//3381 3414//3382
f 546//3377 3415//3383 3409//3374 3391//3353
f 546//3377 3414//3382 3416//3384 3415//3383
f 547//3380 3417//3385 3418//3386 3419//3387
f 547//3380 3412//3379 3420//3388 3417//3385
f 548//3375 3409//3374 3415//3383 3421//3389
f 548//3375 3421//3389 3422//3390 3423//3391
f 548//3375 3423//3391 3424//3392 3411//3378
f 549//3393 3425//3394 3426//3395 3427//3396
f 549//3393 3427//3396 3428//3397 3429//3398
f 549//3393 3429//3398 3430//3399 3425//3394
f 550//3400 3431//3401 3432//3402 3433//3403
f 550//3400 3433//3403 3434//3404 3435//3405
f 550//3400 3435//3405 3436//3406 3431//3401
f 551//3407 3437//3408 3438//3409 3439//3410
f 551//3407 3440//3411 3441//3412 3437//3408
f 551//3407 3439//3410 3442//3413 3440//3411
f 552//3414 3443//3415 3444//3416 3445//3417
f 552//3414 3446//3418 3447//3419 3443//3415
f 552//3414 3445//3417 3448//3420 3446//3418
f 553//890 1277//892 3449//3421 1271//891
f 3449//3421 3450//3422 3451//3423 1268//879
f 3449//3421 1268//879 1267//878 1271//891
f 3449//3421 1277//892 3452//3424 3450//3422
f 3452//3424 1234//844 1233//843 3450//3422
f 3452//3424 1277//892 1270//881 1269//880
f 3452//3424 1269//880 3453//3425 1234//844
f 3453//3425 3454//3426 1235//845 1234//844
f 3453//3425 1269//880 1265//877 3455//3427
f 3453//3425 3455//3427 3456//3428 3454//3426
f 3456//3428 1227//837 3457//3429 3454//3426
f 3456//3428 3455//3427 3458//3430 3459//3431
f 3456//3428 3459//3431 1220//830 1227//837
f 3459//3431 3458//3430 1238//848 1237//847
f 3459//3431 1237//847 1221//831 1220//830
f 3458//3430 3455//3427 1265//877 1264//876
f 3458//3430 1264//876 3460//3432 1238//848
f 3460//3432 1208//814 1207//813 1238//848
f 3460//3432 1264//876 1263//875 3461//3433
f 3460//3432 3461//3433 3462//3434 1208//814
f 3462//3434 1243//3435 1194//795 1208//814
f 3462//3434 3461//3433 3451//3423 1232//842
f 3462//3434 1232//842 1193//792 1243//3435
f 3461//3433 1263//875 1268//879 3451//3423
f 3457//3429 3463//3436 3464//3437 1236//846
f 3457//3429 1236//846 1235//845 3454//3426
f 3457//3429 1227//837 1226//836 3463//3436
f 3464//3437 3463//3436 3465//3438 3466//3439
f 3464//3437 3466//3439 1223//833 1222//832
f 3464//3437 1222//832 1224//834 1236//846
f 3466//3439 3465//3438 1231//841 1230//840
f 3466//3439 1230//840 1229//839 1223//833
f 3465//3438 1228//838 3467//3440 1231//841
f 3465//3438 3463//3436 1226//836 1228//838
f 3467//3440 1228//838 1225//835 3468//3441
f 3468//3441 3469//3442 3470//3443 3467//3440
f 3468//3441 1225//835 1201//804 3471//3444
f 3468//3441 3471//3444 3472//3445 3469//3442
f 3472//3445 3471//3444 3473//3446 3474//3447
f 3472//3445 3474//3447 1145//732 159//731
f 3472//3445 159//731 1149//738 3469//3442
f 3474//3447 3473//3446 3475//3448 3476//3449
f 3474//3447 3476//3449 1170//763 1145//732
f 3476//3449 3475//3448 3477//3450 3478//3451
f 3476//3449 3478//3451 3479//3452 1170//763
f 3479//3452 3478//3451 3480//3453 3481//3454
f 3479//3452 3481//3454 1135//717 1105//680
f 3479//3452 1105//680 1104//679 1170//763
f 3481//3454 3480//3453 3482//3455 3483//3456
f 3481//3454 3483//3456 3484//3457 1135//717
f 3484//3457 3483//3456 3485//3458 3486//3459
f 3484//3457 3486//3459 1050//615 1049//614
f 3484//3457 1049//614 1093//664 1135//717
f 3486//3459 3485//3458 3487//3460 3488//3461
f 3486//3459 3488//3461 3489//3462 1050//615
f 3489//3462 3488//3461 3490//3463 3491//3464
f 3489//3462 3491//3464 3492//3465 3493//3466
f 3489//3462 3493//3466 126//600 1050//615
f 3493//3466 3492//3465 3494//3467 3495//3468
f 3493//3466 3495//3468 1046//611 126//600
f 3495//3468 3494//3467 3496//3469 3497//3470
f 3495//3468 3497//3470 3498//3471 1046//611
f 3498//3471 3497//3470 3499//3472 3500//3473
f 3498//3471 3500//3473 975//531 979//535
f 3498//3471 979//535 1047//612 1046//611
f 3500//3473 3499//3472 3501//3474 3502//3475
f 3500//3473 3502//3475 976//532 975//531
f 3502//3475 3501//3474 1058//625 3503//3476
f 3502//3475 3503//3476 3504//3477 976//532
f 3504//3477 3503//3476 3505//3478 3506//3479
f 3504//3477 3506//3479 3507//3480 3508//3481
f 3504//3477 3508//3481 977//533 976//532
f 3508//3481 3507//3480 3509//3482 3510//3483
f 3508//3481 3510//3483 978//534 977//533
f 3510//3483 3509//3482 3511//3484 3512//3485
f 3510//3483 3512//3485 3513//3486 978//534
f 3513//3486 3512//3485 3514//3487 3515//3488
f 3513//3486 3515//3488 1094//665 1022//585
f 3513//3486 1022//585 974//529 978//534
f 3515//3488 3514//3487 3516//3489 3517//3490
f 3515//3488 3517//3490 3518//3491 1094//665
f 3518//3491 3517//3490 3519//3492 3520//3493
f 3518//3491 3520//3493 3521//3494 1166//759
f 3518//3491 1166//759 1095//666 1094//665
f 3521//3494 3520//3493 3522//3495 3523//3496
f 3521//3494 3523//3496 3524//3497 3525//3498
f 3521//3494 3525//3498 1167//760 1166//759
f 3525//3498 3524//3497 3526//3499 3527//3500
f 3525//3498 3527//3500 1168//761 1167//760
f 3527//3500 3526//3499 3528//3501 3529//3502
f 3527//3500 3529//3502 3530//3503 1168//761
f 3530//3503 3529//3502 3531//3504 3532//3505
f 3530//3503 3532//3505 3533//3506 3534//3507
f 3530//3503 3534//3507 1169//762 1168//761
f 3534//3507 3533//3506 1185//780 1163//755
f 3534//3507 1163//755 1162//754 1169//762
f 3533//3506 3532//3505 3535//3508 3536//3509
f 3533//3506 3536//3509 1157//749 1185//780
f 3536//3509 3535//3508 3537//3510 3538//3511
f 3536//3509 3538//3511 1151//742 1157//749
f 3538//3511 3537//3510 1017//580 1016//579
f 3538//3511 1016//579 1019//582 1151//742
f 3537//3510 3539//3512 3540//3513 1017//580
f 3537//3510 3535//3508 3541//3514 3539//3512
f 3541//3514 3542//3515 3543//3516 3539//3512
f 3541//3514 3535//3508 3532//3505 3531//3504
f 3541//3514 3531//3504 3544//3517 3542//3515
f 3544//3517 3545//3518 3546//3519 3542//3515
f 3544//3517 3531//3504 3529//3502 3528//3501
f 3544//3517 3528//3501 3547//3520 3545//3518
f 3547//3520 3528//3501 3526//3499 3548//3521
f 3547//3520 3548//3521 3549//3522 3550//3523
f 3547//3520 3550//3523 3551//3524 3545//3518
f 3551//3524 3550//3523 3552//3525 3553//3526
f 3551//3524 3553//3526 3554//3527 3555//3528
f 3551//3524 3555//3528 3546//3519 3545//3518
f 3555//3528 3554//3527 3556//3529 3557//3530
f 3555//3528 3557//3530 3558//3531 3546//3519
f 3558//3531 3557//3530 3559//3532 3560//3533
f 3558//3531 3560//3533 3561//3534 3543//3516
f 3558//3531 3543//3516 3542//3515 3546//3519
f 3561//3534 3560//3533 3562//3535 3563//3536
f 3561//3534 3563//3536 3564//3537 3540//3513
f 3561//3534 3540//3513 3539//3512 3543//3516
f 3564//3537 3563//3536 3565//3538 3566//3539
f 3564//3537 3566//3539 1020//583 1018//581
f 3564//3537 1018//581 1017//580 3540//3513
f 3566//3539 3565//3538 3567//3540 1044//3541
f 3566//3539 1044//3541 1043//3542 1020//583
f 3567//3540 3565//3538 3568//3543 3569//3544
f 3567//3540 3569//3544 3570//3545 3571//3546
f 3567//3540 3571//3546 137//658 1044//3541
f 3571//3546 3570//3545 3572//3547 3573//3548
f 3571//3546 3573//3548 1086//659 137//658
f 3573//3548 3572//3547 3574//3549 3575//3550
f 3573//3548 3575//3550 3576//3551 1086//659
f 3576//3551 3577//3552 1087//660 1086//659
f 3576//3551 3575//3550 3578//3553 3516//3489
f 3576//3551 3516//3489 3514//3487 3577//3552
f 3578//3553 3575//3550 3574//3549 3579//3554
f 3578//3553 3579//3554 3580//3555 3519//3492
f 3578//3553 3519//3492 3517//3490 3516//3489
f 3580//3555 3579//3554 3581//3556 3582//3557
f 3580//3555 3582//3557 3583//3558 3522//3495
f 3580//3555 3522//3495 3520//3493 3519//3492
f 3583//3558 3582//3557 3584//3559 3585//3560
f 3583//3558 3585//3560 3586//3561 3587//3562
f 3583//3558 3587//3562 3523//3496 3522//3495
f 3587//3562 3586//3561 3588//3563 3589//3564
f 3587//3562 3589//3564 3524//3497 3523//3496
f 3589//3564 3588//3563 3549//3522 3548//3521
f 3589//3564 3548//3521 3526//3499 3524//3497
f 3588//3563 3586//3561 3590//3565 3591//3566
f 3588//3563 3591//3566 3592//3567 3549//3522
f 3592//3567 3591//3566 3593//3568 3594//3569
f 3592//3567 3594//3569 3595//3570 3552//3525
f 3592//3567 3552//3525 3550//3523 3549//3522
f 3595//3570 3594//3569 3596//3571 3597//3572
f 3595//3570 3597//3572 3598//3573 3599//3574
f 3595//3570 3599//3574 3553//3526 3552//3525
f 3599//3574 3598//3573 3600//3575 3601//3576
f 3599//3574 3601//3576 3554//3527 3553//3526
f 3601//3576 3600//3575 3602//3577 3603//3578
f 3601//3576 3603//3578 3556//3529 3554//3527
f 3603//3578 3602//3577 3604//3579 3605//3580
f 3603//3578 3605//3580 3606//3581 3556//3529
f 3606//3581 3559//3532 3557//3530 3556//3529
f 3606//3581 3605//3580 3607//3582 3608//3583
f 3606//3581 3608//3583 3609//3584 3559//3532
f 3609//3584 3608//3583 3610//3585 3611//3586
f 3609//3584 3611//3586 3568//3543 3562//3535
f 3609//3584 3562//3535 3560//3533 3559//3532
f 3611//3586 3610//3585 3612//3587 3613//3588
f 3611//3586 3613//3588 3569//3544 3568//3543
f 3613//3588 3612//3587 3614//3589 3615//3590
f 3613//3588 3615//3590 3570//3545 3569//3544
f 3615//3590 3614//3589 3616//3591 3617//3592
f 3615//3590 3617//3592 3572//3547 3570//3545
f 3617//3592 3616//3591 3618//3593 3619//3594
f 3617//3592 3619//3594 3574//3549 3572//3547
f 3619//3594 3618//3593 3620//3595 3581//3556
f 3619//3594 3581//3556 3579//3554 3574//3549
f 3620//3595 3618//3593 3621//3596 3622//3597
f 3620//3595 3622//3597 3623//3598 3584//3559
f 3620//3595 3584//3559 3582//3557 3581//3556
f 3623//3598 3622//3597 3624//3599 3625//3600
f 3623//3598 3625//3600 3626//3601 3627//3602
f 3623//3598 3627//3602 3585//3560 3584//3559
f 3627//3602 3626//3601 3628//3603 3590//3565
f 3627//3602 3590//3565 3586//3561 3585//3560
f 3628//3603 3626//3601 3629//3604 3630//3605
f 3628//3603 3630//3605 3631//3606 3593//3568
f 3628//3603 3593//3568 3591//3566 3590//3565
f 3631//3606 3630//3605 3632//3607 3633//3608
f 3631//3606 3633//3608 3634//3609 3596//3571
f 3631//3606 3596//3571 3594//3569 3593//3568
f 3634//3609 3633//3608 3635//3610 3636//3611
f 3634//3609 3636//3611 3637//3612 3638//3613
f 3634//3609 3638//3613 3597//3572 3596//3571
f 3638//3613 3637//3612 3639//3614 3640//3615
f 3638//3613 3640//3615 3598//3573 3597//3572
f 3640//3615 3639//3614 3641//3616 3642//3617
f 3640//3615 3642//3617 3600//3575 3598//3573
f 3642//3617 3641//3616 3643//3618 3644//3619
f 3642//3617 3644//3619 3602//3577 3600//3575
f 3644//3619 3643//3618 3645//3620 3646//3621
f 3644//3619 3646//3621 3604//3579 3602//3577
f 3646//3621 3645//3620 3647//3622 3648//3623
f 3646//3621 3648//3623 3649//3624 3604//3579
f 3649//3624 3607//3582 3605//3580 3604//3579
f 3649//3624 3648//3623 3650//3625 3651//3626
f 3649//3624 3651//3626 3652//3627 3607//3582
f 3652//3627 3651//3626 3653//3628 3654//3629
f 3652//3627 3654//3629 3612//3587 3610//3585
f 3652//3627 3610//3585 3608//3583 3607//3582
f 3654//3629 3653//3628 3655//3630 3656//3631
f 3654//3629 3656//3631 3614//3589 3612//3587
f 3656//3631 3655//3630 3657//3632 3658//3633
f 3656//3631 3658//3633 3616//3591 3614//3589
f 3658//3633 3657//3632 3659//3634 3621//3596
f 3658//3633 3621//3596 3618//3593 3616//3591
f 3659//3634 3657//3632 3660//3635 3661//3636
f 3659//3634 3661//3636 3662//3637 3624//3599
f 3659//3634 3624//3599 3622//3597 3621//3596
f 3662//3637 3661//3636 3663//3638 3664//3639
f 3662//3637 3664//3639 3665//3640 3666//3641
f 3662//3637 3666//3641 3625//3600 3624//3599
f 3666//3641 3665//3640 3667//3642 3629//3604
f 3666//3641 3629//3604 3626//3601 3625//3600
f 3667//3642 3665//3640 3668//3643 3669//3644
f 3667//3642 3669//3644 3670//3645 3632//3607
f 3667//3642 3632//3607 3630//3605 3629//3604
f 3670//3645 3669//3644 3671//3646 3672//3647
f 3670//3645 3672//3647 3673//3648 3635//3610
f 3670//3645 3635//3610 3633//3608 3632//3607
f 3673//3648 3672//3647 1293//916 1292//915
f 3673//3648 1292//915 3674//3649 3675//3650
f 3673//3648 3675//3650 3636//3611 3635//3610
f 3675//3650 3674//3649 3676//3651 3677//3652
f 3675//3650 3677//3652 3637//3612 3636//3611
f 3677//3652 3676//3651 3678//3653 3679//3654
f 3677//3652 3679//3654 3639//3614 3637//3612
f 3679//3654 3678//3653 3680//3655 3681//3656
f 3679//3654 3681//3656 3641//3616 3639//3614
f 3681//3656 3680//3655 3682//3657 3683//3658
f 3681//3656 3683//3658 3643//3618 3641//3616
f 3683//3658 3682//3657 3684//3659 3685//3660
f 3683//3658 3685//3660 3645//3620 3643//3618
f 3685//3660 3684//3659 3686//3661 3687//3662
f 3685//3660 3687//3662 3647//3622 3645//3620
f 3687//3662 3686//3661 3688//3663 3689//3664
f 3687//3662 3689//3664 3690//3665 3647//3622
f 3690//3665 3650//3625 3648//3623 3647//3622
f 3690//3665 3689//3664 3691//3666 3692//3667
f 3690//3665 3692//3667 3693//3668 3650//3625
f 3693//3668 3692//3667 3694//3669 3695//3670
f 3693//3668 3695//3670 3655//3630 3653//3628
f 3693//3668 3653//3628 3651//3626 3650//3625
f 3695//3670 3694//3669 3696//3671 3660//3635
f 3695//3670 3660//3635 3657//3632 3655//3630
f 3696//3671 3694//3669 3697//3672 3698//3673
f 3696//3671 3698//3673 3699//3674 3663//3638
f 3696//3671 3663//3638 3661//3636 3660//3635
f 3699//3674 3698//3673 3700//3675 3701//3676
f 3699//3674 3701//3676 3702//3677 3703//3678
f 3699//3674 3703//3678 3664//3639 3663//3638
f 3703//3678 3702//3677 3704//3679 3668//3643
f 3703//3678 3668//3643 3665//3640 3664//3639
f 3704//3679 3702//3677 1305//932 1298//922
f 3704//3679 1298//922 1294//917 3671//3646
f 3704//3679 3671//3646 3669//3644 3668//3643
f 3702//3677 3701//3676 3705//3680 1305//932
f 3705//3680 3706//3681 3707//3682 3708//3683
f 3705//3680 3708//3683 1306//933 1305//932
f 3705//3680 3701//3676 3700//3675 3706//3681
f 3708//3683 3707//3682 3709//3684 3710//3685
f 3708//3683 3710//3685 1307//934 1306//933
f 3710//3685 3709//3684 3711//3686 3712//3687
f 3710//3685 3712//3687 3713//3688 1307//934
f 3713//3688 3712//3687 3714//3689 3715//3690
f 3713//3688 3715//3690 3716//3691 3717//3692
f 3713//3688 3717//3692 1308//935 1307//934
f 3717//3692 3716//3691 3718//3693 3719//3694
f 3717//3692 3719//3694 1304//931 1308//935
f 3719//3694 3718//3693 3720//3695 3721//3696
f 3719//3694 3721//3696 1302//929 1304//931
f 3721//3696 3720//3695 3722//3697 3723//3698
f 3721//3696 3723//3698 1303//930 1302//929
f 3723//3698 3722//3697 3724//3699 3725//3700
f 3723//3698 3725//3700 3726//3701 1303//930
f 3726//3701 3727//3702 1300//927 1303//930
f 3726//3701 3725//3700 3728//3703 3729//3704
f 3726//3701 3729//3704 3730//3705 3727//3702
f 3730//3705 3731//3706 3732//3707 3727//3702
f 3730//3705 3729//3704 3733//3708 3734//3709
f 3730//3705 3734//3709 3735//3710 3731//3706
f 3735//3710 3680//3655 3678//3653 3731//3706
f 3735//3710 3734//3709 3736//3711 3737//3712
f 3735//3710 3737//3712 3682//3657 3680//3655
f 3737//3712 3736//3711 3738//3713 3739//3714
f 3737//3712 3739//3714 3684//3659 3682//3657
f 3739//3714 3738//3713 3740//3715 3741//3716
f 3739//3714 3741//3716 3686//3661 3684//3659
f 3741//3716 3740//3715 3742//3717 3743//3718
f 3741//3716 3743//3718 3688//3663 3686//3661
f 3743//3718 3742//3717 3744//3719 3745//3720
f 3743//3718 3745//3720 3746//3721 3688//3663
f 3746//3721 3745//3720 3747//3722 3748//3723
f 3746//3721 3748//3723 3697//3672 3691//3666
f 3746//3721 3691//3666 3689//3664 3688//3663
f 3748//3723 3747//3722 3706//3681 3700//3675
f 3748//3723 3700//3675 3698//3673 3697//3672
f 3747//3722 3745//3720 3744//3719 3749//3724
f 3747//3722 3749//3724 3707//3682 3706//3681
f 3749//3724 3744//3719 3750//3725 3751//3726
f 3749//3724 3751//3726 3709//3684 3707//3682
f 3751//3726 3750//3725 3752//3727 3753//3728
f 3751//3726 3753//3728 3711//3686 3709//3684
f 3753//3728 3752//3727 3754//3729 3755//3730
f 3753//3728 3755//3730 3756//3731 3711//3686
f 3756//3731 3755//3730 3757//3732 3758//3733
f 3756//3731 3758//3733 3759//3734 3714//3689
f 3756//3731 3714//3689 3712//3687 3711//3686
f 3759//3734 3758//3733 3760//3735 3761//3736
f 3759//3734 3761//3736 3762//3737 3763//3738
f 3759//3734 3763//3738 3715//3690 3714//3689
f 3763//3738 3762//3737 3764//3739 3765//3740
f 3763//3738 3765//3740 3716//3691 3715//3690
f 3765//3740 3764//3739 3766//3741 3767//3742
f 3765//3740 3767//3742 3718//3693 3716//3691
f 3767//3742 3766//3741 3768//3743 3769//3744
f 3767//3742 3769//3744 3720//3695 3718//3693
f 3769//3744 3768//3743 3770//3745 3771//3746
f 3769//3744 3771//3746 3722//3697 3720//3695
f 3771//3746 3770//3745 3772//3747 3773//3748
f 3771//3746 3773//3748 3724//3699 3722//3697
f 3773//3748 3772//3747 3774//3749 3775//3750
f 3773//3748 3775//3750 3776//3751 3724//3699
f 3776//3751 3728//3703 3725//3700 3724//3699
f 3776//3751 3775//3750 3777//3752 3778//3753
f 3776//3751 3778//3753 3779//3754 3728//3703
f 3779//3754 3733//3708 3729//3704 3728//3703
f 3779//3754 3778//3753 3780//3755 3781//3756
f 3779//3754 3781//3756 3782//3757 3733//3708
f 3782//3757 3736//3711 3734//3709 3733//3708
f 3782//3757 3781//3756 3783//3758 3784//3759
f 3782//3757 3784//3759 3738//3713 3736//3711
f 3784//3759 3783//3758 3785//3760 3786//3761
f 3784//3759 3786//3761 3740//3715 3738//3713
f 3786//3761 3785//3760 3787//3762 3788//3763
f 3786//3761 3788//3763 3742//3717 3740//3715
f 3788//3763 3787//3762 3752//3727 3750//3725
f 3788//3763 3750//3725 3744//3719 3742//3717
f 3787//3762 3785//3760 3789//3764 3790//3765
f 3787//3762 3790//3765 3754//3729 3752//3727
f 3790//3765 3789//3764 3791//3766 3792//3767
f 3790//3765 3792//3767 3793//3768 3754//3729
f 3793//3768 3792//3767 3794//3769 3795//3770
f 3793//3768 3795//3770 3796//3771 3757//3732
f 3793//3768 3757//3732 3755//3730 3754//3729
f 3796//3771 3795//3770 1401//1041 1400//1040
f 3796//3771 1400//1040 3797//3772 3760//3735
f 3796//3771 3760//3735 3758//3733 3757//3732
f 3797//3772 1400//1040 1399//1039 3798//3773
f 3797//3772 3798//3773 3799//3774 3800//3775
f 3797//3772 3800//3775 3761//3736 3760//3735
f 3800//3775 3799//3774 1421//1066 1425//1070
f 3800//3775 1425//1070 3762//3737 3761//3736
f 3799//3774 3798//3773 3801//3776 3802//3777
f 3799//3774 3802//3777 1422//1067 1421//1066
f 3802//3777 3801//3776 3803//3778 1472//1124
f 3802//3777 1472//1124 1469//1121 1422//1067
f 3803//3778 3801//3776 1398//1038 3804//3779
f 3803//3778 3804//3779 1449//1098 3805//3780
f 3803//3778 3805//3780 1470//1122 1472//1124
f 3805//3780 1449//1098 1446//1095 3806//3781
f 3805//3780 3806//3781 1471//1123 1470//1122
f 3806//3781 3807//3782 3808//3783 1471//1123
f 3806//3781 1446//1095 1445//1094 3807//3782
f 3808//3783 3772//3747 3770//3745 3809//3784
f 3808//3783 3809//3784 1467//1119 1471//1123
f 3808//3783 3807//3782 3774//3749 3772//3747
f 3809//3784 3810//3785 1468//1120 1467//1119
f 3809//3784 3770//3745 3768//3743 3810//3785
f 3810//3785 1426//1071 1423//1068 1468//1120
f 3810//3785 3768//3743 3766//3741 1426//1071
f 3807//3782 1445//1094 3811//3786 3774//3749
f 3811//3786 3777//3752 3775//3750 3774//3749
f 3811//3786 1445//1094 1444//1093 3812//3787
f 3811//3786 3812//3787 3813//3788 3777//3752
f 3813//3788 3780//3755 3778//3753 3777//3752
f 3813//3788 3812//3787 3814//3789 3815//3790
f 3813//3788 3815//3790 3816//3791 3780//3755
f 3816//3791 3783//3758 3781//3756 3780//3755
f 3816//3791 3815//3790 3791//3766 3789//3764
f 3816//3791 3789//3764 3785//3760 3783//3758
f 3815//3790 3814//3789 3817//3792 3791//3766
f 3817//3792 3814//3789 1448//1097 3818//3793
f 3817//3792 3818//3793 1402//1042 3794//3769
f 3817//3792 3794//3769 3792//3767 3791//3766
f 3818//3793 1448//1097 1447//1096 3819//3794
f 3818//3793 3819//3794 1397//1037 1402//1042
f 3819//3794 1447//1096 1449//1098 3804//3779
f 3819//3794 3804//3779 1398//1038 1397//1037
f 3814//3789 3812//3787 1444//1093 1448//1097
f 3801//3776 3798//3773 1399//1039 1398//1038
f 3795//3770 3794//3769 1402//1042 1401//1041
f 3766//3741 3764//3739 1424//1069 1426//1071
f 3764//3739 3762//3737 1425//1070 1424//1069
f 3732//3707 3676//3651 3674//3649 1301//928
f 3732//3707 1301//928 1300//927 3727//3702
f 3732//3707 3731//3706 3678//3653 3676//3651
f 3697//3672 3694//3669 3692//3667 3691//3666
f 3674//3649 1292//915 1291//914 1301//928
f 3672//3647 3671//3646 1294//917 1293//916
f 3577//3552 3511//3484 3820//3795 1087//660
f 3577//3552 3514//3487 3512//3485 3511//3484
f 3820//3795 3821//3796 839//365 838//364
f 3820//3795 838//364 1088//661 1087//660
f 3820//3795 3511//3484 3509//3482 3821//3796
f 3821//3796 3822//3797 840//366 839//365
f 3821//3796 3509//3482 3507//3480 3822//3797
f 3822//3797 3823//3798 901//449 840//366
f 3822//3797 3507//3480 3506//3479 3823//3798
f 3823//3798 1110//687 1109//686 901//449
f 3823//3798 3506//3479 3505//3478 1110//687
f 3568//3543 3565//3538 3563//3536 3562//3535
f 3505//3478 1056//623 1055//622 1110//687
f 3505//3478 3503//3476 1058//625 1056//623
f 3501//3474 3824//3799 1057//624 1058//625
f 3501//3474 3499//3472 3825//3800 3824//3799
f 3825//3800 3496//3469 3826//3801 3827//3802
f 3825//3800 3827//3802 992//552 3824//3799
f 3825//3800 3499//3472 3497//3470 3496//3469
f 3827//3802 3826//3801 3828//3803 3829//3804
f 3827//3802 3829//3804 991//551 992//552
f 3829//3804 3828//3803 3830//3805 917//467
f 3829//3804 917//467 866//404 991//551
f 3830//3805 3831//3806 3832//3807 3833//3808
f 3830//3805 3833//3808 918//468 917//467
f 3830//3805 3828//3803 3834//3809 3831//3806
f 3834//3809 3835//3810 3836//3811 3837//3812
f 3834//3809 3837//3812 3838//3813 3831//3806
f 3834//3809 3828//3803 3826//3801 3835//3810
f 3838//3813 3837//3812 3839//3814 3840//3815
f 3838//3813 3840//3815 3841//3816 3842//3817
f 3838//3813 3842//3817 3832//3807 3831//3806
f 3842//3817 3843//3818 3844//3819 3832//3807
f 3842//3817 3841//3816 3845//3820 3843//3818
f 3845//3820 3846//3821 3847//3822 3843//3818
f 3845//3820 3841//3816 3848//3823 3849//3824
f 3845//3820 3849//3824 3850//3825 3846//3821
f 3850//3825 1024//590 3851//3826 3846//3821
f 3850//3825 3849//3824 3852//3827 3853//3828
f 3850//3825 3853//3828 983//541 1024//590
f 3853//3828 3852//3827 1010//572 1012//574
f 3853//3828 1012//574 984//542 983//541
f 3852//3827 3854//3829 1011//573 1010//572
f 3852//3827 3849//3824 3848//3823 3854//3829
f 3854//3829 3855//3830 3856//3831 1011//573
f 3854//3829 3848//3823 3857//3832 3855//3830
f 3857//3832 3858//3833 3859//3834 3855//3830
f 3857//3832 3848//3823 3841//3816 3840//3815
f 3857//3832 3840//3815 3839//3814 3858//3833
f 3859//3834 3860//3835 3861//3836 3862//3837
f 3859//3834 3862//3837 3856//3831 3855//3830
f 3859//3834 3858//3833 3863//3838 3860//3835
f 3863//3838 3490//3463 3864//3839 3860//3835
f 3863//3838 3858//3833 3839//3814 3865//3840
f 3863//3838 3865//3840 3491//3464 3490//3463
f 3865//3840 3839//3814 3837//3812 3836//3811
f 3865//3840 3836//3811 3492//3465 3491//3464
f 3864//3839 3487//3460 3866//3841 3867//3842
f 3864//3839 3867//3842 3861//3836 3860//3835
f 3864//3839 3490//3463 3488//3461 3487//3460
f 3867//3842 3866//3841 3868//3843 3869//3844
f 3867//3842 3869//3844 3870//3845 3861//3836
f 3870//3845 3869//3844 3871//3846 3872//3847
f 3870//3845 3872//3847 3873//3848 3874//3849
f 3870//3845 3874//3849 3862//3837 3861//3836
f 3874//3849 3873//3848 3875//3850 3876//3851
f 3874//3849 3876//3851 3856//3831 3862//3837
f 3876//3851 3875//3850 827//351 1009//571
f 3876//3851 1009//571 1011//573 3856//3831
f 3875//3850 3873//3848 956//510 955//509
f 3875//3850 955//509 828//352 827//351
f 3873//3848 3872//3847 957//511 956//510
f 3872//3847 3871//3846 3877//3852 957//511
f 3877//3852 3871//3846 3878//3853 3879//3854
f 3877//3852 3879//3854 3880//3855 1013//575
f 3877//3852 1013//575 899//447 957//511
f 3880//3855 3879//3854 3881//3856 1111//689
f 3880//3855 1111//689 1073//645 1072//644
f 3880//3855 1072//644 897//445 1013//575
f 3881//3856 3879//3854 3878//3853 3882//3857
f 3882//3857 3883//3858 3884//3859 3885//3860
f 3882//3857 3878//3853 3868//3843 3883//3858
f 3886//3861 3885//3860 3887//3862 3888//3863
f 3886//3861 3888//3863 3889//3864 3890//3865
f 3886//3861 3890//3865 1080//652 1079//651
f 3890//3865 3889//3864 1053//619 1052//618
f 3890//3865 1052//618 3891//3866 1080//652
f 3891//3866 1052//618 127//605 3892//3867
f 3891//3866 3892//3867 985//543 987//546
f 3891//3866 987//546 1008//570 1080//652
f 3892//3867 127//605 1034//604 915//465
f 3892//3867 915//465 87//460 985//543
f 3889//3864 3888//3863 1198//800 1195//797
f 3889//3864 1195//797 1139//723 1053//619
f 3888//3863 3887//3862 1202//805 1198//800
f 3887//3862 3893//3868 3477//3450 1202//805
f 3887//3862 3885//3860 3884//3859 3893//3868
f 3893//3868 3480//3453 3478//3451 3477//3450
f 3893//3868 3884//3859 3482//3455 3480//3453
f 3884//3859 3883//3858 3894//3869 3482//3455
f 3894//3869 3883//3858 3868//3843 3866//3841
f 3894//3869 3866//3841 3487//3460 3485//3458
f 3894//3869 3485//3458 3483//3456 3482//3455
f 3878//3853 3871//3846 3869//3844 3868//3843
f 3851//3826 3895//3870 3896//3871 3897//3872
f 3851//3826 3897//3872 3847//3822 3846//3821
f 3851//3826 1024//590 981//537 3895//3870
f 3897//3872 3896//3871 973//528 972//527
f 3897//3872 972//527 3898//3873 3847//3822
f 3898//3873 972//527 914//463 913//462
f 3898//3873 913//462 3899//3874 3844//3819
f 3898//3873 3844//3819 3843//3818 3847//3822
f 3899//3874 913//462 912//461 919//469
f 3899//3874 919//469 918//468 3833//3808
f 3899//3874 3833//3808 3832//3807 3844//3819
f 3896//3871 3895//3870 1048//613 1047//612
f 3896//3871 1047//612 979//535 973//528
f 3895//3870 981//537 980//536 1048//613
f 3836//3811 3835//3810 3494//3467 3492//3465
f 3835//3810 3826//3801 3496//3469 3494//3467
f 3824//3799 992//552 921//472 1057//624
f 3477//3450 3475//3448 1199//802 1202//805
f 3475//3448 3473//3446 1200//803 1199//802
f 3473//3446 3471//3444 1201//804 1200//803
f 3470//3443 3469//3442 1149//738 1148//737
f 3900//3875 1184//779 1171//764 3901//3876
f 3900//3875 3901//3876 1219//829 1218//828
f 3900//3875 1218//828 1223//833 1229//839
f 3901//3876 1171//764 1144//730 1142//726
f 3901//3876 1142//726 1141//725 1219//829
f 3451//3423 3450//3422 1233//843 1232//842
f 3448//3420 3445//3417 3902//3877 3903//3878
f 3448//3420 3903//3878 3904//3879 3905//3880
f 3448//3420 3905//3880 3906//3881 3446//3418
f 3906//3881 3907//3882 3447//3419 3446//3418
f 3906//3881 3905//3880 3908//3883 3909//3884
f 3906//3881 3909//3884 3910//3885 3907//3882
f 3910//3885 3911//3886 3912//3887 3907//3882
f 3910//3885 3909//3884 3913//3888 3914//3889
f 3910//3885 3914//3889 3915//3890 3911//3886
f 3915//3890 3916//3891 3917//3892 3911//3886
f 3915//3890 3914//3889 3918//3893 3919//3894
f 3915//3890 3919//3894 3920//3895 3916//3891
f 3920//3895 3269//3208 3921//3896 3916//3891
f 3920//3895 3919//3894 3922//3897 3923//3898
f 3920//3895 3923//3898 3267//3206 3269//3208
f 3923//3898 3922//3897 3924//3899 3925//3900
f 3923//3898 3925//3900 3268//3207 3267//3206
f 3925//3900 3924//3899 3926//3901 3927//3902
f 3925//3900 3927//3902 3928//3903 3268//3207
f 3928//3903 3927//3902 3929//3904 3930//3905
f 3928//3903 3930//3905 3931//3906 3932//3907
f 3928//3903 3932//3907 3264//3203 3268//3207
f 3932//3907 3931//3906 3933//3908 3934//3909
f 3932//3907 3934//3909 3265//3204 3264//3203
f 3934//3909 3933//3908 3935//3910 3936//3911
f 3934//3909 3936//3911 3937//3912 3265//3204
f 3937//3912 3938//3913 3266//3205 3265//3204
f 3937//3912 3936//3911 3939//3914 3940//3915
f 3937//3912 3940//3915 3941//3916 3938//3913
f 3941//3916 3942//3917 3921//3896 3938//3913
f 3941//3916 3940//3915 3943//3918 3944//3919
f 3941//3916 3944//3919 3945//3920 3942//3917
f 3945//3920 3944//3919 3436//3406 3946//3921
f 3945//3920 3946//3921 3947//3922 3948//3923
f 3945//3920 3948//3923 3917//3892 3942//3917
f 3948//3923 3947//3922 3949//3924 3912//3887
f 3948//3923 3912//3887 3911//3886 3917//3892
f 3949//3924 3947//3922 3950//3925 3951//3926
f 3949//3924 3951//3926 3443//3415 3447//3419
f 3949//3924 3447//3419 3907//3882 3912//3887
f 3951//3926 3950//3925 3952//3927 3953//3928
f 3951//3926 3953//3928 3444//3416 3443//3415
f 3953//3928 3952//3927 3954//3929 3955//3930
f 3953//3928 3955//3930 3956//3931 3444//3416
f 3956//3931 3955//3930 3957//3932 3958//3933
f 3956//3931 3958//3933 3959//3934 3902//3877
f 3956//3931 3902//3877 3445//3417 3444//3416
f 3959//3934 3958//3933 3960//3935 3961//3936
f 3959//3934 3961//3936 3962//3937 3963//3938
f 3959//3934 3963//3938 3903//3878 3902//3877
f 3963//3938 3962//3937 3964//3939 3965//3940
f 3963//3938 3965//3940 3904//3879 3903//3878
f 3965//3940 3964//3939 3966//3941 3967//3942
f 3965//3940 3967//3942 3968//3943 3904//3879
f 3968//3943 3908//3883 3905//3880 3904//3879
f 3968//3943 3967//3942 3969//3944 3970//3945
f 3968//3943 3970//3945 3971//3946 3908//3883
f 3971//3946 3913//3888 3909//3884 3908//3883
f 3971//3946 3970//3945 3972//3947 3973//3948
f 3971//3946 3973//3948 3974//3949 3913//3888
f 3974//3949 3918//3893 3914//3889 3913//3888
f 3974//3949 3973//3948 3150//3063 3147//3060
f 3974//3949 3147//3060 3146//3059 3918//3893
f 3973//3948 3972//3947 3975//3950 3150//3063
f 3975//3950 3972//3947 3976//3951 3977//3952
f 3975//3950 3977//3952 3978//3953 3979//3954
f 3975//3950 3979//3954 3148//3061 3150//3063
f 3979//3954 3978//3953 3980//3955 3981//3956
f 3979//3954 3981//3956 3149//3062 3148//3061
f 3981//3956 3980//3955 3982//3957 3983//3958
f 3981//3956 3983//3958 3926//3901 3149//3062
f 3983//3958 3982//3957 3984//3959 3929//3904
f 3983//3958 3929//3904 3927//3902 3926//3901
f 3984//3959 3982//3957 3985//3960 3986//3961
f 3984//3959 3986//3961 3987//3962 3988//3963
f 3984//3959 3988//3963 3930//3905 3929//3904
f 3988//3963 3987//3962 3989//3964 3990//3965
f 3988//3963 3990//3965 3931//3906 3930//3905
f 3990//3965 3989//3964 3991//3966 3992//3967
f 3990//3965 3992//3967 3933//3908 3931//3906
f 3992//3967 3991//3966 3993//3968 3994//3969
f 3992//3967 3994//3969 3935//3910 3933//3908
f 3994//3969 3993//3968 3995//3970 3996//3971
f 3994//3969 3996//3971 3997//3972 3935//3910
f 3997//3972 3939//3914 3936//3911 3935//3910
f 3997//3972 3996//3971 3998//3973 3999//3974
f 3997//3972 3999//3974 4000//3975 3939//3914
f 4000//3975 3943//3918 3940//3915 3939//3914
f 4000//3975 3999//3974 4001//3976 3432//3402
f 4000//3975 3432//3402 3431//3401 3943//3918
f 4001//3976 3999//3974 3998//3973 4002//3977
f 4001//3976 4002//3977 4003//3978 4004//3979
f 4001//3976 4004//3979 3433//3403 3432//3402
f 4004//3979 4003//3978 4005//3980 4006//3981
f 4004//3979 4006//3981 3434//3404 3433//3403
f 4006//3981 4005//3980 4007//3982 4008//3983
f 4006//3981 4008//3983 4009//3984 3434//3404
f 4009//3984 4010//3060 3435//3405 3434//3404
f 4009//3984 4008//3983 3954//3929 3952//3927
f 4009//3984 3952//3927 3950//3925 4010//3060
f 4010//3060 3946//3921 3436//3406 3435//3405
f 4010//3060 3950//3925 3947//3922 3946//3921
f 4008//3983 4007//3982 4011//3985 3954//3929
f 4011//3985 4007//3982 4012//3986 4013//3987
f 4011//3985 4013//3987 4014//3988 3957//3932
f 4011//3985 3957//3932 3955//3930 3954//3929
f 4014//3988 4013//3987 4015//3989 4016//3990
f 4014//3988 4016//3990 4017//3991 3960//3935
f 4014//3988 3960//3935 3958//3933 3957//3932
f 4017//3991 4016//3990 4018//3992 4019//3993
f 4017//3991 4019//3993 4020//3994 4021//3995
f 4017//3991 4021//3995 3961//3936 3960//3935
f 4021//3995 4020//3994 4022//3996 4023//3997
f 4021//3995 4023//3997 3962//3937 3961//3936
f 4023//3997 4022//3996 4024//3998 4025//3999
f 4023//3997 4025//3999 3964//3939 3962//3937
f 4025//3999 4024//3998 4026//4000 4027//4001
f 4025//3999 4027//4001 3966//3941 3964//3939
f 4027//4001 4026//4000 4028//4002 4029//4003
f 4027//4001 4029//4003 4030//4004 3966//3941
f 4030//4004 3969//3944 3967//3942 3966//3941
f 4030//4004 4029//4003 4031//4005 4032//4006
f 4030//4004 4032//4006 3976//3951 3969//3944
f 4032//4006 4031//4005 4033//4007 4034//4008
f 4032//4006 4034//4008 3977//3952 3976//3951
f 4034//4008 4033//4007 4035//4009 4036//4010
f 4034//4008 4036//4010 3978//3953 3977//3952
f 4036//4010 4035//4009 4037//4011 4038//4012
f 4036//4010 4038//4012 3980//3955 3978//3953
f 4038//4012 4037//4011 4039//4013 3985//3960
f 4038//4012 3985//3960 3982//3957 3980//3955
f 4039//4013 4037//4011 4040//4014 4041//4015
f 4039//4013 4041//4015 4042//4016 4043//4017
f 4039//4013 4043//4017 3986//3961 3985//3960
f 4043//4017 4042//4016 4044//4018 4045//4019
f 4043//4017 4045//4019 3987//3962 3986//3961
f 4045//4019 4044//4018 4046//4020 4047//4021
f 4045//4019 4047//4021 3989//3964 3987//3962
f 4047//4021 4046//4020 4048//4022 4049//4023
f 4047//4021 4049//4023 3991//3966 3989//3964
f 4049//4023 4048//4022 4050//4024 4051//4025
f 4049//4023 4051//4025 3993//3968 3991//3966
f 4051//4025 4050//4024 4052//4026 4053//4027
f 4051//4025 4053//4027 3995//3970 3993//3968
f 4053//4027 4052//4026 4054//4028 4055//4029
f 4053//4027 4055//4029 4056//4030 3995//3970
f 4056//4030 3998//3973 3996//3971 3995//3970
f 4056//4030 4055//4029 4057//4031 4058//4032
f 4056//4030 4058//4032 4002//3977 3998//3973
f 4058//4032 4057//4031 4059//4033 4060//4034
f 4058//4032 4060//4034 4003//3978 4002//3977
f 4060//4034 4059//4033 4061//4035 4062//4036
f 4060//4034 4062//4036 4005//3980 4003//3978
f 4062//4036 4061//4035 4063//4037 4012//3986
f 4062//4036 4012//3986 4007//3982 4005//3980
f 4063//4037 4061//4035 4064//4038 4065//4039
f 4063//4037 4065//4039 4066//4040 4015//3989
f 4063//4037 4015//3989 4013//3987 4012//3986
f 4066//4040 4065//4039 4067//4041 4068//4042
f 4066//4040 4068//4042 4069//4043 4018//3992
f 4066//4040 4018//3992 4016//3990 4015//3989
f 4069//4043 4068//4042 4070//4044 4071//4045
f 4069//4043 4071//4045 4072//4046 4073//4047
f 4069//4043 4073//4047 4019//3993 4018//3992
f 4073//4047 4072//4046 4074//4048 4075//4049
f 4073//4047 4075//4049 4020//3994 4019//3993
f 4075//4049 4074//4048 4076//4050 4077//4051
f 4075//4049 4077//4051 4022//3996 4020//3994
f 4077//4051 4076//4050 4078//4052 4079//4053
f 4077//4051 4079//4053 4024//3998 4022//3996
f 4079//4053 4080//4054 4026//4000 4024//3998
f 4079//4053 4078//4052 4081//4055 4080//4054
f 4081//4055 4082//4056 4083//4057 4080//4054
f 4081//4055 4078//4052 4084//4058 4085//4059
f 4081//4055 4085//4059 4086//4060 4082//4056
f 4086//4060 4085//4059 4087//4061 4088//4062
f 4086//4060 4088//4062 4089//4063 4090//4064
f 4086//4060 4090//4064 4091//4065 4082//4056
f 4091//4065 4092//4066 4083//4057 4082//4056
f 4091//4065 4090//4064 4093//4067 4094//4068
f 4091//4065 4094//4068 4095//4069 4092//4066
f 4095//4069 4096//4070 4097//4071 4092//4066
f 4095//4069 4094//4068 4098//4072 4099//4073
f 4095//4069 4099//4073 4100//4074 4096//4070
f 4100//4074 4035//4009 4033//4007 4096//4070
f 4100//4074 4099//4073 4101//4075 4040//4014
f 4100//4074 4040//4014 4037//4011 4035//4009
f 4101//4075 4099//4073 4098//4072 4102//4076
f 4101//4075 4102//4076 4103//4077 4104//4078
f 4101//4075 4104//4078 4041//4015 4040//4014
f 4104//4078 4103//4077 4105//4079 4106//4080
f 4104//4078 4106//4080 4042//4016 4041//4015
f 4106//4080 4105//4079 4107//4081 4108//4082
f 4106//4080 4108//4082 4044//4018 4042//4016
f 4108//4082 4107//4081 4109//4083 4110//4084
f 4108//4082 4110//4084 4046//4020 4044//4018
f 4110//4084 4111//4085 4048//4022 4046//4020
f 4110//4084 4109//4083 4112//4086 4111//4085
f 4112//4086 4113//4087 4114//4088 4111//4085
f 4112//4086 4109//4083 4115//4089 4116//4090
f 4112//4086 4116//4090 4117//4091 4113//4087
f 4117//4091 4118//4092 4119//4093 4113//4087
f 4117//4091 4116//4090 4120//4094 4121//4095
f 4117//4091 4121//4095 4122//4096 4118//4092
f 4122//4096 4123//4097 4124//4098 4118//4092
f 4122//4096 4121//4095 4125//4099 4126//4100
f 4122//4096 4126//4100 4127//4101 4123//4097
f 4127//4101 4128//4102 4129//4103 4123//4097
f 4127//4101 4126//4100 4130//4104 4131//4105
f 4127//4101 4131//4105 4132//4106 4128//4102
f 4132//4106 4133//4107 4134//4108 4128//4102
f 4132//4106 4131//4105 4135//4109 4136//4110
f 4132//4106 4136//4110 4137//4111 4133//4107
f 4137//4111 4138//4112 4139//4113 4133//4107
f 4137//4111 4136//4110 4140//4114 4141//4115
f 4137//4111 4141//4115 4142//4116 4138//4112
f 4142//4116 4143//4117 4144//4118 4138//4112
f 4142//4116 4141//4115 4145//4119 4146//4120
f 4142//4116 4146//4120 4147//4121 4143//4117
f 4147//4121 4148//4122 4149//4123 4143//4117
f 4147//4121 4146//4120 4150//4124 4151//4125
f 4147//4121 4151//4125 4152//4126 4148//4122
f 4152//4126 4153//4127 4154//4128 4148//4122
f 4152//4126 4151//4125 4155//4129 3334//3288
f 4152//4126 3334//3288 3307//3254 4153//4127
f 4155//4129 4151//4125 4150//4124 3336//3291
f 4155//4129 3336//3291 3335//3290 4156//4130
f 4155//4129 4156//4130 3308//3255 3334//3288
f 4156//4130 3335//3290 3340//3295 4157//4131
f 4156//4130 4157//4131 3309//3256 3308//3255
f 4157//4131 4158//4132 4159//4133 3309//3256
f 4157//4131 3340//3295 4160//4134 4158//4132
f 4160//4134 3340//3295 3339//3294 4161//4135
f 4160//4134 4161//4135 4162//4136 4163//4137
f 4160//4134 4163//4137 4164//4138 4158//4132
f 4164//4138 4165//4139 4166//4140 4167//4141
f 4164//4138 4167//4141 4159//4133 4158//4132
f 4164//4138 4163//4137 4168//4142 4165//4139
f 4168//4142 4163//4137 4162//4136 4169//4143
f 4168//4142 4169//4143 4170//4144 4171//4145
f 4168//4142 4171//4145 4172//4146 4165//4139
f 4172//4146 4173//4147 4174//4148 4175//4149
f 4172//4146 4175//4149 4166//4140 4165//4139
f 4172//4146 4171//4145 4176//4150 4173//4147
f 4176//4150 4171//4145 4170//4144 4177//4151
f 4176//4150 4177//4151 4178//4152 4179//4153
f 4176//4150 4179//4153 4180//4154 4173//4147
f 4180//4154 4181//4155 4182//4156 4183//4157
f 4180//4154 4183//4157 4174//4148 4173//4147
f 4180//4154 4179//4153 4184//4158 4181//4155
f 4184//4158 4185//4159 4186//4160 4181//4155
f 4184//4158 4179//4153 4178//4152 4187//4161
f 4184//4158 4187//4161 4188//4162 4185//4159
f 4188//4162 4187//4161 2862//2726 2861//2725
f 4188//4162 2861//2725 4189//4163 4190//4164
f 4188//4162 4190//4164 4191//4165 4185//4159
f 4191//4165 4192//4166 4193//4167 4194//4168
f 4191//4165 4194//4168 4186//4160 4185//4159
f 4191//4165 4190//4164 4195//4169 4192//4166
f 4195//4169 4190//4164 4189//4163 4196//4170
f 4195//4169 4196//4170 4197//4171 4198//4172
f 4195//4169 4198//4172 4199//4173 4192//4166
f 4199//4173 4200//4174 4201//4175 4202//4176
f 4199//4173 4202//4176 4193//4167 4192//4166
f 4199//4173 4198//4172 4203//4177 4200//4174
f 4203//4177 4198//4172 4197//4171 4204//4178
f 4203//4177 4204//4178 2894//2764 2893//2763
f 4203//4177 2893//2763 2892//2762 4200//4174
f 4204//4178 4197//4171 4205//4179 4206//4180
f 4204//4178 4206//4180 4207//4181 2894//2764
f 4207//4181 4208//4182 4209//4183 4210//4184
f 4207//4181 4210//4184 2889//2759 2894//2764
f 4207//4181 4206//4180 4211//4185 4208//4182
f 4211//4185 4212//4186 4213//4187 4208//4182
f 4211//4185 4206//4180 4205//4179 4214//4188
f 4211//4185 4214//4188 4215//4189 4212//4186
f 4215//4189 4216//4190 4217//4191 4212//4186
f 4215//4189 4214//4188 4218//4192 4219//4193
f 4215//4189 4219//4193 4220//4194 4216//4190
f 4220//4194 4221//4195 4222//4196 4216//4190
f 4220//4194 4219//4193 4223//4197 4224//4198
f 4220//4194 4224//4198 4225//4199 4221//4195
f 4225//4199 4226//4200 4227//4201 4228//4202
f 4225//4199 4228//4202 4229//4203 4221//4195
f 4225//4199 4224//4198 4230//4204 4226//4200
f 4230//4204 4231//4205 4232//4206 4226//4200
f 4230//4204 4224//4198 4223//4197 4233//4207
f 4230//4204 4233//4207 4234//4208 4231//4205
f 4234//4208 4235//4209 4236//4210 4231//4205
f 4234//4208 4233//4207 2859//2723 2858//2722
f 4234//4208 2858//2722 2864//2728 4235//4209
f 4236//4210 4237//4211 4238//4212 4239//4213
f 4236//4210 4239//4213 4232//4206 4231//4205
f 4236//4210 4235//4209 4240//4214 4237//4211
f 4240//4214 2738//2584 4241//4215 4237//4211
f 4240//4214 4235//4209 2864//2728 4242//4216
f 4240//4214 4242//4216 2739//2585 2738//2584
f 4242//4216 2864//2728 2863//2727 4243//4217
f 4242//4216 4243//4217 2740//2586 2739//2585
f 4243//4217 2863//2727 2867//2731 4244//4218
f 4243//4217 4244//4218 4245//4219 2740//2586
f 4245//4219 4246//4220 4247//4221 2801//2656
f 4245//4219 2801//2656 2741//2587 2740//2586
f 4245//4219 4244//4218 4248//4222 4246//4220
f 4248//4222 4249//4223 4250//4224 4246//4220
f 4248//4222 4244//4218 2867//2731 451//2791
f 4248//4222 451//2791 2922//2796 4249//4223
f 4250//4224 4251//4225 4252//4226 4253//4227
f 4250//4224 4253//4227 4247//4221 4246//4220
f 4250//4224 4249//4223 4254//4228 4251//4225
f 4254//4228 4255//4229 4256//4230 4251//4225
f 4254//4228 4249//4223 2922//2796 4257//4231
f 4254//4228 4257//4231 4258//4232 4255//4229
f 4258//4232 4259//4233 4260//4234 4255//4229
f 4258//4232 4257//4231 4261//4235 4262//4236
f 4258//4232 4262//4236 4263//4237 4259//4233
f 4263//4237 4125//4099 4121//4095 4120//4094
f 4263//4237 4120//4094 4264//4238 4259//4233
f 4263//4237 4262//4236 4265//4239 4125//4099
f 4265//4239 4130//4104 4126//4100 4125//4099
f 4265//4239 4262//4236 4261//4235 4266//4240
f 4265//4239 4266//4240 4267//4241 4130//4104
f 4267//4241 4135//4109 4131//4105 4130//4104
f 4267//4241 4266//4240 4268//4242 4269//4243
f 4267//4241 4269//4243 4270//4244 4135//4109
f 4270//4244 4140//4114 4136//4110 4135//4109
f 4270//4244 4269//4243 4271//4245 4272//4246
f 4270//4244 4272//4246 4273//4247 4140//4114
f 4273//4247 4145//4119 4141//4115 4140//4114
f 4273//4247 4272//4246 4274//4248 4275//4249
f 4273//4247 4275//4249 4276//4250 4145//4119
f 4276//4250 4150//4124 4146//4120 4145//4119
f 4276//4250 4275//4249 3338//3293 3337//3292
f 4276//4250 3337//3292 3336//3291 4150//4124
f 4275//4249 4274//4248 4277//4251 3338//3293
f 4277//4251 4274//4248 4278//4252 4279//4253
f 4277//4251 4279//4253 4162//4136 4161//4135
f 4277//4251 4161//4135 3339//3294 3338//3293
f 4279//4253 4278//4252 4280//4254 4281//4255
f 4279//4253 4281//4255 4169//4143 4162//4136
f 4281//4255 4280//4254 2919//2793 4282//4256
f 4281//4255 4282//4256 4170//4144 4169//4143
f 4282//4256 2919//2793 2918//2792 4283//4257
f 4282//4256 4283//4257 4177//4151 4170//4144
f 4283//4257 2918//2792 2866//2730 2865//2729
f 4283//4257 2865//2729 4178//4152 4177//4151
f 4280//4254 4278//4252 4271//4245 4284//4258
f 4280//4254 4284//4258 2920//2794 2919//2793
f 4284//4258 4271//4245 4269//4243 4268//4242
f 4284//4258 4268//4242 2921//2795 2920//2794
f 4278//4252 4274//4248 4272//4246 4271//4245
f 4268//4242 4266//4240 4261//4235 2921//2795
f 4264//4238 4120//4094 4116//4090 4115//4089
f 4264//4238 4115//4089 4285//4259 4286//4260
f 4264//4238 4286//4260 4260//4234 4259//4233
f 4286//4260 4285//4259 4287//4261 4288//4262
f 4286//4260 4288//4262 4289//4263 4260//4234
f 4289//4263 4288//4262 4290//4264 4291//4265
f 4289//4263 4291//4265 4292//4266 4256//4230
f 4289//4263 4256//4230 4255//4229 4260//4234
f 4292//4266 4291//4265 4293//4267 4294//4268
f 4292//4266 4294//4268 4295//4269 4252//4226
f 4292//4266 4252//4226 4251//4225 4256//4230
f 4295//4269 4294//4268 4296//4270 4297//4271
f 4295//4269 4297//4271 4298//4272 4299//4273
f 4295//4269 4299//4273 4253//4227 4252//4226
f 4299//4273 4298//4272 4300//4274 4301//4275
f 4299//4273 4301//4275 4247//4221 4253//4227
f 4301//4275 4300//4274 2798//2653 433//2652
f 4301//4275 433//2652 2801//2656 4247//4221
f 4300//4274 4298//4272 4302//4276 4303//4277
f 4300//4274 4303//4277 4304//4278 2798//2653
f 4304//4278 4303//4277 4305//4279 4306//4280
f 4304//4278 4306//4280 4307//4281 4308//4282
f 4304//4278 4308//4282 2799//2654 2798//2653
f 4308//4282 4307//4281 4309//4283 4310//4284
f 4308//4282 4310//4284 4311//4285 2799//2654
f 4311//4285 4310//4284 4312//4286 4313//4287
f 4311//4285 4313//4287 4314//4288 4315//4289
f 4311//4285 4315//4289 2800//2655 2799//2654
f 4315//4289 4314//4288 4316//4290 4317//4291
f 4315//4289 4317//4291 2802//2657 2800//2655
f 4317//4291 4316//4290 4318//4292 4319//4293
f 4317//4291 4319//4293 4320//4294 2802//2657
f 4320//4294 4321//4295 2744//2590 2743//2589
f 4320//4294 2743//2589 2742//2588 2802//2657
f 4320//4294 4319//4293 4322//4296 4321//4295
f 4322//4296 4323//4297 4324//4298 4321//4295
f 4322//4296 4319//4293 4318//4292 4325//4299
f 4322//4296 4325//4299 4326//4300 4323//4297
f 4326//4300 4327//4301 4328//4302 4323//4297
f 4326//4300 4325//4299 4329//4303 4330//4304
f 4326//4300 4330//4304 4331//4305 4327//4301
f 4331//4305 4332//4306 4333//4307 4327//4301
f 4331//4305 4330//4304 4334//4308 4335//4309
f 4331//4305 4335//4309 4336//4310 4332//4306
f 4336//4310 4337//4311 4338//4312 4332//4306
f 4336//4310 4335//4309 4339//4313 4340//4314
f 4336//4310 4340//4314 4341//4315 4337//4311
f 4341//4315 4342//4316 4343//4317 4337//4311
f 4341//4315 4340//4314 4201//4175 4344//4318
f 4341//4315 4344//4318 4345//4319 4342//4316
f 4345//4319 4346//4320 4347//4321 4342//4316
f 4345//4319 4344//4318 2892//2762 2891//2761
f 4345//4319 2891//2761 2890//2760 4346//4320
f 4347//4321 4348//4322 4349//4323 4350//4324
f 4347//4321 4350//4324 4343//4317 4342//4316
f 4347//4321 4346//4320 4351//4325 4348//4322
f 4351//4325 4352//4326 4353//4327 4348//4322
f 4351//4325 4346//4320 2890//2760 4354//4328
f 4351//4325 4354//4328 4355//4329 4352//4326
f 4355//4329 4356//4330 4357//4331 4352//4326
f 4355//4329 4354//4328 4210//4184 4209//4183
f 4355//4329 4209//4183 4358//4332 4356//4330
f 4358//4332 4359//4333 4360//4334 4356//4330
f 4358//4332 4209//4183 4208//4182 4213//4187
f 4358//4332 4213//4187 4361//4335 4359//4333
f 4361//4335 4362//4336 4363//4337 4359//4333
f 4361//4335 4213//4187 4212//4186 4217//4191
f 4361//4335 4217//4191 4364//4338 4362//4336
f 4364//4338 4365//4339 4366//4340 4362//4336
f 4364//4338 4217//4191 4216//4190 4222//4196
f 4364//4338 4222//4196 4367//4341 4365//4339
f 4367//4341 4368//4342 4369//4343 4365//4339
f 4367//4341 4222//4196 4221//4195 4229//4203
f 4367//4341 4229//4203 4370//4344 4368//4342
f 4370//4344 4371//4345 4372//4346 4368//4342
f 4370//4344 4229//4203 4228//4202 4373//4347
f 4370//4344 4373//4347 4374//4348 4371//4345
f 4374//4348 4375//4349 4376//4350 4371//4345
f 4374//4348 4373//4347 4377//4351 4378//4352
f 4374//4348 4378//4352 4379//4353 4375//4349
f 4379//4353 4380//4354 2562//2382 4375//4349
f 4379//4353 4378//4352 4381//4355 4382//4356
f 4379//4353 4382//4356 4383//4357 4380//4354
f 4383//4357 4384//4358 2565//2385 4380//4354
f 4383//4357 4382//4356 4385//4359 4386//4360
f 4383//4357 4386//4360 4387//4361 4384//4358
f 4387//4361 4388//4362 4389//4363 4384//4358
f 4387//4361 4386//4360 4390//4364 4391//4365
f 4387//4361 4391//4365 4392//4366 4388//4362
f 4392//4366 2533//2348 4393//4367 4394//4368
f 4392//4366 4394//4368 4395//4369 4388//4362
f 4392//4366 4391//4365 2534//2350 2533//2348
f 4395//4369 4396//4370 4397//4371 4398//4372
f 4395//4369 4398//4372 4389//4363 4388//4362
f 4395//4369 4394//4368 4399//4373 4396//4370
f 4399//4373 2586//2409 2585//2408 4400//4374
f 4399//4373 4400//4374 4401//4375 4396//4370
f 4399//4373 4394//4368 4393//4367 2586//2409
f 4401//4375 4402//4376 4403//4377 4404//4378
f 4401//4375 4404//4378 4397//4371 4396//4370
f 4401//4375 4400//4374 4405//4379 4402//4376
f 4405//4379 4406//4380 4407//4381 4402//4376
f 4405//4379 4400//4374 2585//2408 4408//4382
f 4405//4379 4408//4382 4409//4383 4406//4380
f 4409//4383 4410//4384 4411//4385 4406//4380
f 4409//4383 4408//4382 4412//4386 4413//4387
f 4409//4383 4413//4387 4414//4388 4410//4384
f 4414//4388 4415//4389 4416//4390 4410//4384
f 4414//4388 4413//4387 4417//4391 4418//4392
f 4414//4388 4418//4392 4419//4393 4415//4389
f 4419//4393 4420//4394 4421//4395 4415//4389
f 4419//4393 4418//4392 4422//4396 4423//4397
f 4419//4393 4423//4397 4424//4398 4420//4394
f 4424//4398 4425//4399 4426//4400 4420//4394
f 4424//4398 4423//4397 4427//4401 4428//4402
f 4424//4398 4428//4402 4429//4403 4425//4399
f 4429//4403 4430//4404 4431//4405 4425//4399
f 4429//4403 4428//4402 4432//4406 4433//4407
f 4429//4403 4433//4407 4434//4408 4430//4404
f 4434//4408 4435//4409 4436//4410 4430//4404
f 4434//4408 4433//4407 4437//4411 4438//4412
f 4434//4408 4438//4412 4439//4413 4435//4409
f 4439//4413 4440//4414 4441//4415 4435//4409
f 4439//4413 4438//4412 4442//4416 4443//4417
f 4439//4413 4443//4417 4444//4418 4440//4414
f 4444//4418 4445//4419 4446//4420 4440//4414
f 4444//4418 4443//4417 4447//4421 4448//4422
f 4444//4418 4448//4422 4449//4423 4445//4419
f 4449//4423 4450//4424 4451//4425 4445//4419
f 4449//4423 4448//4422 4452//4426 4453//4427
f 4449//4423 4453//4427 4454//4428 4450//4424
f 4454//4428 4455//4429 4456//4430 4450//4424
f 4454//4428 4453//4427 4457//4431 4458//4432
f 4454//4428 4458//4432 4459//4433 4455//4429
f 4459//4433 4460//4434 4461//4435 4455//4429
f 4459//4433 4458//4432 4462//4436 4463//4437
f 4459//4433 4463//4437 4464//4438 4460//4434
f 4464//4438 4465//4439 4466//4440 4460//4434
f 4464//4438 4463//4437 4467//4441 4468//4442
f 4464//4438 4468//4442 4469//4443 4465//4439
f 4469//4443 4470//4444 3101//3007 4465//4439
f 4469//4443 4468//4442 4471//4445 4472//4446
f 4469//4443 4472//4446 4473//4447 4470//4444
f 4473//4447 4474//4448 4475//4449 4470//4444
f 4473//4447 4472//4446 4476//4450 4477//4451
f 4473//4447 4477//4451 4478//4452 4474//4448
f 4478//4452 4479//4453 4480//4454 4474//4448
f 4478//4452 4477//4451 4481//4455 4482//4456
f 4478//4452 4482//4456 4483//4457 4479//4453
f 4483//4457 4484//4458 4485//4459 4479//4453
f 4483//4457 4482//4456 4486//4460 4487//4461
f 4483//4457 4487//4461 4488//4462 4484//4458
f 4488//4462 4489//4463 4490//4464 4484//4458
f 4488//4462 4487//4461 4491//4465 4492//4466
f 4488//4462 4492//4466 4493//4467 4489//4463
f 4493//4467 3364//3321 4494//4468 4489//4463
f 4493//4467 4492//4466 4495//4469 4496//4470
f 4493//4467 4496//4470 3359//3316 3364//3321
f 4496//4470 4495//4469 4497//4471 4498//4472
f 4496//4470 4498//4472 3360//3317 3359//3316
f 4498//4472 4497//4471 4499//4473 4500//4474
f 4498//4472 4500//4474 4501//4475 3360//3317
f 4501//4475 4502//4476 3361//3318 3360//3317
f 4501//4475 4500//4474 4503//4477 4504//4478
f 4501//4475 4504//4478 4505//4479 4502//4476
f 4505//4479 4504//4478 4506//4480 4507//4481
f 4505//4479 4507//4481 4508//4482 4509//4483
f 4505//4479 4509//4483 4510//4484 4502//4476
f 4510//4484 3362//3319 3361//3318 4502//4476
f 4510//4484 4509//4483 4511//4485 4512//4486
f 4510//4484 4512//4486 4513//4487 3362//3319
f 4513//4487 4514//4488 3363//3320 3362//3319
f 4513//4487 4512//4486 4515//4489 4516//4490
f 4513//4487 4516//4490 4517//4491 4514//4488
f 4517//4491 4516//4490 4518//4492 4519//4493
f 4517//4491 4519//4493 4520//4494 4521//4495
f 4517//4491 4521//4495 4494//4468 4514//4488
f 4521//4495 4520//4494 4522//4496 4490//4464
f 4521//4495 4490//4464 4489//4463 4494//4468
f 4522//4496 4520//4494 4523//4497 4524//4498
f 4522//4496 4524//4498 4525//4499 4485//4459
f 4522//4496 4485//4459 4484//4458 4490//4464
f 4525//4499 4524//4498 4526//4500 4527//4501
f 4525//4499 4527//4501 4528//4502 4480//4454
f 4525//4499 4480//4454 4479//4453 4485//4459
f 4528//4502 4527//4501 4529//4503 3105//3012
f 4528//4502 3105//3012 3102//3008 4475//4449
f 4528//4502 4475//4449 4474//4448 4480//4454
f 4529//4503 4530//4504 4531//4505 3177//3098
f 4529//4503 3177//3098 3103//3009 3105//3012
f 4529//4503 4527//4501 4526//4500 4530//4504
f 4531//4505 4532//4506 3178//3100 527//3104
f 4531//4505 527//3104 518//3099 3177//3098
f 4531//4505 4530//4504 4533//4507 4532//4506
f 4533//4507 4534//4508 3341//3296 4532//4506
f 4533//4507 4530//4504 4526//4500 4535//4509
f 4533//4507 4535//4509 4536//4510 4534//4508
f 4536//4510 4537//4511 4538//4512 4534//4508
f 4536//4510 4535//4509 4523//4497 4539//4513
f 4536//4510 4539//4513 4540//4514 4537//4511
f 4540//4514 4539//4513 4519//4493 4518//4492
f 4540//4514 4518//4492 4541//4515 4542//4516
f 4540//4514 4542//4516 4543//4517 4537//4511
f 4543//4517 4542//4516 4544//4518 4545//4519
f 4543//4517 4545//4519 4546//4520 4547//4521
f 4543//4517 4547//4521 4538//4512 4537//4511
f 4547//4521 4546//4520 4548//4522 3345//3300
f 4547//4521 3345//3300 3342//3297 4538//4512
f 4548//4522 4546//4520 4549//4523 4550//4524
f 4548//4522 4550//4524 3325//3276 3324//3275
f 4548//4522 3324//3275 3343//3298 3345//3300
f 4550//4524 4549//4523 4551//4525 4552//4526
f 4550//4524 4552//4526 3200//3126 3325//3276
f 4552//4526 4551//4525 4553//4527 4554//4528
f 4552//4526 4554//4528 3194//3120 3200//3126
f 4554//4528 4553//4527 4555//4529 4556//4530
f 4554//4528 4556//4530 3195//3121 3194//3120
f 4556//4530 4555//4529 4557//4531 4558//4532
f 4556//4530 4558//4532 4559//4533 3195//3121
f 4559//4533 4558//4532 4560//4534 4561//4535
f 4559//4533 4561//4535 3144//3056 4562//4536
f 4559//4533 4562//4536 3196//3122 3195//3121
f 4562//4536 3144//3056 3143//3055 4563//4537
f 4562//4536 4563//4537 3197//3123 3196//3122
f 4563//4537 3143//3055 3142//3054 4564//4538
f 4563//4537 4564//4538 4565//4539 3197//3123
f 4565//4539 3247//3182 3198//3124 3197//3123
f 4565//4539 4564//4538 4566//4540 4567//4541
f 4565//4539 4567//4541 4568//4542 3247//3182
f 4568//4542 3322//3273 3248//3183 3247//3182
f 4568//4542 4567//4541 4569//4543 4570//4544
f 4568//4542 4570//4544 4571//4545 3322//3273
f 4571//4545 3344//3299 3323//3274 3322//3273
f 4571//4545 4570//4544 4572//4546 4573//4547
f 4571//4545 4573//4547 3319//3269 3344//3299
f 4573//4547 4572//4546 3256//3194 3255//3193
f 4573//4547 3255//3193 3318//3267 3319//3269
f 4572//4546 4570//4544 4569//4543 4574//4548
f 4572//4546 4574//4548 3257//3195 3256//3194
f 4574//4548 4569//4543 4575//4549 4576//4550
f 4574//4548 4576//4550 4577//4551 3257//3195
f 4577//4551 4576//4550 4578//4552 4579//4553
f 4577//4551 4579//4553 4580//4554 4581//4555
f 4577//4551 4581//4555 3253//3191 3257//3195
f 4581//4555 4580//4554 3108//3015 3107//3014
f 4581//4555 3107//3014 3106//3013 3253//3191
f 4580//4554 4579//4553 4582//4556 4583//4557
f 4580//4554 4583//4557 4584//4558 3108//3015
f 4584//4558 4583//4557 4585//4559 4461//4435
f 4584//4558 4461//4435 4460//4434 4466//4440
f 4584//4558 4466//4440 3100//3006 3108//3015
f 4585//4559 4583//4557 4582//4556 4586//4560
f 4585//4559 4586//4560 4587//4561 4456//4430
f 4585//4559 4456//4430 4455//4429 4461//4435
f 4587//4561 4586//4560 4588//4562 4589//4563
f 4587//4561 4589//4563 4590//4564 4451//4425
f 4587//4561 4451//4425 4450//4424 4456//4430
f 4590//4564 4589//4563 4591//4565 4592//4566
f 4590//4564 4592//4566 4593//4567 4446//4420
f 4590//4564 4446//4420 4445//4419 4451//4425
f 4593//4567 4592//4566 4594//4568 4595//4569
f 4593//4567 4595//4569 4596//4570 4441//4415
f 4593//4567 4441//4415 4440//4414 4446//4420
f 4596//4570 4595//4569 4597//4571 4598//4572
f 4596//4570 4598//4572 4599//4573 4436//4410
f 4596//4570 4436//4410 4435//4409 4441//4415
f 4599//4573 4598//4572 4600//4574 4601//4575
f 4599//4573 4601//4575 4602//4576 4431//4405
f 4599//4573 4431//4405 4430//4404 4436//4410
f 4602//4576 4601//4575 4603//4577 4604//4578
f 4602//4576 4604//4578 4605//4579 4426//4400
f 4602//4576 4426//4400 4425//4399 4431//4405
f 4605//4579 4604//4578 4606//4580 4607//4581
f 4605//4579 4607//4581 4608//4582 4421//4395
f 4605//4579 4421//4395 4420//4394 4426//4400
f 4608//4582 4607//4581 4609//4583 4610//4584
f 4608//4582 4610//4584 4611//4585 4416//4390
f 4608//4582 4416//4390 4415//4389 4421//4395
f 4611//4585 4610//4584 4612//4586 4613//4587
f 4611//4585 4613//4587 4614//4588 4411//4385
f 4611//4585 4411//4385 4410//4384 4416//4390
f 4614//4588 4613//4587 4615//4589 4616//4590
f 4614//4588 4616//4590 4617//4591 4407//4381
f 4614//4588 4407//4381 4406//4380 4411//4385
f 4617//4591 4616//4590 4618//4592 4619//4593
f 4617//4591 4619//4593 4620//4594 4403//4377
f 4617//4591 4403//4377 4402//4376 4407//4381
f 4620//4594 4619//4593 4621//4595 4622//4596
f 4620//4594 4622//4596 4623//4597 4624//4598
f 4620//4594 4624//4598 4404//4378 4403//4377
f 4624//4598 4623//4597 4625//4599 4626//4600
f 4624//4598 4626//4600 4397//4371 4404//4378
f 4626//4600 4625//4599 4627//4601 4628//4602
f 4626//4600 4628//4602 4398//4372 4397//4371
f 4628//4602 4627//4601 2563//2383 2566//2386
f 4628//4602 2566//2386 4389//4363 4398//4372
f 4627//4601 4625//4599 2644//2476 2643//2475
f 4627//4601 2643//2475 2564//2384 2563//2383
f 4625//4599 4623//4597 2647//2480 2644//2476
f 4623//4597 4622//4596 4629//4603 2647//2480
f 4629//4603 4630//4604 2826//2685 4631//4605
f 4629//4603 4631//4605 2645//2477 2647//2480
f 4629//4603 4622//4596 4621//4595 4630//4604
f 4631//4605 2826//2685 437//2681 2825//2684
f 4631//4605 2825//2684 2646//2478 2645//2477
f 4630//4604 4632//4606 2827//2686 2826//2685
f 4630//4604 4621//4595 4633//4607 4632//4606
f 4633//4607 4634//4608 4635//4609 4632//4606
f 4633//4607 4621//4595 4619//4593 4618//4592
f 4633//4607 4618//4592 4636//4610 4634//4608
f 4636//4610 4637//4611 2981//2864 4634//4608
f 4636//4610 4618//4592 4616//4590 4615//4589
f 4636//4610 4615//4589 4638//4612 4637//4611
f 4638//4612 4639//4613 4640//4614 4637//4611
f 4638//4612 4615//4589 4613//4587 4612//4586
f 4638//4612 4612//4586 4641//4615 4639//4613
f 4641//4615 4642//4616 4643//4617 4639//4613
f 4641//4615 4612//4586 4610//4584 4609//4583
f 4641//4615 4609//4583 4644//4618 4642//4616
f 4644//4618 4645//4619 4646//4620 4642//4616
f 4644//4618 4609//4583 4607//4581 4606//4580
f 4644//4618 4606//4580 4647//4621 4645//4619
f 4647//4621 4648//4622 4649//4623 4645//4619
f 4647//4621 4606//4580 4604//4578 4603//4577
f 4647//4621 4603//4577 4650//4624 4648//4622
f 4650//4624 4651//4625 4652//4626 4648//4622
f 4650//4624 4603//4577 4601//4575 4600//4574
f 4650//4624 4600//4574 4653//4627 4651//4625
f 4653//4627 4654//4628 4655//4629 4651//4625
f 4653//4627 4600//4574 4598//4572 4597//4571
f 4653//4627 4597//4571 4656//4630 4654//4628
f 4656//4630 4657//4631 4658//4632 4654//4628
f 4656//4630 4597//4571 4595//4569 4594//4568
f 4656//4630 4594//4568 4659//4633 4657//4631
f 4659//4633 3139//3051 3138//3050 4657//4631
f 4659//4633 4594//4568 4592//4566 4591//4565
f 4659//4633 4591//4565 4660//4634 3139//3051
f 4660//4634 4661//4635 3140//3052 3139//3051
f 4660//4634 4591//4565 4589//4563 4588//4562
f 4660//4634 4588//4562 4662//4636 4661//4635
f 4662//4636 4578//4552 4663//4637 4661//4635
f 4662//4636 4588//4562 4586//4560 4582//4556
f 4662//4636 4582//4556 4579//4553 4578//4552
f 4663//4637 4575//4549 4566//4540 3141//3053
f 4663//4637 3141//3053 3140//3052 4661//4635
f 4663//4637 4578//4552 4576//4550 4575//4549
f 4658//4632 3137//3049 4664//4638 4665//4639
f 4658//4632 4665//4639 4655//4629 4654//4628
f 4658//4632 4657//4631 3138//3050 3137//3049
f 4665//4639 4664//4638 4666//4640 4667//4641
f 4665//4639 4667//4641 4668//4642 4655//4629
f 4668//4642 4667//4641 4669//4643 4670//4644
f 4668//4642 4670//4644 4671//4645 4652//4626
f 4668//4642 4652//4626 4651//4625 4655//4629
f 4671//4645 4670//4644 4672//4646 4673//4647
f 4671//4645 4673//4647 4674//4648 4649//4623
f 4671//4645 4649//4623 4648//4622 4652//4626
f 4674//4648 4673//4647 4675//4649 4676//4650
f 4674//4648 4676//4650 4677//4651 4646//4620
f 4674//4648 4646//4620 4645//4619 4649//4623
f 4677//4651 4676//4650 4678//4652 4679//4653
f 4677//4651 4679//4653 4680//4654 4643//4617
f 4677//4651 4643//4617 4642//4616 4646//4620
f 4680//4654 4679//4653 4681//4655 2980//2863
f 4680//4654 2980//2863 2979//2862 4640//4614
f 4680//4654 4640//4614 4639//4613 4643//4617
f 4681//4655 4682//4656 4683//4657 4684//4658
f 4681//4655 4684//4658 2976//2859 2980//2863
f 4681//4655 4679//4653 4678//4652 4682//4656
f 4684//4658 4683//4657 4685//4659 4686//4660
f 4684//4658 4686//4660 2977//2860 2976//2859
f 4686//4660 4685//4659 4687//4661 4688//4662
f 4686//4660 4688//4662 4689//4663 2977//2860
f 4689//4663 4688//4662 4690//4664 4691//4665
f 4689//4663 4691//4665 4692//4666 4693//4667
f 4689//4663 4693//4667 2971//2854 2977//2860
f 4693//4667 4692//4666 4694//4668 4695//4669
f 4693//4667 4695//4669 2972//2855 2971//2854
f 4695//4669 4694//4668 4696//4670 4697//4671
f 4695//4669 4697//4671 4698//4672 2972//2855
f 4698//4672 4697//4671 4699//4673 4700//4674
f 4698//4672 4700//4674 2848//2710 2850//2712
f 4698//4672 2850//2712 2973//2856 2972//2855
f 4700//4674 4699//4673 4701//4675 4702//4676
f 4700//4674 4702//4676 2765//2614 2848//2710
f 4702//4676 4701//4675 4703//4677 4704//4678
f 4702//4676 4704//4678 2766//2615 2765//2614
f 4704//4678 4703//4677 4705//4679 4706//4680
f 4704//4678 4706//4680 2767//2616 2766//2615
f 4706//4680 4705//4679 4707//4681 4708//4682
f 4706//4680 4708//4682 2662//2498 2767//2616
f 4708//4682 4707//4681 4709//4683 4710//4684
f 4708//4682 4710//4684 2632//2462 2662//2498
f 4710//4684 4709//4683 4711//4685 4712//4686
f 4710//4684 4712//4686 2628//2458 2632//2462
f 4712//4686 4711//4685 4713//4687 4714//4688
f 4712//4686 4714//4688 2629//2459 2628//2458
f 4714//4688 4713//4687 2569//2389 2568//2388
f 4714//4688 2568//2388 2567//2387 2629//2459
f 4713//4687 4711//4685 4715//4689 4716//4690
f 4713//4687 4716//4690 4717//4691 2569//2389
f 4717//4691 4716//4690 4718//4692 4719//4693
f 4717//4691 4719//4693 4720//4694 4721//4695
f 4717//4691 4721//4695 2570//2390 2569//2389
f 4721//4695 4720//4694 4722//4696 4723//4697
f 4721//4695 4723//4697 4724//4698 2570//2390
f 4724//4698 4723//4697 4725//4699 4726//4700
f 4724//4698 4726//4700 4376//4350 2561//2381
f 4724//4698 2561//2381 399//2380 2570//2390
f 4726//4700 4725//4699 4727//4701 4372//4346
f 4726//4700 4372//4346 4371//4345 4376//4350
f 4727//4701 4725//4699 4728//4702 4729//4703
f 4727//4701 4729//4703 4730//4704 4369//4343
f 4727//4701 4369//4343 4368//4342 4372//4346
f 4730//4704 4729//4703 4731//4705 4732//4706
f 4730//4704 4732//4706 4733//4707 4366//4340
f 4730//4704 4366//4340 4365//4339 4369//4343
f 4733//4707 4732//4706 4734//4708 4735//4709
f 4733//4707 4735//4709 4736//4710 4363//4337
f 4733//4707 4363//4337 4362//4336 4366//4340
f 4736//4710 4735//4709 4737//4711 4738//4712
f 4736//4710 4738//4712 4739//4713 4360//4334
f 4736//4710 4360//4334 4359//4333 4363//4337
f 4739//4713 4738//4712 4740//4714 4741//4715
f 4739//4713 4741//4715 4742//4716 4357//4331
f 4739//4713 4357//4331 4356//4330 4360//4334
f 4742//4716 4741//4715 4743//4717 4744//4718
f 4742//4716 4744//4718 4745//4719 4353//4327
f 4742//4716 4353//4327 4352//4326 4357//4331
f 4745//4719 4744//4718 4746//4720 4747//4721
f 4745//4719 4747//4721 4748//4722 4349//4323
f 4745//4719 4349//4323 4348//4322 4353//4327
f 4748//4722 4747//4721 4749//4723 4750//4724
f 4748//4722 4750//4724 4751//4725 4752//4726
f 4748//4722 4752//4726 4350//4324 4349//4323
f 4752//4726 4751//4725 4753//4727 4754//4728
f 4752//4726 4754//4728 4343//4317 4350//4324
f 4754//4728 4753//4727 4755//4729 4338//4312
f 4754//4728 4338//4312 4337//4311 4343//4317
f 4755//4729 4753//4727 4756//4730 4757//4731
f 4755//4729 4757//4731 4758//4732 4333//4307
f 4755//4729 4333//4307 4332//4306 4338//4312
f 4758//4732 4757//4731 4759//4733 4760//4734
f 4758//4732 4760//4734 4761//4735 4328//4302
f 4758//4732 4328//4302 4327//4301 4333//4307
f 4761//4735 4760//4734 4762//4736 4763//4737
f 4761//4735 4763//4737 4764//4738 4324//4298
f 4761//4735 4324//4298 4323//4297 4328//4302
f 4764//4738 4763//4737 4765//4739 4766//4740
f 4764//4738 4766//4740 2745//2591 2744//2590
f 4764//4738 2744//2590 4321//4295 4324//4298
f 4766//4740 4765//4739 4767//4741 4768//4742
f 4766//4740 4768//4742 2746//2592 2745//2591
f 4768//4742 4767//4741 4769//4743 4770//4744
f 4768//4742 4770//4744 4771//4745 2746//2592
f 4771//4745 4772//4746 4773//4747 4774//4748
f 4771//4745 4774//4748 2737//2583 2746//2592
f 4771//4745 4770//4744 4775//4749 4772//4746
f 4775//4749 4776//4750 4777//4751 4778//4752
f 4775//4749 4778//4752 4779//4753 4772//4746
f 4775//4749 4770//4744 4769//4743 4776//4750
f 4779//4753 4780//4754 4781//4755 4782//4756
f 4779//4753 4782//4756 4773//4747 4772//4746
f 4779//4753 4778//4752 4783//4757 4780//4754
f 4783//4757 4784//4758 4785//4759 4786//4760
f 4783//4757 4786//4760 4787//4761 4780//4754
f 4783//4757 4778//4752 4777//4751 4784//4758
f 4787//4761 4788//4762 4789//4763 4790//4764
f 4787//4761 4790//4764 4781//4755 4780//4754
f 4787//4761 4786//4760 4791//4765 4788//4762
f 4791//4765 4792//4766 4793//4767 4794//4768
f 4791//4765 4794//4768 4795//4769 4788//4762
f 4791//4765 4786//4760 4785//4759 4792//4766
f 4795//4769 4796//4770 2535//2349 4797//4771
f 4795//4769 4797//4771 4789//4763 4788//4762
f 4795//4769 4794//4768 4798//4772 4796//4770
f 4798//4772 2505//2316 2504//2315 4796//4770
f 4798//4772 4794//4768 4793//4767 4799//4773
f 4798//4772 4799//4773 4800//4774 2505//2316
f 4800//4774 4801//4775 2506//2317 2505//2316
f 4800//4774 4799//4773 4802//4776 4803//4777
f 4800//4774 4803//4777 4804//4778 4801//4775
f 4804//4778 4805//4779 4806//4780 4801//4775
f 4804//4778 4803//4777 4807//4781 4808//4782
f 4804//4778 4808//4782 4809//4783 4805//4779
f 4809//4783 4810//4784 4811//4785 4805//4779
f 4809//4783 4808//4782 4812//4786 4813//4787
f 4809//4783 4813//4787 4814//4788 4810//4784
f 4814//4788 4815//4789 4816//4790 4810//4784
f 4814//4788 4813//4787 2543//2359 2542//2358
f 4814//4788 2542//2358 2541//2357 4815//4789
f 4816//4790 4817//4791 4818//4792 4819//4793
f 4816//4790 4819//4793 4811//4785 4810//4784
f 4816//4790 4815//4789 4820//4794 4817//4791
f 4820//4794 4821//4795 4822//4796 4817//4791
f 4820//4794 4815//4789 2541//2357 4823//4797
f 4820//4794 4823//4797 4824//4798 4821//4795
f 4824//4798 4825//4799 4826//4800 4821//4795
f 4824//4798 4823//4797 4827//4801 2733//2578
f 4824//4798 2733//2578 2732//2577 4825//4799
f 4827//4801 4823//4797 2541//2357 2538//2354
f 4827//4801 2538//2354 2537//2353 4828//4802
f 4827//4801 4828//4802 2720//2564 2733//2578
f 4828//4802 2537//2353 4829//4803 4830//4804
f 4828//4802 4830//4804 2721//2565 2720//2564
f 4830//4804 4829//4803 4831//4805 4832//4806
f 4830//4804 4832//4806 4833//4807 2721//2565
f 4833//4807 2717//2560 422//2559 2721//2565
f 4833//4807 4832//4806 4834//4808 4835//4809
f 4833//4807 4835//4809 4836//4810 2717//2560
f 4836//4810 4837//4811 2718//2561 2717//2560
f 4836//4810 4835//4809 4838//4812 4839//4813
f 4836//4810 4839//4813 4840//4814 4837//4811
f 4840//4814 4841//4815 4842//4816 4837//4811
f 4840//4814 4839//4813 4843//4817 4844//4818
f 4840//4814 4844//4818 4845//4819 4841//4815
f 4845//4819 4846//4820 4847//4821 4841//4815
f 4845//4819 4844//4818 4848//4822 4849//4823
f 4845//4819 4849//4823 4850//4824 4846//4820
f 4850//4824 4851//4825 4852//4826 4846//4820
f 4850//4824 4849//4823 4853//4827 4854//4828
f 4850//4824 4854//4828 4855//4829 4851//4825
f 4855//4829 4856//4830 4857//4831 4851//4825
f 4855//4829 4854//4828 4858//4832 4859//4833
f 4855//4829 4859//4833 4860//4834 4856//4830
f 4860//4834 4861//4835 4862//4836 4856//4830
f 4860//4834 4859//4833 4863//4837 4864//4838
f 4860//4834 4864//4838 4865//4839 4861//4835
f 4865//4839 4866//4840 4867//4841 4861//4835
f 4865//4839 4864//4838 4868//4842 4869//4843
f 4865//4839 4869//4843 4870//4844 4866//4840
f 4870//4844 4871//4845 4872//4846 4866//4840
f 4870//4844 4869//4843 4873//4847 4874//4848
f 4870//4844 4874//4848 4875//4849 4871//4845
f 4875//4849 4876//4850 4877//4851 4871//4845
f 4875//4849 4874//4848 4690//4664 4878//4852
f 4875//4849 4878//4852 4879//4853 4876//4850
f 4879//4853 4880//4854 4881//4855 4876//4850
f 4879//4853 4878//4852 4687//4661 4882//4856
f 4879//4853 4882//4856 4883//4857 4880//4854
f 4883//4857 4884//4858 4885//4859 4880//4854
f 4883//4857 4882//4856 4886//4860 4887//4861
f 4883//4857 4887//4861 4888//4862 4884//4858
f 4888//4862 4889//4863 4890//4864 4884//4858
f 4888//4862 4887//4861 4891//4865 4892//4866
f 4888//4862 4892//4866 4893//4867 4889//4863
f 4893//4867 4894//4868 4895//4869 4889//4863
f 4893//4867 4892//4866 4896//4870 4897//4871
f 4893//4867 4897//4871 4898//4872 4894//4868
f 4898//4872 4899//4873 4900//4874 4894//4868
f 4898//4872 4897//4871 4901//4875 4902//4876
f 4898//4872 4902//4876 4903//4877 4899//4873
f 4903//4877 4904//4878 4905//4879 4899//4873
f 4903//4877 4902//4876 4906//4880 4907//4881
f 4903//4877 4907//4881 4908//4882 4904//4878
f 4908//4882 4909//4883 4910//4884 4904//4878
f 4908//4882 4907//4881 4911//4885 4912//4886
f 4908//4882 4912//4886 4913//4887 4909//4883
f 4913//4887 4914//4888 4915//4889 4909//4883
f 4913//4887 4912//4886 4916//4890 4557//4531
f 4913//4887 4557//4531 4555//4529 4914//4888
f 4916//4890 4912//4886 4911//4885 4917//4891
f 4916//4890 4917//4891 4918//4892 4560//4534
f 4916//4890 4560//4534 4558//4532 4557//4531
f 4918//4892 4917//4891 4919//4893 4920//4894
f 4918//4892 4920//4894 4921//4895 4922//4896
f 4918//4892 4922//4896 4561//4535 4560//4534
f 4922//4896 4921//4895 3136//3048 3135//3047
f 4922//4896 3135//3047 3144//3056 4561//4535
f 4921//4895 4920//4894 4666//4640 4664//4638
f 4921//4895 4664//4638 3137//3049 3136//3048
f 4920//4894 4919//4893 4923//4897 4666//4640
f 4923//4897 4919//4893 4924//4898 4925//4899
f 4923//4897 4925//4899 4926//4900 4669//4643
f 4923//4897 4669//4643 4667//4641 4666//4640
f 4926//4900 4925//4899 4927//4901 4928//4902
f 4926//4900 4928//4902 4929//4903 4672//4646
f 4926//4900 4672//4646 4670//4644 4669//4643
f 4929//4903 4928//4902 4930//4904 4931//4905
f 4929//4903 4931//4905 4932//4906 4675//4649
f 4929//4903 4675//4649 4673//4647 4672//4646
f 4932//4906 4931//4905 4933//4907 4934//4908
f 4932//4906 4934//4908 4682//4656 4678//4652
f 4932//4906 4678//4652 4676//4650 4675//4649
f 4934//4908 4933//4907 4891//4865 4935//4909
f 4934//4908 4935//4909 4683//4657 4682//4656
f 4935//4909 4891//4865 4887//4861 4886//4860
f 4935//4909 4886//4860 4685//4659 4683//4657
f 4933//4907 4896//4870 4892//4866 4891//4865
f 4933//4907 4931//4905 4930//4904 4896//4870
f 4930//4904 4901//4875 4897//4871 4896//4870
f 4930//4904 4928//4902 4927//4901 4901//4875
f 4927//4901 4906//4880 4902//4876 4901//4875
f 4927//4901 4925//4899 4924//4898 4906//4880
f 4924//4898 4911//4885 4907//4881 4906//4880
f 4924//4898 4919//4893 4917//4891 4911//4885
f 4915//4889 4936//4910 4937//4911 4938//4912
f 4915//4889 4938//4912 4910//4884 4909//4883
f 4915//4889 4914//4888 4939//4913 4936//4910
f 4939//4913 4940//4914 4941//4915 4936//4910
f 4939//4913 4914//4888 4555//4529 4553//4527
f 4939//4913 4553//4527 4551//4525 4940//4914
f 4941//4915 4942//4916 4943//4917 4944//4918
f 4941//4915 4944//4918 4937//4911 4936//4910
f 4941//4915 4940//4914 4945//4919 4942//4916
f 4945//4919 4545//4519 4544//4518 4942//4916
f 4945//4919 4940//4914 4551//4525 4549//4523
f 4945//4919 4549//4523 4546//4520 4545//4519
f 4944//4918 4943//4917 4946//4920 4947//4921
f 4944//4918 4947//4921 4948//4922 4937//4911
f 4948//4922 4947//4921 4949//4923 3387//3349
f 4948//4922 3387//3349 3384//3346 4950//4924
f 4948//4922 4950//4924 4938//4912 4937//4911
f 4950//4924 3384//3346 3383//3345 4951//4925
f 4950//4924 4951//4925 4910//4884 4938//4912
f 4951//4925 3383//3345 4952//4926 4905//4879
f 4951//4925 4905//4879 4904//4878 4910//4884
f 4952//4926 3383//3345 3382//3344 4953//4927
f 4952//4926 4953//4927 4954//4928 4900//4874
f 4952//4926 4900//4874 4899//4873 4905//4879
f 4954//4928 4953//4927 4955//4929 4956//4930
f 4954//4928 4956//4930 4957//4931 4895//4869
f 4954//4928 4895//4869 4894//4868 4900//4874
f 4957//4931 4956//4930 4958//4932 4959//4933
f 4957//4931 4959//4933 4960//4934 4890//4864
f 4957//4931 4890//4864 4889//4863 4895//4869
f 4960//4934 4959//4933 4961//4935 4962//4936
f 4960//4934 4962//4936 4963//4937 4885//4859
f 4960//4934 4885//4859 4884//4858 4890//4864
f 4963//4937 4962//4936 4964//4938 4965//4939
f 4963//4937 4965//4939 4966//4940 4881//4855
f 4963//4937 4881//4855 4880//4854 4885//4859
f 4966//4940 4965//4939 4967//4941 4968//4942
f 4966//4940 4968//4942 4969//4943 4877//4851
f 4966//4940 4877//4851 4876//4850 4881//4855
f 4969//4943 4968//4942 4970//4944 4971//4945
f 4969//4943 4971//4945 4972//4946 4872//4846
f 4969//4943 4872//4846 4871//4845 4877//4851
f 4972//4946 4971//4945 4973//4947 4974//4948
f 4972//4946 4974//4948 4975//4949 4867//4841
f 4972//4946 4867//4841 4866//4840 4872//4846
f 4975//4949 4974//4948 4976//4950 4977//4951
f 4975//4949 4977//4951 4978//4952 4862//4836
f 4975//4949 4862//4836 4861//4835 4867//4841
f 4978//4952 4977//4951 4979//4953 4980//4954
f 4978//4952 4980//4954 4981//4955 4857//4831
f 4978//4952 4857//4831 4856//4830 4862//4836
f 4981//4955 4980//4954 4982//4956 4983//4957
f 4981//4955 4983//4957 4984//4958 4852//4826
f 4981//4955 4852//4826 4851//4825 4857//4831
f 4984//4958 4983//4957 4985//4959 4986//4960
f 4984//4958 4986//4960 4987//4961 4847//4821
f 4984//4958 4847//4821 4846//4820 4852//4826
f 4987//4961 4986//4960 4988//4962 2786//2638
f 4987//4961 2786//2638 2785//2637 4842//4816
f 4987//4961 4842//4816 4841//4815 4847//4821
f 4988//4962 4989//4963 4990//4964 4991//4965
f 4988//4962 4991//4965 2787//2639 2786//2638
f 4988//4962 4986//4960 4985//4959 4989//4963
f 4991//4965 4990//4964 4992//4966 4993//4967
f 4991//4965 4993//4967 2789//2641 2787//2639
f 4993//4967 4992//4966 4457//4431 4994//4968
f 4993//4967 4994//4968 2836//2695 2789//2641
f 4994//4968 4457//4431 4453//4427 4452//4426
f 4994//4968 4452//4426 4995//4969 2836//2695
f 4995//4969 4452//4426 4448//4422 4447//4421
f 4995//4969 4447//4421 4996//4970 4997//4971
f 4995//4969 4997//4971 2832//2691 2836//2695
f 4997//4971 4996//4970 4998//4972 4999//4973
f 4997//4971 4999//4973 2833//2692 2832//2691
f 4999//4973 4998//4972 5000//4974 5001//4975
f 4999//4973 5001//4975 2735//2580 2833//2692
f 5001//4975 5000//4974 4826//4800 4825//4799
f 5001//4975 4825//4799 2732//2577 2735//2580
f 5000//4974 4998//4972 5002//4976 5003//4977
f 5000//4974 5003//4977 5004//4978 4826//4800
f 5004//4978 5003//4977 5005//4979 5006//4980
f 5004//4978 5006//4980 5007//4981 4822//4796
f 5004//4978 4822//4796 4821//4795 4826//4800
f 5007//4981 5006//4980 5008//4982 5009//4983
f 5007//4981 5009//4983 5010//4984 4818//4792
f 5007//4981 4818//4792 4817//4791 4822//4796
f 5010//4984 5009//4983 5011//4985 5012//4986
f 5010//4984 5012//4986 2589//2413 5013//4987
f 5010//4984 5013//4987 4819//4793 4818//4792
f 5013//4987 2589//2413 2588//2412 5014//4988
f 5013//4987 5014//4988 4811//4785 4819//4793
f 5014//4988 2588//2412 5015//4989 4806//4780
f 5014//4988 4806//4780 4805//4779 4811//4785
f 5015//4989 2588//2412 2587//2411 5016//4990
f 5015//4989 5016//4990 2500//2311 2506//2317
f 5015//4989 2506//2317 4801//4775 4806//4780
f 5016//4990 2587//2411 2591//2415 5017//4991
f 5016//4990 5017//4991 2501//2312 2500//2311
f 5017//4991 2591//2415 5018//4992 5019//4993
f 5017//4991 5019//4993 5020//4994 2501//2312
f 5020//4994 5019//4993 5021//4995 2430//2227
f 5020//4994 2430//2227 2429//2226 5022//4996
f 5020//4994 5022//4996 2502//2313 2501//2312
f 5022//4996 2429//2226 2433//2230 5023//4997
f 5022//4996 5023//4997 5024//4998 2502//2313
f 5024//4998 5023//4997 5025//4999 5026//5000
f 5024//4998 5026//5000 5027//5001 5028//5002
f 5024//4998 5028//5002 2503//2314 2502//2313
f 5028//5002 5027//5001 2532//2347 2531//2346
f 5028//5002 2531//2346 2507//2318 2503//2314
f 5027//5001 5026//5000 5029//5003 5030//5004
f 5027//5001 5030//5004 5031//5005 2532//2347
f 5031//5005 5030//5004 2584//2407 2583//2406
f 5031//5005 2583//2406 2586//2409 4393//4367
f 5031//5005 4393//4367 2533//2348 2532//2347
f 5030//5004 5029//5003 5032//5006 2584//2407
f 5032//5006 5033//5007 5034//5008 5035//5009
f 5032//5006 5035//5009 2580//2403 2584//2407
f 5032//5006 5029//5003 5036//5010 5033//5007
f 5036//5010 5037//5011 5038//5012 5033//5007
f 5036//5010 5029//5003 5026//5000 5025//4999
f 5036//5010 5025//4999 2437//2234 5037//5011
f 5038//5012 2554//2372 2553//2371 5039//5013
f 5038//5012 5039//5013 5034//5008 5033//5007
f 5038//5012 5037//5011 5040//5014 2554//2372
f 5040//5014 5041//5015 2548//2366 2554//2372
f 5040//5014 5037//5011 2437//2234 2436//2233
f 5040//5014 2436//2233 5042//5016 5041//5015
f 5042//5016 5043//5017 5044//5018 5041//5015
f 5042//5016 2436//2233 376//2223 2435//2232
f 5042//5016 2435//2232 5045//5019 5043//5017
f 5045//5019 5046//5020 5047//5021 5043//5017
f 5045//5019 2435//2232 2434//2231 5048//5022
f 5045//5019 5048//5022 5049//5023 5046//5020
f 5049//5023 5050//5024 5051//5025 5046//5020
f 5049//5023 5048//5022 5052//5026 5053//5027
f 5049//5023 5053//5027 5054//5028 5050//5024
f 5054//5028 5055//5029 5056//5030 5050//5024
f 5054//5028 5053//5027 5057//5031 5058//5032
f 5054//5028 5058//5032 5059//5033 5055//5029
f 5059//5033 5058//5032 5060//5034 5061//5035
f 5059//5033 5061//5035 5062//5036 5063//5037
f 5059//5033 5063//5037 5064//5038 5055//5029
f 5064//5038 5065//5039 5056//5030 5055//5029
f 5064//5038 5063//5037 5066//5040 5067//5041
f 5064//5038 5067//5041 5068//5042 5065//5039
f 5068//5042 5069//5043 5070//5044 5065//5039
f 5068//5042 5067//5041 5071//5045 5072//5046
f 5068//5042 5072//5046 5073//5047 5069//5043
f 5073//5047 5074//5048 5075//5049 5069//5043
f 5073//5047 5072//5046 5076//5050 5077//5051
f 5073//5047 5077//5051 5078//5052 5074//5048
f 5078//5052 5079//5053 5080//5054 5074//5048
f 5078//5052 5077//5051 2510//2321 2513//2324
f 5078//5052 2513//2324 5081//5055 5079//5053
f 5081//5055 5082//5056 5083//5057 5079//5053
f 5081//5055 2513//2324 2509//2320 5084//5058
f 5081//5055 5084//5058 5085//5059 5082//5056
f 5085//5059 2652//2486 2651//2485 5082//5056
f 5085//5059 5084//5058 5086//5060 2612//2440
f 5085//5059 2612//2440 2611//2439 2652//2486
f 5086//5060 5084//5058 2509//2320 2508//2319
f 5086//5060 2508//2319 5087//5061 5088//5062
f 5086//5060 5088//5062 2613//2441 2612//2440
f 5088//5062 5087//5061 5089//5063 5090//5064
f 5088//5062 5090//5064 2614//2442 2613//2441
f 5090//5064 5089//5063 5091//5065 2641//2473
f 5090//5064 2641//2473 2640//2472 2614//2442
f 5091//5065 5089//5063 5092//5066 5093//5067
f 5091//5065 5093//5067 5094//5068 5095//5069
f 5091//5065 5095//5069 2642//2474 2641//2473
f 5095//5069 5094//5068 2559//2378 2564//2384
f 5095//5069 2564//2384 2643//2475 2642//2474
f 5094//5068 5093//5067 5096//5070 5097//5071
f 5094//5068 5097//5071 2560//2379 2559//2378
f 5097//5071 5096//5070 5098//5072 5099//5073
f 5097//5071 5099//5073 2567//2387 2560//2379
f 5099//5073 2630//2460 2629//2459 2567//2387
f 5099//5073 5098//5072 2631//2461 2630//2460
f 5098//5072 5096//5070 5100//5074 5101//5075
f 5098//5072 5101//5075 5102//5076 2631//2461
f 5102//5076 5103//5077 2624//2453 2631//2461
f 5102//5076 5101//5075 2496//2306 2576//2398
f 5102//5076 2576//2398 2575//2397 5103//5077
f 5103//5077 5104//5078 2625//2454 2624//2453
f 5103//5077 2575//2397 2579//2401 5104//5078
f 5104//5078 5105//5079 5106//5080 2625//2454
f 5104//5078 2579//2401 5107//5081 5105//5079
f 5107//5081 5108//5082 5109//5083 5105//5079
f 5107//5081 2579//2401 2578//2400 5110//5084
f 5107//5081 5110//5084 5111//5085 5108//5082
f 5111//5085 2615//2443 2610//2438 5108//5082
f 5111//5085 5110//5084 5112//5086 5113//5087
f 5111//5085 5113//5087 2663//2499 2615//2443
f 5113//5087 5112//5086 5114//5088 5115//5089
f 5113//5087 5115//5089 2664//2500 2663//2499
f 5115//5089 5114//5088 5116//5090 5117//5091
f 5115//5089 5117//5091 2665//2501 2664//2500
f 5117//5091 5116//5090 5118//5092 5119//5093
f 5117//5091 5119//5093 5120//5094 2665//2501
f 5120//5094 5121//5095 2666//2502 2665//2501
f 5120//5094 5119//5093 5122//5096 5123//5097
f 5120//5094 5123//5097 5124//5098 5121//5095
f 5124//5098 5125//5099 5126//5100 5121//5095
f 5124//5098 5123//5097 2679//2517 2678//2516
f 5124//5098 2678//2516 2677//2515 5125//5099
f 5126//5100 5127//5101 5128//5102 2668//2504
f 5126//5100 2668//2504 2666//2502 5121//5095
f 5126//5100 5125//5099 5129//5103 5127//5101
f 5129//5103 5130//5104 5131//5105 5127//5101
f 5129//5103 5125//5099 2677//2515 2824//2683
f 5129//5103 2824//2683 2823//2682 5130//5104
f 5131//5105 5132//5106 5133//5107 5134//5108
f 5131//5105 5134//5108 5128//5102 5127//5101
f 5131//5105 5130//5104 5135//5109 5132//5106
f 5135//5109 5130//5104 2823//2682 2831//2690
f 5135//5109 2831//2690 5136//5110 5137//5111
f 5135//5109 5137//5111 5138//5112 5132//5106
f 5138//5112 5139//5113 5133//5107 5132//5106
f 5138//5112 5137//5111 5140//5114 5141//5115
f 5138//5112 5141//5115 5142//5116 5139//5113
f 5142//5116 5143//5117 5144//5118 5139//5113
f 5142//5116 5141//5115 5145//5119 5146//5120
f 5142//5116 5146//5120 2730//2575 5143//5117
f 5146//5120 5145//5119 5147//5121 5148//5122
f 5146//5120 5148//5122 2731//2576 2730//2575
f 5148//5122 5147//5121 5149//5123 2620//2448
f 5148//5122 2620//2448 2619//2447 2731//2576
f 5149//5123 5147//5121 5150//5124 5151//5125
f 5149//5123 5151//5125 5152//5126 5153//5127
f 5149//5123 5153//5127 2621//2449 2620//2448
f 5153//5127 5152//5126 5154//5128 5155//5129
f 5153//5127 5155//5129 2623//2451 2621//2449
f 5155//5129 5116//5090 5114//5088 2623//2451
f 5155//5129 5154//5128 5118//5092 5116//5090
f 5154//5128 5152//5126 2659//2495 2658//2494
f 5154//5128 2658//2494 5156//5130 5118//5092
f 5156//5130 5122//5096 5119//5093 5118//5092
f 5156//5130 2658//2494 2627//2456 5157//5131
f 5156//5130 5157//5131 5158//5132 5122//5096
f 5158//5132 2679//2517 5123//5097 5122//5096
f 5158//5132 5157//5131 5159//5133 5160//5134
f 5158//5132 5160//5134 2680//2518 2679//2517
f 5160//5134 5159//5133 5106//5080 5161//5135
f 5160//5134 5161//5135 5162//5136 2680//2518
f 5162//5136 2648//2481 416//2479 2680//2518
f 5162//5136 5161//5135 5109//5083 2609//2437
f 5162//5136 2609//2437 2608//2436 2648//2481
f 5161//5135 5106//5080 5105//5079 5109//5083
f 5159//5133 5157//5131 2627//2456 2626//2455
f 5159//5133 2626//2455 2625//2454 5106//5080
f 5152//5126 5151//5125 2660//2496 2659//2495
f 5151//5125 5150//5124 2762//2611 2660//2496
f 5150//5124 5163//5137 2758//2607 2762//2611
f 5150//5124 5147//5121 5145//5119 5163//5137
f 5163//5137 5140//5114 2759//2608 2758//2607
f 5163//5137 5145//5119 5141//5115 5140//5114
f 5144//5118 5164//5138 2779//2630 2778//2629
f 5144//5118 2778//2629 5133//5107 5139//5113
f 5144//5118 5143//5117 5165//5139 5164//5138
f 5165//5139 2819//2677 2840//2700 5164//5138
f 5165//5139 5143//5117 2730//2575 2729//2574
f 5165//5139 2729//2574 2728//2573 2819//2677
f 5164//5138 2840//2700 2784//2635 2779//2630
f 5140//5114 5137//5111 5136//5110 2759//2608
f 5136//5110 2831//2690 2830//2689 5166//5140
f 5136//5110 5166//5140 2760//2609 2759//2608
f 5166//5140 5167//5141 2763//2612 2760//2609
f 5166//5140 2830//2689 2829//2688 5167//5141
f 5167//5141 5168//5142 2845//2707 2763//2612
f 5167//5141 2829//2688 2868//2733 5168//5142
f 5168//5142 5169//5143 2846//2708 2845//2707
f 5168//5142 2868//2733 2873//2738 5169//5143
f 5169//5143 2873//2738 2838//2698 2822//2680
f 5169//5143 2822//2680 2821//2679 2846//2708
f 5134//5108 2777//2628 2776//2627 5128//5102
f 5134//5108 5133//5107 2778//2629 2777//2628
f 5128//5102 2776//2627 2667//2503 2668//2504
f 5114//5088 5112//5086 2577//2399 2623//2451
f 5112//5086 5110//5084 2578//2400 2577//2399
f 5109//5083 5108//5082 2610//2438 2609//2437
f 5101//5075 5100//5074 2497//2307 2496//2306
f 5100//5074 5092//5066 2499//2310 2497//2307
f 5100//5074 5096//5070 5093//5067 5092//5066
f 5092//5066 5089//5063 5087//5061 2499//2310
f 5087//5061 2508//2319 2498//2308 2499//2310
f 5083//5057 5170//5144 5171//5145 5172//5146
f 5083//5057 5172//5146 5080//5054 5079//5053
f 5083//5057 5082//5056 2651//2485 5170//5144
f 5172//5146 5171//5145 5173//5147 5174//5148
f 5172//5146 5174//5148 5175//5149 5080//5054
f 5175//5149 5174//5148 5176//5150 5177//5151
f 5175//5149 5177//5151 5178//5152 5075//5049
f 5175//5149 5075//5049 5074//5048 5080//5054
f 5178//5152 5177//5151 5179//5153 5180//5154
f 5178//5152 5180//5154 5181//5155 5070//5044
f 5178//5152 5070//5044 5069//5043 5075//5049
f 5181//5155 5180//5154 5182//5156 5051//5025
f 5181//5155 5051//5025 5050//5024 5056//5030
f 5181//5155 5056//5030 5065//5039 5070//5044
f 5182//5156 5180//5154 5179//5153 5183//5157
f 5182//5156 5183//5157 5184//5158 5047//5021
f 5182//5156 5047//5021 5046//5020 5051//5025
f 5184//5158 5183//5157 5185//5159 5186//5160
f 5184//5158 5186//5160 2549//2367 5044//5018
f 5184//5158 5044//5018 5043//5017 5047//5021
f 5186//5160 5185//5159 5187//5161 5188//5162
f 5186//5160 5188//5162 2550//2368 2549//2367
f 5188//5162 5187//5161 5189//5163 5190//5164
f 5188//5162 5190//5164 2551//2369 2550//2368
f 5190//5164 5189//5163 5191//5165 5192//5166
f 5190//5164 5192//5166 5193//5167 2551//2369
f 5193//5167 5192//5166 5194//5168 5195//5169
f 5193//5167 5195//5169 2708//2550 5196//5170
f 5193//5167 5196//5170 2552//2370 2551//2369
f 5196//5170 2708//2550 2707//2549 5197//5171
f 5196//5170 5197//5171 5198//5172 2552//2370
f 5198//5172 5197//5171 5199//5173 5200//5174
f 5198//5172 5200//5174 2530//2344 2529//2343
f 5198//5172 2529//2343 395//2365 2552//2370
f 5200//5174 5199//5173 5201//5175 5202//5176
f 5200//5174 5202//5176 5203//5177 2530//2344
f 5203//5177 5202//5176 2603//2430 2602//2429
f 5203//5177 2602//2429 2607//2433 5204//5178
f 5203//5177 5204//5178 2527//2341 2530//2344
f 5204//5178 2607//2433 5205//5179 5206//5180
f 5204//5178 5206//5180 2528//2342 2527//2341
f 5206//5180 5205//5179 5207//5181 5208//5182
f 5206//5180 5208//5182 5209//5183 2528//2342
f 5209//5183 5210//5184 2524//2338 2528//2342
f 5209//5183 5208//5182 5211//5185 5212//5186
f 5209//5183 5212//5186 5213//5187 5210//5184
f 5213//5187 5214//5188 5215//5189 5210//5184
f 5213//5187 5212//5186 5216//5190 5217//5191
f 5213//5187 5217//5191 2432//2229 5214//5188
f 5217//5191 5216//5190 5218//5192 5219//5193
f 5217//5191 5219//5193 2427//2224 2432//2229
f 5219//5193 5218//5192 5220//5194 5221//5195
f 5219//5193 5221//5195 2428//2225 2427//2224
f 5221//5195 5220//5194 5222//5196 5223//5197
f 5221//5195 5223//5197 5224//5198 2428//2225
f 5224//5198 5225//5199 2425//2221 2428//2225
f 5224//5198 5223//5197 5226//5200 5227//5201
f 5224//5198 5227//5201 5228//5202 5225//5199
f 5228//5202 5229//5203 5230//5204 5225//5199
f 5228//5202 5227//5201 5231//5205 5232//5206
f 5228//5202 5232//5206 5233//5207 5229//5203
f 5233//5207 5234//5208 5235//5209 5229//5203
f 5233//5207 5232//5206 5236//5210 5237//5211
f 5233//5207 5237//5211 5238//5212 5234//5208
f 5238//5212 5239//5213 5240//5214 5234//5208
f 5238//5212 5237//5211 5241//5215 5242//5216
f 5238//5212 5242//5216 5243//5217 5239//5213
f 5243//5217 5244//5218 5245//5219 5239//5213
f 5243//5217 5242//5216 5246//5220 5247//5221
f 5243//5217 5247//5221 5248//5222 5244//5218
f 5248//5222 5249//5223 5250//5224 5244//5218
f 5248//5222 5247//5221 5251//5225 5252//5226
f 5248//5222 5252//5226 5253//5227 5249//5223
f 5253//5227 5252//5226 5254//5228 5255//5229
f 5253//5227 5255//5229 5256//5230 5257//5231
f 5253//5227 5257//5231 5258//5232 5249//5223
f 5258//5232 5259//5233 5250//5224 5249//5223
f 5258//5232 5257//5231 5260//5234 5261//5235
f 5258//5232 5261//5235 5262//5236 5259//5233
f 5262//5236 5263//5237 5264//5238 5259//5233
f 5262//5236 5261//5235 5265//5239 5266//5240
f 5262//5236 5266//5240 5267//5241 5263//5237
f 5267//5241 5268//5242 5062//5036 5263//5237
f 5267//5241 5266//5240 5269//5243 5270//5244
f 5267//5241 5270//5244 5271//5245 5268//5242
f 5271//5245 5272//5246 5066//5040 5268//5242
f 5271//5245 5270//5244 5273//5247 5274//5248
f 5271//5245 5274//5248 5275//5249 5272//5246
f 5275//5249 5276//5250 5071//5045 5272//5246
f 5275//5249 5274//5248 5277//5251 5278//5252
f 5275//5249 5278//5252 5279//5253 5276//5250
f 5279//5253 2511//2322 5076//5050 5276//5250
f 5279//5253 5278//5252 5280//5254 5281//5255
f 5279//5253 5281//5255 2512//2323 2511//2322
f 5281//5255 5280//5254 5282//5256 5283//5257
f 5281//5255 5283//5257 5284//5258 2512//2323
f 5284//5258 2494//2304 388//2309 2512//2323
f 5284//5258 5283//5257 5285//5259 5286//5260
f 5284//5258 5286//5260 2495//2305 2494//2304
f 5286//5260 5285//5259 5287//5261 5288//5262
f 5286//5260 5288//5262 5289//5263 2495//2305
f 5289//5263 5290//5264 2491//2301 2495//2305
f 5289//5263 5288//5262 5291//5265 5292//5266
f 5289//5263 5292//5266 5293//5267 5290//5264
f 5293//5267 5294//5268 5295//5269 5290//5264
f 5293//5267 5292//5266 5296//5270 5297//5271
f 5293//5267 5297//5271 5298//5272 5294//5268
f 5298//5272 5299//5273 5300//5274 5294//5268
f 5298//5272 5297//5271 5301//5275 5302//5276
f 5298//5272 5302//5276 5303//5277 5299//5273
f 5303//5277 5304//5278 5305//5279 5299//5273
f 5303//5277 5302//5276 5306//5280 5307//5281
f 5303//5277 5307//5281 5308//5282 5304//5278
f 5308//5282 5309//5283 5310//5284 5304//5278
f 5308//5282 5307//5281 5311//5285 5312//5286
f 5308//5282 5312//5286 5313//5287 5309//5283
f 5313//5287 5314//5288 5315//5289 5309//5283
f 5313//5287 5312//5286 5316//5290 5317//5291
f 5313//5287 5317//5291 5318//5292 5314//5288
f 5318//5292 5319//5293 5320//5294 5314//5288
f 5318//5292 5317//5291 5321//5295 5322//5296
f 5318//5292 5322//5296 5323//5297 5319//5293
f 5323//5297 5324//5298 5325//5299 5319//5293
f 5323//5297 5322//5296 2479//2287 5326//5300
f 5323//5297 5326//5300 5327//5301 5324//5298
f 5327//5301 5328//5302 5329//5303 5324//5298
f 5327//5301 5326//5300 5330//5304 5331//5305
f 5327//5301 5331//5305 5332//5306 5328//5302
f 5332//5306 2688//2528 2796//2650 5328//5302
f 5332//5306 5331//5305 5333//5307 5334//5308
f 5332//5306 5334//5308 2689//2529 2688//2528
f 5334//5308 5333//5307 5335//5309 5336//5310
f 5334//5308 5336//5310 2694//2534 2689//2529
f 5336//5310 5335//5309 2601//2427 2618//2446
f 5336//5310 2618//2446 5337//5311 2694//2534
f 5337//5311 5338//5312 2692//2532 2694//2534
f 5337//5311 2618//2446 2600//2425 5339//5313
f 5337//5311 5339//5313 5340//5314 5338//5312
f 5340//5314 5341//5315 2754//2602 5338//5312
f 5340//5314 5339//5313 5342//5316 5343//5317
f 5340//5314 5343//5317 5344//5318 5341//5315
f 5344//5318 5345//5319 5346//5320 5341//5315
f 5344//5318 5343//5317 5347//5321 5348//5322
f 5344//5318 5348//5322 5349//5323 5345//5319
f 5349//5323 5350//5324 5351//5325 5345//5319
f 5349//5323 5348//5322 5352//5326 5353//5327
f 5349//5323 5353//5327 5354//5328 5350//5324
f 5354//5328 5355//5329 5356//5330 5350//5324
f 5354//5328 5353//5327 5357//5331 5358//5332
f 5354//5328 5358//5332 5359//5333 5355//5329
f 5359//5333 5360//5334 5361//5335 5355//5329
f 5359//5333 5358//5332 5362//5336 5363//5337
f 5359//5333 5363//5337 5364//5338 5360//5334
f 5364//5338 5365//5339 5366//5340 5360//5334
f 5364//5338 5363//5337 5367//5341 5368//5342
f 5364//5338 5368//5342 5369//5343 5365//5339
f 5369//5343 5370//5344 5371//5345 5372//5346
f 5369//5343 5372//5346 5373//5347 5365//5339
f 5369//5343 5368//5342 5374//5348 5370//5344
f 5374//5348 5375//5349 2957//2838 5370//5344
f 5374//5348 5368//5342 5367//5341 5376//5350
f 5374//5348 5376//5350 5377//5351 5375//5349
f 5377//5351 5378//5352 5379//5353 5375//5349
f 5377//5351 5376//5350 5380//5354 5381//5355
f 5377//5351 5381//5355 2774//2624 5378//5352
f 5381//5355 5380//5354 2752//2599 2751//2598
f 5381//5355 2751//2598 2773//2623 2774//2624
f 5380//5354 5376//5350 5367//5341 5382//5356
f 5380//5354 5382//5356 5383//5357 2752//2599
f 5383//5357 5382//5356 5362//5336 5384//5358
f 5383//5357 5384//5358 5385//5359 5386//5360
f 5383//5357 5386//5360 2748//2595 2752//2599
f 5386//5360 5385//5359 5387//5361 5388//5362
f 5386//5360 5388//5362 2675//2513 2748//2595
f 5388//5362 5387//5361 5389//5363 5390//5364
f 5388//5362 5390//5364 2671//2509 2675//2513
f 5390//5364 5389//5363 5391//5365 5392//5366
f 5390//5364 5392//5366 2672//2510 2671//2509
f 5392//5366 5391//5365 5393//5367 5394//5368
f 5392//5366 5394//5368 5395//5369 2672//2510
f 5395//5369 5394//5368 5396//5370 5397//5371
f 5395//5369 5397//5371 5398//5372 5399//5373
f 5395//5369 5399//5373 2673//2511 2672//2510
f 5399//5373 5398//5372 5400//5374 5401//5375
f 5399//5373 5401//5375 2695//2535 2673//2511
f 5401//5375 5400//5374 5402//5376 5403//5377
f 5401//5375 5403//5377 2696//2536 2695//2535
f 5403//5377 5402//5376 5404//5378 5405//5379
f 5403//5377 5405//5379 5406//5380 2696//2536
f 5406//5380 5407//5381 5408//5382 5409//5383
f 5406//5380 5409//5383 2697//2537 2696//2536
f 5406//5380 5405//5379 5410//5384 5407//5381
f 5410//5384 2682//2521 2681//2520 5407//5381
f 5410//5384 5405//5379 5404//5378 5411//5385
f 5410//5384 5411//5385 5412//5386 2682//2521
f 5412//5386 5413//5387 2683//2522 2682//2521
f 5412//5386 5411//5385 5414//5388 5415//5389
f 5412//5386 5415//5389 5416//5390 5413//5387
f 5416//5390 5417//5391 5418//5392 5413//5387
f 5416//5390 5415//5389 5419//5393 2605//2434
f 5416//5390 2605//2434 2604//2431 5417//5391
f 5419//5393 5415//5389 5414//5388 5420//5394
f 5419//5393 5420//5394 5421//5395 5422//5396
f 5419//5393 5422//5396 2606//2432 2605//2434
f 5422//5396 5421//5395 5423//5397 5424//5398
f 5422//5396 5424//5398 5425//5399 2606//2432
f 5425//5399 5205//5179 2607//2433 2606//2432
f 5425//5399 5424//5398 5426//5400 5427//5401
f 5425//5399 5427//5401 5207//5181 5205//5179
f 5427//5401 5426//5400 5428//5402 5429//5403
f 5427//5401 5429//5403 5430//5404 5207//5181
f 5430//5404 5211//5185 5208//5182 5207//5181
f 5430//5404 5429//5403 5431//5405 5432//5406
f 5430//5404 5432//5406 5433//5407 5211//5185
f 5433//5407 5216//5190 5212//5186 5211//5185
f 5433//5407 5432//5406 5434//5408 5435//5409
f 5433//5407 5435//5409 5218//5192 5216//5190
f 5435//5409 5434//5408 5436//5410 5437//5411
f 5435//5409 5437//5411 5220//5194 5218//5192
f 5437//5411 5436//5410 5438//5412 5439//5413
f 5437//5411 5439//5413 5222//5196 5220//5194
f 5439//5413 5438//5412 5440//5414 5441//5415
f 5439//5413 5441//5415 5442//5416 5222//5196
f 5442//5416 5226//5200 5223//5197 5222//5196
f 5442//5416 5441//5415 5443//5417 5444//5418
f 5442//5416 5444//5418 5445//5419 5226//5200
f 5445//5419 5231//5205 5227//5201 5226//5200
f 5445//5419 5444//5418 5446//5420 5447//5421
f 5445//5419 5447//5421 5448//5422 5231//5205
f 5448//5422 5236//5210 5232//5206 5231//5205
f 5448//5422 5447//5421 5449//5423 5450//5424
f 5448//5422 5450//5424 5451//5425 5236//5210
f 5451//5425 5241//5215 5237//5211 5236//5210
f 5451//5425 5450//5424 5452//5426 5453//5427
f 5451//5425 5453//5427 5454//5428 5241//5215
f 5454//5428 5246//5220 5242//5216 5241//5215
f 5454//5428 5453//5427 5455//5429 5456//5430
f 5454//5428 5456//5430 5457//5431 5246//5220
f 5457//5431 5251//5225 5247//5221 5246//5220
f 5457//5431 5456//5430 5458//5432 5459//5433
f 5457//5431 5459//5433 5460//5434 5251//5225
f 5460//5434 5254//5228 5252//5226 5251//5225
f 5460//5434 5459//5433 5461//5435 5462//5436
f 5460//5434 5462//5436 5463//5437 5254//5228
f 5463//5437 5462//5436 2349//2132 5464//5438
f 5463//5437 5464//5438 5465//5439 5466//5440
f 5463//5437 5466//5440 5255//5229 5254//5228
f 5466//5440 5465//5439 2380//2170 5467//5441
f 5466//5440 5467//5441 5256//5230 5255//5229
f 5467//5441 2380//2170 2377//2167 5468//5442
f 5467//5441 5468//5442 5469//5443 5256//5230
f 5469//5443 5260//5234 5257//5231 5256//5230
f 5469//5443 5468//5442 5470//5444 5471//5445
f 5469//5443 5471//5445 5472//5446 5260//5234
f 5472//5446 5265//5239 5261//5235 5260//5234
f 5472//5446 5471//5445 5473//5447 5474//5448
f 5472//5446 5474//5448 5475//5449 5265//5239
f 5475//5449 5269//5243 5266//5240 5265//5239
f 5475//5449 5474//5448 5476//5450 5477//5451
f 5475//5449 5477//5451 5478//5452 5269//5243
f 5478//5452 5273//5247 5270//5244 5269//5243
f 5478//5452 5477//5451 5479//5453 5480//5454
f 5478//5452 5480//5454 5481//5455 5273//5247
f 5481//5455 5277//5251 5274//5248 5273//5247
f 5481//5455 5480//5454 5482//5456 5483//5457
f 5481//5455 5483//5457 5484//5458 5277//5251
f 5484//5458 5280//5254 5278//5252 5277//5251
f 5484//5458 5483//5457 5485//5459 5486//5460
f 5484//5458 5486//5460 5282//5256 5280//5254
f 5486//5460 5485//5459 5487//5461 5488//5462
f 5486//5460 5488//5462 5489//5463 5282//5256
f 5489//5463 5285//5259 5283//5257 5282//5256
f 5489//5463 5488//5462 5490//5464 5491//5465
f 5489//5463 5491//5465 5287//5261 5285//5259
f 5491//5465 5490//5464 5492//5466 5493//5467
f 5491//5465 5493//5467 5494//5468 5287//5261
f 5494//5468 5291//5265 5288//5262 5287//5261
f 5494//5468 5493//5467 5495//5469 5496//5470
f 5494//5468 5496//5470 5497//5471 5291//5265
f 5497//5471 5296//5270 5292//5266 5291//5265
f 5497//5471 5496//5470 5498//5472 5499//5473
f 5497//5471 5499//5473 5500//5474 5296//5270
f 5500//5474 5301//5275 5297//5271 5296//5270
f 5500//5474 5499//5473 5501//5475 5502//5476
f 5500//5474 5502//5476 5503//5477 5301//5275
f 5503//5477 5306//5280 5302//5276 5301//5275
f 5503//5477 5502//5476 5504//5478 5505//5479
f 5503//5477 5505//5479 5506//5480 5306//5280
f 5506//5480 5311//5285 5307//5281 5306//5280
f 5506//5480 5505//5479 5507//5481 5508//5482
f 5506//5480 5508//5482 5509//5483 5311//5285
f 5509//5483 5316//5290 5312//5286 5311//5285
f 5509//5483 5508//5482 5510//5484 5511//5485
f 5509//5483 5511//5485 5512//5486 5316//5290
f 5512//5486 5321//5295 5317//5291 5316//5290
f 5512//5486 5511//5485 5513//5487 2481//2289
f 5512//5486 2481//2289 2480//2288 5321//5295
f 5513//5487 5511//5485 5510//5484 5514//5488
f 5513//5487 5514//5488 5515//5489 5516//5490
f 5513//5487 5516//5490 2482//2290 2481//2289
f 5516//5490 5515//5489 2414//2208 5517//5491
f 5516//5490 5517//5491 2483//2291 2482//2290
f 5517//5491 2414//2208 2413//2207 5518//5492
f 5517//5491 5518//5492 5519//5493 2483//2291
f 5519//5493 5520//5494 2465//2272 2483//2291
f 5519//5493 5518//5492 5521//5495 5522//5496
f 5519//5493 5522//5496 5523//5497 5520//5494
f 5523//5497 5522//5496 5524//5498 2520//2333
f 5523//5497 2520//2333 2519//2332 5525//5499
f 5523//5497 5525//5499 5526//5500 5520//5494
f 5526//5500 5525//5499 5527//5501 5528//5502
f 5526//5500 5528//5502 5529//5503 2466//2273
f 5526//5500 2466//2273 2465//2272 5520//5494
f 5529//5503 5528//5502 5530//5504 5531//5505
f 5529//5503 5531//5505 2410//2203 2409//2202
f 5529//5503 2409//2202 2460//2267 2466//2273
f 5531//5505 5530//5504 5532//5506 5533//5507
f 5531//5505 5533//5507 2412//2206 2410//2203
f 5533//5507 5532//5506 5534//5508 5535//5509
f 5533//5507 5535//5509 2417//2211 2412//2206
f 5535//5509 5536//5510 5521//5495 2417//2211
f 5535//5509 5534//5508 2556//2374 5536//5510
f 5536//5510 5524//5498 5522//5496 5521//5495
f 5536//5510 2556//2374 2555//2373 5524//5498
f 5534//5508 5532//5506 2440//2239 2456//2261
f 5534//5508 2456//2261 2514//2325 2556//2374
f 5532//5506 5530//5504 2441//2240 2440//2239
f 5530//5504 5528//5502 5527//5501 2441//2240
f 5527//5501 5525//5499 2519//2332 2518//2331
f 5527//5501 2518//2331 2438//2236 2441//2240
f 5524//5498 2555//2373 2515//2327 2520//2333
f 5521//5495 5518//5492 2413//2207 2417//2211
f 5515//5489 5514//5488 5537//5511 5538//5512
f 5515//5489 5538//5512 2415//2209 2414//2208
f 5538//5512 5537//5511 5539//5513 5540//5514
f 5538//5512 5540//5514 2416//2210 2415//2209
f 5540//5514 5539//5513 5541//5515 5542//5516
f 5540//5514 5542//5516 5543//5517 2416//2210
f 5543//5517 5542//5516 5544//5518 5545//5519
f 5543//5517 5545//5519 5546//5520 5547//5521
f 5543//5517 5547//5521 2411//2205 2416//2210
f 5547//5521 5546//5520 5548//5522 5549//5523
f 5547//5521 5549//5523 2405//2198 2411//2205
f 5549//5523 5548//5522 5550//5524 5551//5525
f 5549//5523 5551//5525 2406//2199 2405//2198
f 5551//5525 5550//5524 5552//5526 5553//5527
f 5551//5525 5553//5527 5554//5528 2406//2199
f 5554//5528 5555//5529 2407//2200 2406//2199
f 5554//5528 5553//5527 5556//5530 5557//5531
f 5554//5528 5557//5531 5558//5532 5555//5529
f 5558//5532 5559//5533 5560//5534 5555//5529
f 5558//5532 5557//5531 5561//5535 5562//5536
f 5558//5532 5562//5536 5563//5537 5559//5533
f 5563//5537 5564//5538 5565//5539 5559//5533
f 5563//5537 5562//5536 5566//5540 5567//5541
f 5563//5537 5567//5541 5568//5542 5564//5538
f 5568//5542 5569//5543 5570//5544 5564//5538
f 5568//5542 5567//5541 5571//5545 5572//5546
f 5568//5542 5572//5546 5573//5547 5569//5543
f 5573//5547 5574//5548 5575//5549 5569//5543
f 5573//5547 5572//5546 5576//5550 5577//5551
f 5573//5547 5577//5551 5578//5552 5574//5548
f 5578//5552 5393//5367 5579//5553 5574//5548
f 5578//5552 5577//5551 5580//5554 5396//5370
f 5578//5552 5396//5370 5394//5368 5393//5367
f 5580//5554 5577//5551 5576//5550 2454//2258
f 5580//5554 2454//2258 2453//2257 5581//5555
f 5580//5554 5581//5555 5397//5371 5396//5370
f 5581//5555 2453//2257 2452//2256 5582//5556
f 5581//5555 5582//5556 5398//5372 5397//5371
f 5582//5556 2452//2256 2472//2280 5583//5557
f 5582//5556 5583//5557 5400//5374 5398//5372
f 5583//5557 2472//2280 2471//2279 5584//5558
f 5583//5557 5584//5558 5402//5376 5400//5374
f 5584//5558 2471//2279 5585//5559 5586//5560
f 5584//5558 5586//5560 5404//5378 5402//5376
f 5586//5560 5585//5559 5420//5394 5414//5388
f 5586//5560 5414//5388 5411//5385 5404//5378
f 5585//5559 2471//2279 2469//2277 5587//5561
f 5585//5559 5587//5561 5421//5395 5420//5394
f 5587//5561 2469//2277 2468//2276 5588//5562
f 5587//5561 5588//5562 5423//5397 5421//5395
f 5588//5562 2468//2276 5589//5563 5590//5564
f 5588//5562 5590//5564 5591//5565 5423//5397
f 5591//5565 5426//5400 5424//5398 5423//5397
f 5591//5565 5590//5564 5592//5566 5593//5567
f 5591//5565 5593//5567 5428//5402 5426//5400
f 5593//5567 5592//5566 5594//5568 5595//5569
f 5593//5567 5595//5569 5596//5570 5428//5402
f 5596//5570 5431//5405 5429//5403 5428//5402
f 5596//5570 5595//5569 5597//5571 5598//5572
f 5596//5570 5598//5572 5599//5573 5431//5405
f 5599//5573 5434//5408 5432//5406 5431//5405
f 5599//5573 5598//5572 5600//5574 5601//5575
f 5599//5573 5601//5575 5436//5410 5434//5408
f 5601//5575 5600//5574 5602//5576 5603//5577
f 5601//5575 5603//5577 5438//5412 5436//5410
f 5603//5577 5602//5576 5604//5578 5605//5579
f 5603//5577 5605//5579 5440//5414 5438//5412
f 5605//5579 5604//5578 5606//5580 5607//5581
f 5605//5579 5607//5581 5608//5582 5440//5414
f 5608//5582 5443//5417 5441//5415 5440//5414
f 5608//5582 5607//5581 5609//5583 5610//5584
f 5608//5582 5610//5584 5611//5585 5443//5417
f 5611//5585 5446//5420 5444//5418 5443//5417
f 5611//5585 5610//5584 5612//5586 5613//5587
f 5611//5585 5613//5587 5614//5588 5446//5420
f 5614//5588 5449//5423 5447//5421 5446//5420
f 5614//5588 5613//5587 5615//5589 5616//5590
f 5614//5588 5616//5590 5617//5591 5449//5423
f 5617//5591 5452//5426 5450//5424 5449//5423
f 5617//5591 5616//5590 5618//5592 5619//5593
f 5617//5591 5619//5593 5620//5594 5452//5426
f 5620//5594 5455//5429 5453//5427 5452//5426
f 5620//5594 5619//5593 5621//5595 5622//5596
f 5620//5594 5622//5596 5623//5597 5455//5429
f 5623//5597 5458//5432 5456//5430 5455//5429
f 5623//5597 5622//5596 5624//5598 5625//5599
f 5623//5597 5625//5599 5626//5600 5458//5432
f 5626//5600 5461//5435 5459//5433 5458//5432
f 5626//5600 5625//5599 5627//5601 2346//2129
f 5626//5600 2346//2129 361//2125 5461//5435
f 5627//5601 5625//5599 5624//5598 5628//5602
f 5627//5601 5628//5602 2208//1966 2207//1965
f 5627//5601 2207//1965 2347//2130 2346//2129
f 5628//5602 5624//5598 5629//5603 5630//5604
f 5628//5602 5630//5604 5631//5605 2208//1966
f 5631//5605 5630//5604 5632//5606 5633//5607
f 5631//5605 5633//5607 5634//5608 5635//5609
f 5631//5605 5635//5609 332//1882 2208//1966
f 5635//5609 5634//5608 5636//5610 5637//5611
f 5635//5609 5637//5611 2206//5612 332//1882
f 5637//5611 5636//5610 5638//5613 5639//5614
f 5637//5611 5639//5614 5640//5615 2206//5612
f 5640//5615 2131//1880 2130//1879 2206//5612
f 5640//5615 5639//5614 5641//5616 5642//5617
f 5640//5615 5642//5617 5643//5618 2131//1880
f 5643//5618 5644//5619 2127//1876 2131//1880
f 5643//5618 5642//5617 5645//5620 5646//5621
f 5643//5618 5646//5621 5647//5622 5644//5619
f 5647//5622 2201//1959 2205//1964 5644//5619
f 5647//5622 5646//5621 5648//5623 5649//5624
f 5647//5622 5649//5624 2202//1960 2201//1959
f 5649//5624 5648//5623 5650//5625 5651//5626
f 5649//5624 5651//5626 5652//5627 2202//1960
f 5652//5627 5653//5628 2203//1961 2202//1960
f 5652//5627 5651//5626 5654//5629 5655//5630
f 5652//5627 5655//5630 5656//5631 5653//5628
f 5656//5631 5657//5632 5658//5633 5653//5628
f 5656//5631 5655//5630 5659//5634 5660//5635
f 5656//5631 5660//5635 5661//5636 5657//5632
f 5661//5636 5662//5637 5663//5638 5657//5632
f 5661//5636 5660//5635 5664//5639 5665//5640
f 5661//5636 5665//5640 5666//5641 5662//5637
f 5666//5641 5665//5640 1971//1700 1973//1702
f 5666//5641 1973//1702 2094//1839 2093//1838
f 5666//5641 2093//1838 5667//5642 5662//5637
f 5667//5642 5668//5643 5663//5638 5662//5637
f 5667//5642 2093//1838 2092//1837 5669//5644
f 5667//5642 5669//5644 5670//5645 5668//5643
f 5670//5645 5671//5646 5672//5647 5668//5643
f 5670//5645 5669//5644 5673//5648 5674//5649
f 5670//5645 5674//5649 5675//5650 5671//5646
f 5675//5650 5676//5651 5677//5652 5671//5646
f 5675//5650 5674//5649 5678//5653 5679//5654
f 5675//5650 5679//5654 5680//5655 5676//5651
f 5680//5655 5681//5656 5682//5657 5676//5651
f 5680//5655 5679//5654 5683//5658 5684//5659
f 5680//5655 5684//5659 5685//5660 5681//5656
f 5685//5660 5686//5661 5687//5662 5681//5656
f 5685//5660 5684//5659 5688//5663 5689//5664
f 5685//5660 5689//5664 5690//5665 5686//5661
f 5690//5665 5691//5666 5692//5667 5686//5661
f 5690//5665 5689//5664 5693//5668 5694//5669
f 5690//5665 5694//5669 5695//5670 5691//5666
f 5695//5670 5696//5671 5697//5672 5691//5666
f 5695//5670 5694//5669 5698//5673 5699//5674
f 5695//5670 5699//5674 5700//5675 5696//5671
f 5700//5675 5701//5676 2373//2162 5696//5671
f 5700//5675 5699//5674 5702//5677 5703//5678
f 5700//5675 5703//5678 5704//5679 5701//5676
f 5704//5679 5705//5680 5706//5681 5701//5676
f 5704//5679 5703//5678 5707//5682 5708//5683
f 5704//5679 5708//5683 5709//5684 5705//5680
f 5709//5684 2365//2153 2367//2155 5705//5680
f 5709//5684 5708//5683 5710//5685 5711//5686
f 5709//5684 5711//5686 2363//2150 2365//2153
f 5711//5686 5710//5685 5712//5687 5713//5688
f 5711//5686 5713//5688 2360//2147 2363//2150
f 5713//5688 5712//5687 5714//5689 5715//5690
f 5713//5688 5715//5690 2361//2148 2360//2147
f 5715//5690 5714//5689 5716//5691 2285//2055
f 5715//5690 2285//2055 2284//2054 2361//2148
f 5716//5691 5714//5689 5717//5692 5718//5693
f 5716//5691 5718//5693 5719//5694 5720//5695
f 5716//5691 5720//5695 2277//2046 2285//2055
f 5720//5695 5719//5694 5721//5696 5722//5697
f 5720//5695 5722//5697 2278//2047 2277//2046
f 5722//5697 5721//5696 5723//5698 5724//5699
f 5722//5697 5724//5699 2331//2114 2278//2047
f 5724//5699 5723//5698 5725//5700 5726//5701
f 5724//5699 5726//5701 2332//2115 2331//2114
f 5726//5701 5725//5700 5727//5702 2357//2142
f 5726//5701 2357//2142 364//2102 2332//2115
f 5727//5702 5725//5700 5728//5703 5729//5704
f 5727//5702 5729//5704 5730//5705 2343//5706
f 5727//5702 2343//5706 2342//2143 2357//2142
f 5730//5705 5729//5704 5731//5707 5732//5708
f 5730//5705 5732//5708 2316//2097 2315//2096
f 5730//5705 2315//2096 2322//2104 2343//5706
f 5732//5708 5731//5707 5733//5709 5734//5710
f 5732//5708 5734//5710 5735//5711 2316//2097
f 5735//5711 5734//5710 5736//5712 5737//5713
f 5735//5711 5737//5713 5738//5714 5739//5715
f 5735//5711 5739//5715 2317//2098 2316//2097
f 5739//5715 5738//5714 5740//5716 5741//5717
f 5739//5715 5741//5717 5742//5718 2317//2098
f 5742//5718 2318//2099 354//2095 2317//2098
f 5742//5718 5741//5717 5743//5719 5744//5720
f 5742//5718 5744//5720 5745//5721 2318//2099
f 5745//5721 5746//5722 2319//2100 2318//2099
f 5745//5721 5744//5720 5747//5723 5748//5724
f 5745//5721 5748//5724 5749//5725 5746//5722
f 5749//5725 5750//5726 5751//5727 5746//5722
f 5749//5725 5748//5724 5752//5728 5753//5729
f 5749//5725 5753//5729 5754//5730 5750//5726
f 5754//5730 2306//2083 2305//2082 5750//5726
f 5754//5730 5753//5729 5755//5731 5756//5732
f 5754//5730 5756//5732 2307//2084 2306//2083
f 5756//5732 5755//5731 5757//5733 5758//5734
f 5756//5732 5758//5734 5759//5735 2307//2084
f 5759//5735 2314//2094 2303//2078 2307//2084
f 5759//5735 5758//5734 5760//5736 5761//5737
f 5759//5735 5761//5737 5762//5738 2314//2094
f 5762//5738 2312//2092 353//2091 2314//2094
f 5762//5738 5761//5737 5763//5739 5764//5740
f 5762//5738 5764//5740 5765//5741 2312//2092
f 5765//5741 5766//5742 2313//2093 2312//2092
f 5765//5741 5764//5740 5767//5743 5768//5744
f 5765//5741 5768//5744 5769//5745 5766//5742
f 5769//5745 5770//5746 5771//5747 5766//5742
f 5769//5745 5768//5744 5772//5748 5773//5749
f 5769//5745 5773//5749 5774//5750 5770//5746
f 5774//5750 5775//5751 5776//5752 5770//5746
f 5774//5750 5773//5749 2216//1976 2220//1980
f 5774//5750 2220//1980 5777//5753 5775//5751
f 5777//5753 5778//5754 5779//5755 5775//5751
f 5777//5753 2220//1980 2219//1979 5780//5756
f 5777//5753 5780//5756 5781//5757 5778//5754
f 5781//5757 5782//5758 5783//5759 5778//5754
f 5781//5757 5780//5756 5784//5760 5785//5761
f 5781//5757 5785//5761 5786//5762 5782//5758
f 5786//5762 5787//5763 5788//5764 5782//5758
f 5786//5762 5785//5761 5789//5765 5790//5766
f 5786//5762 5790//5766 5791//5767 5787//5763
f 5791//5767 5792//5768 5793//5769 5787//5763
f 5791//5767 5790//5766 2293//2066 2335//2118
f 5791//5767 2335//2118 5794//5770 5792//5768
f 5794//5770 5795//5771 5796//5772 5792//5768
f 5794//5770 2335//2118 2334//2117 5797//5773
f 5794//5770 5797//5773 5798//5774 5795//5771
f 5798//5774 5799//5775 5800//5776 5795//5771
f 5798//5774 5797//5773 5801//5777 5802//5778
f 5798//5774 5802//5778 5803//5779 5799//5775
f 5803//5779 5804//5780 5805//5781 5799//5775
f 5803//5779 5802//5778 5806//5782 5807//5783
f 5803//5779 5807//5783 5808//5784 5804//5780
f 5808//5784 2386//2177 2392//2183 5804//5780
f 5808//5784 5807//5783 5809//5785 5810//5786
f 5808//5784 5810//5786 2387//2178 2386//2177
f 5810//5786 5809//5785 5811//5787 5812//5788
f 5810//5786 5812//5788 5813//5789 2387//2178
f 5813//5789 5814//5790 2388//2179 2387//2178
f 5813//5789 5812//5788 5815//5791 5816//5792
f 5813//5789 5816//5792 5817//5793 5814//5790
f 5817//5793 5818//5794 5819//5795 5814//5790
f 5817//5793 5816//5792 5820//5796 5821//5797
f 5817//5793 5821//5797 5822//5798 5818//5794
f 5822//5798 2396//2188 2395//2187 5818//5794
f 5822//5798 5821//5797 5823//5799 5824//5800
f 5822//5798 5824//5800 5825//5801 2396//2188
f 5825//5801 5826//5802 5827//5803 5828//5804
f 5825//5801 5828//5804 2397//2189 2396//2188
f 5825//5801 5824//5800 5829//5805 5826//5802
f 5829//5805 5830//5806 5831//5807 5826//5802
f 5829//5805 5824//5800 5823//5799 5832//5808
f 5829//5805 5832//5808 5833//5809 5830//5806
f 5833//5809 5834//5810 5835//5811 5830//5806
f 5833//5809 5832//5808 5836//5812 5837//5813
f 5833//5809 5837//5813 5838//5814 5834//5810
f 5838//5814 5606//5580 5604//5578 5834//5810
f 5838//5814 5837//5813 5839//5815 5840//5816
f 5838//5814 5840//5816 5841//5817 5606//5580
f 5841//5817 5609//5583 5607//5581 5606//5580
f 5841//5817 5840//5816 5842//5818 5843//5819
f 5841//5817 5843//5819 5844//5820 5609//5583
f 5844//5820 5612//5586 5610//5584 5609//5583
f 5844//5820 5843//5819 5845//5821 5846//5822
f 5844//5820 5846//5822 5847//5823 5612//5586
f 5845//5821 5843//5819 5842//5818 5848//5824
f 5845//5821 5848//5824 5849//5825 2383//2173
f 5845//5821 2383//2173 2382//2172 5846//5822
f 5849//5825 5848//5824 5850//5826 5851//5827
f 5849//5825 5851//5827 5852//5828 5853//5829
f 5849//5825 5853//5829 2384//2174 2383//2173
f 5853//5829 5852//5828 5854//5830 5855//5831
f 5853//5829 5855//5831 5856//5832 2384//2174
f 5856//5832 5855//5831 5857//5833 5858//5834
f 5856//5832 5858//5834 5859//5835 5860//5836
f 5856//5832 5860//5836 2381//2171 2384//2174
f 5860//5836 5859//5835 2353//2138 2352//2137
f 5860//5836 2352//2137 2382//2172 2381//2171
f 5859//5835 5858//5834 2328//2110 5861//5837
f 5859//5835 5861//5837 5862//5838 2353//2138
f 5862//5838 5861//5837 2231//1990 2230//1989
f 5862//5838 2230//1989 5863//5839 5864//5840
f 5862//5838 5864//5840 2350//2134 2353//2138
f 5864//5840 5865//5841 2351//2135 2350//2134
f 5864//5840 5863//5839 5866//5842 5865//5841
f 5866//5842 5867//5843 5868//5844 5865//5841
f 5866//5842 5863//5839 5869//5845 5870//5846
f 5866//5842 5870//5846 5871//5847 5867//5843
f 5871//5847 5872//5848 5873//5849 5867//5843
f 5871//5847 5870//5846 5874//5850 5875//5851
f 5871//5847 5875//5851 5876//5852 5872//5848
f 5876//5852 5636//5610 5634//5608 5872//5848
f 5876//5852 5875//5851 5877//5853 5878//5854
f 5876//5852 5878//5854 5638//5613 5636//5610
f 5878//5854 5877//5853 5879//5855 5880//5856
f 5878//5854 5880//5856 5881//5857 5638//5613
f 5881//5857 5641//5616 5639//5614 5638//5613
f 5881//5857 5880//5856 5882//5858 5883//5859
f 5881//5857 5883//5859 5884//5860 5641//5616
f 5884//5860 5645//5620 5642//5617 5641//5616
f 5884//5860 5883//5859 5885//5861 5886//5862
f 5884//5860 5886//5862 5887//5863 5645//5620
f 5887//5863 5648//5623 5646//5621 5645//5620
f 5887//5863 5886//5862 5888//5864 5889//5865
f 5887//5863 5889//5865 5650//5625 5648//5623
f 5889//5865 5888//5864 5890//5866 5891//5867
f 5889//5865 5891//5867 5892//5868 5650//5625
f 5892//5868 5654//5629 5651//5626 5650//5625
f 5892//5868 5891//5867 5893//5869 5894//5870
f 5892//5868 5894//5870 5895//5871 5654//5629
f 5895//5871 5659//5634 5655//5630 5654//5629
f 5895//5871 5894//5870 5896//5872 5897//5873
f 5895//5871 5897//5873 5898//5874 5659//5634
f 5898//5874 5664//5639 5660//5635 5659//5634
f 5898//5874 5897//5873 5899//5875 5900//5876
f 5898//5874 5900//5876 1972//1701 5664//5639
f 5900//5876 5899//5875 1765//1458 1764//1457
f 5900//5876 1764//1457 1964//1693 1972//1701
f 5899//5875 5897//5873 5896//5872 5901//5877
f 5899//5875 5901//5877 5902//5878 1765//1458
f 5902//5878 5901//5877 1759//1451 1758//1450
f 5902//5878 1758//1450 1757//1449 5903//5879
f 5902//5878 5903//5879 1766//1459 1765//1458
f 5903//5879 1757//1449 5904//5880 5905//5881
f 5903//5879 5905//5881 1767//1460 1766//1459
f 5905//5881 5904//5880 5906//5882 5907//5883
f 5905//5881 5907//5883 5908//5884 1767//1460
f 5908//5884 5909//5885 1761//1454 1767//1460
f 5908//5884 5907//5883 5910//5886 2001//1732
f 5908//5884 2001//1732 2000//1731 5909//5885
f 5910//5886 5907//5883 5906//5882 5911//5887
f 5910//5886 5911//5887 5912//5888 5913//5889
f 5910//5886 5913//5889 2002//1733 2001//1732
f 5913//5889 5912//5888 5914//5890 1893//1605
f 5913//5889 1893//1605 1890//1602 2002//1733
f 5914//5890 5912//5888 1914//1631 1874//1583
f 5914//5890 1874//1583 1873//1582 5915//5891
f 5914//5890 5915//5891 1891//1603 1893//1605
f 5915//5891 1873//1582 1872//1581 5916//5892
f 5915//5891 5916//5892 1892//1604 1891//1603
f 5916//5892 1872//1581 5917//5893 5918//5894
f 5916//5892 5918//5894 5919//5895 1892//1604
f 5919//5895 5920//5896 1888//1600 1892//1604
f 5919//5895 5918//5894 5921//5897 5922//5898
f 5919//5895 5922//5898 5923//5899 5920//5896
f 5923//5899 5924//5900 1999//1730 5920//5896
f 5923//5899 5922//5898 1694//1379 1693//1378
f 5923//5899 1693//1378 1762//1455 5924//5900
f 5924//5900 1762//1455 1761//1454 5909//5885
f 5924//5900 5909//5885 2000//1731 1999//1730
f 5922//5898 5921//5897 1669//1348 1694//1379
f 5921//5897 5918//5894 5917//5893 5925//5901
f 5921//5897 5925//5901 1670//1349 1669//1348
f 5925//5901 5917//5893 5926//5902 5927//5903
f 5925//5901 5927//5903 1671//1350 1670//1349
f 5927//5903 5926//5902 5928//5904 5929//5905
f 5927//5903 5929//5905 5930//5906 1671//1350
f 5930//5906 5929//5905 5931//5907 1760//1452
f 5930//5906 1760//1452 1754//1446 5932//5908
f 5930//5906 5932//5908 1640//1316 1671//1350
f 5932//5908 1754//1446 1734//1423 5933//5909
f 5932//5908 5933//5909 1641//1317 1640//1316
f 5933//5909 1734//1423 1732//1421 5934//5910
f 5933//5909 5934//5910 1646//1322 1641//1317
f 5934//5910 1732//1421 1731//1420 5935//5911
f 5934//5910 5935//5911 5936//5912 1646//1322
f 5936//5912 1698//1384 1647//1323 1646//1322
f 5936//5912 5935//5911 5937//5913 5938//5914
f 5936//5912 5938//5914 5939//5915 1698//1384
f 5939//5915 5940//5916 1699//1385 1698//1384
f 5939//5915 5938//5914 1836//1539 1835//1538
f 5939//5915 1835//1538 5941//5917 5940//5916
f 5941//5917 5942//5918 5943//5919 5940//5916
f 5941//5917 1835//1538 1834//1537 1920//1638
f 5941//5917 1920//1638 1919//1637 5942//5918
f 5943//5919 5944//5920 1769//1463 1700//1386
f 5943//5919 1700//1386 1699//1385 5940//5916
f 5943//5919 5942//5918 1976//1706 5944//5920
f 5944//5920 5945//5921 1770//1464 1769//1463
f 5944//5920 1976//1706 1975//1705 5945//5921
f 5945//5921 5946//5922 1777//1471 1770//1464
f 5945//5921 1975//1705 1977//1707 5946//5922
f 5946//5922 5947//5923 5948//5924 1777//1471
f 5946//5922 1977//1707 5949//5925 5947//5923
f 5949//5925 1899//1612 5950//5926 5947//5923
f 5949//5925 1977//1707 1974//1704 5951//5927
f 5949//5925 5951//5927 1894//1607 1899//1612
f 5951//5927 1974//1704 1918//1636 1917//1635
f 5951//5927 1917//1635 1895//1608 1894//1607
f 5950//5926 5952//5928 1730//1419 1733//1422
f 5950//5926 1733//1422 5948//5924 5947//5923
f 5950//5926 1899//1612 1898//1611 5952//5928
f 5952//5928 5953//5929 1731//1420 1730//1419
f 5952//5928 1898//1611 1897//1610 5953//5929
f 5953//5929 5937//5913 5935//5911 1731//1420
f 5953//5929 1897//1610 1837//1540 5937//5913
f 5948//5924 1733//1422 1729//1418 5954//5930
f 5948//5924 5954//5930 1775//1469 1777//1471
f 5954//5930 1729//1418 1728//1417 5955//5931
f 5954//5930 5955//5931 1776//1470 1775//1469
f 5955//5931 1728//1417 5956//5932 5957//5933
f 5955//5931 5957//5933 5958//5934 1776//1470
f 5958//5934 5957//5933 5959//5935 5960//5936
f 5958//5934 5960//5936 5961//5937 5962//5938
f 5958//5934 5962//5938 1773//1467 1776//1470
f 5962//5938 5961//5937 5963//5939 5964//5940
f 5962//5938 5964//5940 1774//1468 1773//1467
f 5964//5940 5963//5939 5965//5941 5966//5942
f 5964//5940 5966//5942 1843//1547 1774//1468
f 5966//5942 5965//5941 5967//5943 5968//5944
f 5966//5942 5968//5944 1844//1548 1843//1547
f 5968//5944 5967//5943 5969//5945 5970//5946
f 5968//5944 5970//5946 5971//5947 1844//1548
f 5971//5947 5970//5946 5972//5948 1787//1482
f 5971//5947 1787//1482 1786//1481 5973//5949
f 5971//5947 5973//5949 1845//1549 1844//1548
f 5973//5949 1786//1481 1785//1480 5974//5950
f 5973//5949 5974//5950 1846//1550 1845//1549
f 5974//5950 1785//1480 5975//5951 5976//5952
f 5974//5950 5976//5952 5977//5953 1846//1550
f 5977//5953 5978//5954 1840//1544 1846//1550
f 5977//5953 5976//5952 2062//1802 2061//1801
f 5977//5953 2061//1801 2066//1806 5978//5954
f 5978//5954 5979//5955 1841//1545 1840//1544
f 5978//5954 2066//1806 1990//1723 5979//5955
f 5979//5955 5980//5956 5981//5957 1841//1545
f 5979//5955 1990//1723 1989//1722 5980//5956
f 5981//5957 5982//5958 1737//1426 1736//1425
f 5981//5957 1736//1425 1842//1546 1841//1545
f 5981//5957 5980//5956 5983//5959 5982//5958
f 5983//5959 5984//5960 1628//1301 5982//5958
f 5983//5959 5980//5956 1989//1722 1988//1721
f 5983//5959 1988//1721 5985//5961 5984//5960
f 5985//5961 1851//1556 5986//5962 5984//5960
f 5985//5961 1988//1721 1987//1720 5987//5963
f 5985//5961 5987//5963 1847//1552 1851//1556
f 5987//5963 1987//1720 1992//1725 5988//5964
f 5987//5963 5988//5964 1848//1553 1847//1552
f 5988//5964 1992//1725 2064//1804 5989//5965
f 5988//5964 5989//5965 1923//1642 1848//1553
f 5989//5965 2064//1804 2063//1803 5990//5966
f 5989//5965 5990//5966 1924//1643 1923//1642
f 5990//5966 2063//1803 2062//1802 5991//5967
f 5990//5966 5991//5967 1925//1644 1924//1643
f 5991//5967 2062//1802 5976//5952 5975//5951
f 5991//5967 5975//5951 5992//5968 1925//1644
f 5992//5968 5975//5951 1785//1480 1780//1475
f 5992//5968 1780//1475 1779//1474 5993//5969
f 5992//5968 5993//5969 1926//1645 1925//1644
f 5993//5969 1779//1474 5994//5970 5995//5971
f 5993//5969 5995//5971 1927//1646 1926//1645
f 5995//5971 5994//5970 5996//5972 5997//5973
f 5995//5971 5997//5973 1852//1557 1927//1646
f 5997//5973 5996//5972 5998//5974 5999//5975
f 5997//5973 5999//5975 1850//1555 1852//1557
f 5999//5975 5998//5974 1629//1302 5986//5962
f 5999//5975 5986//5962 1851//1556 1850//1555
f 5998//5974 5996//5972 6000//5976 6001//5977
f 5998//5974 6001//5977 1630//1303 1629//1302
f 6001//5977 6000//5976 6002//5978 6003//5979
f 6001//5977 6003//5979 1631//1304 1630//1303
f 6003//5979 6002//5978 6004//5980 1596//1265
f 6003//5979 1596//1265 238//1259 1631//1304
f 6004//5980 6002//5978 6005//5981 6006//5982
f 6004//5980 6006//5982 6007//5983 6008//5984
f 6004//5980 6008//5984 1597//1266 1596//1265
f 6008//5984 6007//5983 6009//5985 6010//5986
f 6008//5984 6010//5986 6011//5987 1597//1266
f 6011//5987 6010//5986 6012//5988 6013//5989
f 6011//5987 6013//5989 6014//5990 6015//5991
f 6011//5987 6015//5991 1594//1263 1597//1266
f 6015//5991 6014//5990 6016//5992 6017//5993
f 6015//5991 6017//5993 1595//1264 1594//1263
f 6017//5993 6016//5992 6018//5994 6019//5995
f 6017//5993 6019//5995 6020//5996 1595//1264
f 6020//5996 6019//5995 6021//5997 6022//5998
f 6020//5996 6022//5998 1585//1254 1584//1253
f 6020//5996 1584//1253 1591//1260 1595//1264
f 6022//5998 6023//5999 1589//1257 1585//1254
f 6022//5998 6021//5997 6024//6000 6023//5999
f 6024//6000 6025//6001 1616//1288 6023//5999
f 6024//6000 6021//5997 6026//6002 1739//1429
f 6024//6000 1739//1429 1738//1428 6025//6001
f 6026//6002 6021//5997 6019//5995 6018//5994
f 6026//6002 6018//5994 1679//1360 1684//1365
f 6026//6002 1684//1365 1740//1430 1739//1429
f 6025//6001 6027//6003 1617//1289 1616//1288
f 6025//6001 1738//1428 1743//1433 6027//6003
f 6027//6003 6028//6004 1622//1294 1617//1289
f 6027//6003 1743//1433 6029//6005 6028//6004
f 6029//6005 6030//6006 6031//6007 6028//6004
f 6029//6005 1743//1433 1742//1432 6032//6008
f 6029//6005 6032//6008 6033//6009 6030//6006
f 6033//6009 1790//1486 1789//1485 6030//6006
f 6033//6009 6032//6008 6034//6010 6035//6011
f 6033//6009 6035//6011 1793//1489 1790//1486
f 6035//6011 6034//6010 1682//1363 6036//6012
f 6035//6011 6036//6012 1678//1358 1793//1489
f 6036//6012 1682//1363 1681//1362 6037//6013
f 6036//6012 6037//6013 1673//1353 1678//1358
f 6037//6013 1681//1362 1680//1361 6038//6014
f 6037//6013 6038//6014 1674//1354 1673//1353
f 6038//6014 1680//1361 6016//5992 6014//5990
f 6038//6014 6014//5990 6013//5989 1674//1354
f 6034//6010 6032//6008 1742//1432 1741//1431
f 6034//6010 1741//1431 1683//1364 1682//1363
f 6031//6007 6039//6015 1654//1332 6040//6016
f 6031//6007 6040//6016 1622//1294 6028//6004
f 6031//6007 6030//6006 1789//1485 6039//6015
f 6040//6016 1654//1332 1653//1331 6041//6017
f 6040//6016 6041//6017 1623//1295 1622//1294
f 6041//6017 1653//1331 1657//1335 6042//6018
f 6041//6017 6042//6018 1624//1296 1623//1295
f 6042//6018 1657//1335 6043//6019 6044//6020
f 6042//6018 6044//6020 6045//6021 1624//1296
f 6045//6021 6044//6020 6046//6022 6047//6023
f 6045//6021 6047//6023 6048//6024 6049//6025
f 6045//6021 6049//6025 1620//1292 1624//1296
f 6049//6025 6048//6024 6050//6026 6051//6027
f 6049//6025 6051//6027 1621//1293 1620//1292
f 6051//6027 6050//6026 6052//6028 6053//6029
f 6051//6027 6053//6029 1659//1338 1621//1293
f 6053//6029 6052//6028 6054//6030 6055//6031
f 6053//6029 6055//6031 1660//1339 1659//1338
f 6055//6031 6054//6030 6056//6032 6057//6033
f 6055//6031 6057//6033 1663//1342 1660//1339
f 6057//6033 6056//6032 6058//6034 6059//6035
f 6057//6033 6059//6035 6060//6036 1663//1342
f 6060//6036 6059//6035 6061//6037 6062//6038
f 6060//6036 6062//6038 6063//6039 6064//6040
f 6060//6036 6064//6040 1664//1343 1663//1342
f 6064//6040 6063//6039 6065//6041 6066//6042
f 6064//6040 6066//6042 1665//1344 1664//1343
f 6066//6042 6065//6041 6067//6043 6068//6044
f 6066//6042 6068//6044 6069//6045 1665//1344
f 6069//6045 6070//6046 1666//1345 1665//1344
f 6069//6045 6068//6044 6071//6047 6072//6048
f 6069//6045 6072//6048 6073//6049 6070//6046
f 6073//6049 6074//6050 6075//6051 6070//6046
f 6073//6049 6072//6048 1861//1568 1859//1566
f 6073//6049 1859//1566 1795//1492 6074//6050
f 6075//6051 6076//6052 6077//6053 1667//1346
f 6075//6051 1667//1346 1666//1345 6070//6046
f 6075//6051 6074//6050 6078//6054 6076//6052
f 6078//6054 6079//6055 6080//6056 6076//6052
f 6078//6054 6074//6050 1795//1492 1794//1491
f 6078//6054 1794//1491 1798//1495 6079//6055
f 6080//6056 6081//6057 6082//6058 6083//6059
f 6080//6056 6083//6059 6077//6053 6076//6052
f 6080//6056 6079//6055 6084//6060 6081//6057
f 6084//6060 6085//6061 1853//1559 1857//1563
f 6084//6060 1857//1563 6086//6062 6081//6057
f 6084//6060 6079//6055 1798//1495 6085//6061
f 6086//6062 1857//1563 1856//1562 6087//6063
f 6086//6062 6087//6063 6088//6064 6089//6065
f 6086//6062 6089//6065 6082//6058 6081//6057
f 6089//6065 6088//6064 1688//1371 1687//1370
f 6089//6065 1687//1370 1602//1271 6082//6058
f 6088//6064 6087//6063 6090//6066 6091//6067
f 6088//6064 6091//6067 1747//1437 1688//1371
f 6091//6067 6092//6068 6093//6069 1747//1437
f 6091//6067 6090//6066 6094//6070 6092//6068
f 6094//6070 6095//6071 6096//6072 6092//6068
f 6094//6070 6090//6066 1858//1564 1939//1661
f 6094//6070 1939//1661 1938//1660 6095//6071
f 6096//6072 6071//6047 6068//6044 6067//6043
f 6096//6072 6067//6043 6093//6069 6092//6068
f 6096//6072 6095//6071 6097//6073 6071//6047
f 6097//6073 1861//1568 6072//6048 6071//6047
f 6097//6073 6095//6071 1938//1660 6098//6074
f 6097//6073 6098//6074 1860//1567 1861//1568
f 6098//6074 1938//1660 1937//1659 6099//6075
f 6098//6074 6099//6075 1799//1496 1860//1567
f 6099//6075 1937//1659 1854//1560 6100//6076
f 6099//6075 6100//6076 1797//1494 1799//1496
f 6100//6076 1854//1560 1853//1559 6085//6061
f 6100//6076 6085//6061 1798//1495 1797//1494
f 6093//6069 6067//6043 6065//6041 6101//6077
f 6093//6069 6101//6077 1744//1434 1747//1437
f 6101//6077 6065//6041 6063//6039 6102//6078
f 6101//6077 6102//6078 1745//1435 1744//1434
f 6102//6078 6063//6039 6062//6038 6103//6079
f 6102//6078 6103//6079 6104//6080 1745//1435
f 6104//6080 6103//6079 6105//6081 6106//6082
f 6104//6080 6106//6082 6107//6083 6108//6084
f 6104//6080 6108//6084 1746//1436 1745//1435
f 6108//6084 6107//6083 1704//1391 1703//1390
f 6108//6084 1703//1390 1702//1389 1746//1436
f 6107//6083 6106//6082 6109//6085 6110//6086
f 6107//6083 6110//6086 6111//6087 1704//1391
f 6111//6087 6110//6086 6112//6088 6113//6089
f 6111//6087 6113//6089 6114//6090 6115//6091
f 6111//6087 6115//6091 1705//1392 1704//1391
f 6115//6091 6114//6090 6116//6092 6117//6093
f 6115//6091 6117//6093 1706//1393 1705//1392
f 6117//6093 6116//6092 6118//6094 6119//6095
f 6117//6093 6119//6095 6120//6096 1706//1393
f 6120//6096 6119//6095 6121//6097 6122//6098
f 6120//6096 6122//6098 6123//6099 6124//6100
f 6120//6096 6124//6100 1707//1394 1706//1393
f 6124//6100 6123//6099 6125//6101 6126//6102
f 6124//6100 6126//6102 1708//1395 1707//1394
f 6126//6102 6125//6101 6127//6103 6128//6104
f 6126//6102 6128//6104 6129//6105 1708//1395
f 6129//6105 6128//6104 6130//6106 6131//6107
f 6129//6105 6131//6107 6132//6108 6133//6109
f 6129//6105 6133//6109 1709//1396 1708//1395
f 6133//6109 6132//6108 6134//6110 6135//6111
f 6133//6109 6135//6111 1710//1397 1709//1396
f 6135//6111 6134//6110 6136//6112 6137//6113
f 6135//6111 6137//6113 6138//6114 1710//1397
f 6138//6114 6139//6115 1701//1388 1710//1397
f 6138//6114 6137//6113 6140//6116 1639//1313
f 6138//6114 1639//1313 1636//1310 6139//6115
f 6140//6116 6137//6113 6136//6112 6141//6117
f 6140//6116 6141//6117 6142//6118 6143//6119
f 6140//6116 6143//6119 1637//1311 1639//1313
f 6143//6119 6142//6118 6144//6120 6145//6121
f 6143//6119 6145//6121 1638//1312 1637//1311
f 6145//6121 6144//6120 6146//6122 6147//6123
f 6145//6121 6147//6123 6148//6124 1638//1312
f 6148//6124 6147//6123 6149//6125 6150//6126
f 6148//6124 6150//6126 1607//1277 1606//1276
f 6148//6124 1606//1276 1610//1280 1638//1312
f 6150//6126 6149//6125 6151//6127 6152//6128
f 6150//6126 6152//6128 6153//6129 1607//1277
f 6153//6129 1711//1398 1608//1278 1607//1277
f 6153//6129 6152//6128 6154//6130 1724//1412
f 6153//6129 1724//1412 1723//1411 1711//1398
f 6154//6130 6152//6128 6151//6127 6155//6131
f 6154//6130 6155//6131 6156//6132 6157//6133
f 6154//6130 6157//6133 1718//1406 1724//1412
f 6157//6133 6156//6132 6158//6134 6159//6135
f 6157//6133 6159//6135 1719//1407 1718//1406
f 6159//6135 6158//6134 6160//6136 6127//6103
f 6159//6135 6127//6103 6125//6101 1719//1407
f 6160//6136 6158//6134 6161//6137 6162//6138
f 6160//6136 6162//6138 6163//6139 6130//6106
f 6160//6136 6130//6106 6128//6104 6127//6103
f 6163//6139 6162//6138 1870//1578 6164//6140
f 6163//6139 6164//6140 6165//6141 6166//6142
f 6163//6139 6166//6142 6131//6107 6130//6106
f 6166//6142 6165//6141 1904//1618 1903//1617
f 6166//6142 1903//1617 6132//6108 6131//6107
f 6165//6141 6164//6140 6167//6143 6168//6144
f 6165//6141 6168//6144 1905//1619 1904//1618
f 6168//6144 6167//6143 6169//6145 1820//1520
f 6168//6144 1820//1520 1819//1519 1905//1619
f 6169//6145 6167//6143 1867//1575 1866//1574
f 6169//6145 1866//1574 1752//1443 6170//6146
f 6169//6145 6170//6146 1821//1521 1820//1520
f 6170//6146 1752//1443 1751//1442 6171//6147
f 6170//6146 6171//6147 1822//1522 1821//1521
f 6171//6147 1751//1442 1753//1444 6172//6148
f 6171//6147 6172//6148 6173//6149 1822//1522
f 6173//6149 6172//6148 6146//6122 6144//6120
f 6173//6149 6144//6120 6142//6118 6174//6150
f 6173//6149 6174//6150 1817//1517 1822//1522
f 6174//6150 6142//6118 6141//6117 6175//6151
f 6174//6150 6175//6151 1818//1518 1817//1517
f 6175//6151 6141//6117 6136//6112 1901//1615
f 6175//6151 1901//1615 1900//1614 1818//1518
f 6172//6148 1753//1444 6176//6152 6146//6122
f 6176//6152 1753//1444 1750//1441 6177//6153
f 6176//6152 6177//6153 6151//6127 6149//6125
f 6176//6152 6149//6125 6147//6123 6146//6122
f 6177//6153 1750//1441 1749//1440 6178//6154
f 6177//6153 6178//6154 6155//6131 6151//6127
f 6178//6154 1749//1440 1869//1577 6179//6155
f 6178//6154 6179//6155 6156//6132 6155//6131
f 6179//6155 1869//1577 1868//1576 6161//6137
f 6179//6155 6161//6137 6158//6134 6156//6132
f 6167//6143 6164//6140 1870//1578 1867//1575
f 6162//6138 6161//6137 1868//1576 1870//1578
f 6139//6115 1686//1369 1702//1389 1701//1388
f 6139//6115 1636//1310 1635//1309 1686//1369
f 6136//6112 6134//6110 1902//1616 1901//1615
f 6134//6110 6132//6108 1903//1617 1902//1616
f 6125//6101 6123//6099 1720//1408 1719//1407
f 6123//6099 6122//6098 1721//1409 1720//1408
f 6122//6098 6121//6097 6180//6156 1721//1409
f 6180//6156 6181//6157 6182//6158 6183//6159
f 6180//6156 6183//6159 1722//1410 1721//1409
f 6180//6156 6121//6097 6184//6160 6181//6157
f 6184//6160 6185//6161 6186//6162 6181//6157
f 6184//6160 6121//6097 6119//6095 6118//6094
f 6184//6160 6118//6094 6187//6163 6185//6161
f 6187//6163 6188//6164 6189//6165 6185//6161
f 6187//6163 6118//6094 6116//6092 6190//6166
f 6187//6163 6190//6166 6191//6167 6188//6164
f 6191//6167 6192//6168 6193//6169 6188//6164
f 6191//6167 6190//6166 6194//6170 6195//6171
f 6191//6167 6195//6171 6196//6172 6192//6168
f 6196//6172 6197//6173 6198//6174 6199//6175
f 6196//6172 6199//6175 6200//6176 6192//6168
f 6196//6172 6195//6171 6201//6177 6197//6173
f 6201//6177 6202//6178 6203//6179 6197//6173
f 6201//6177 6195//6171 6194//6170 6204//6180
f 6201//6177 6204//6180 6205//6181 6202//6178
f 6205//6181 6206//6182 6207//6183 6202//6178
f 6205//6181 6204//6180 6113//6089 6112//6088
f 6205//6181 6112//6088 6208//6184 6206//6182
f 6208//6184 6209//6185 6210//6186 6206//6182
f 6208//6184 6112//6088 6110//6086 6109//6085
f 6208//6184 6109//6085 6211//6187 6209//6185
f 6211//6187 6212//6188 6213//6189 6209//6185
f 6211//6187 6109//6085 6106//6082 6105//6081
f 6211//6187 6105//6081 6061//6037 6212//6188
f 6213//6189 6214//6190 6215//6191 6216//6192
f 6213//6189 6216//6192 6210//6186 6209//6185
f 6213//6189 6212//6188 6058//6034 6214//6190
f 6216//6192 6215//6191 6217//6193 6218//6194
f 6216//6192 6218//6194 6219//6195 6210//6186
f 6219//6195 6218//6194 6220//6196 6221//6197
f 6219//6195 6221//6197 6222//6198 6207//6183
f 6219//6195 6207//6183 6206//6182 6210//6186
f 6222//6198 6221//6197 2133//1884 2136//1888
f 6222//6198 2136//1888 6223//6199 6203//6179
f 6222//6198 6203//6179 6202//6178 6207//6183
f 6223//6199 2136//1888 2135//1887 6224//6200
f 6223//6199 6224//6200 2031//1766 6198//6174
f 6223//6199 6198//6174 6197//6173 6203//6179
f 6224//6200 2135//1887 2137//1890 6225//6201
f 6224//6200 6225//6201 2032//1767 2031//1766
f 6225//6201 2137//1890 2256//2018 6226//6202
f 6225//6201 6226//6202 2138//1891 2032//1767
f 6226//6202 2256//2018 2299//2073 6227//6203
f 6226//6202 6227//6203 6228//6204 2138//1891
f 6228//6204 6229//6205 5784//5760 2218//1978
f 6228//6204 2218//1978 2033//1768 2138//1891
f 6228//6204 6227//6203 2298//2071 6229//6205
f 6229//6205 5789//5765 5785//5761 5784//5760
f 6229//6205 2298//2071 2294//2067 5789//5765
f 6227//6203 2299//2073 2295//2068 2298//2071
f 6221//6197 6220//6196 2134//1885 2133//1884
f 6220//6196 6230//6206 2191//1948 2134//1885
f 6220//6196 6218//6194 6217//6193 6230//6206
f 6230//6206 6231//6207 6232//6208 2191//1948
f 6230//6206 6217//6193 6233//6209 6231//6207
f 6233//6209 6234//6210 6235//6211 6231//6207
f 6233//6209 6217//6193 6215//6191 6236//6212
f 6233//6209 6236//6212 6237//6213 6234//6210
f 6237//6213 6238//6214 6239//6215 6234//6210
f 6237//6213 6236//6212 6240//6216 6241//6217
f 6237//6213 6241//6217 6242//6218 6238//6214
f 6242//6218 6243//6219 6244//6220 6238//6214
f 6242//6218 6241//6217 6054//6030 6052//6028
f 6242//6218 6052//6028 6050//6026 6243//6219
f 6244//6220 6245//6221 6246//6222 6247//6223
f 6244//6220 6247//6223 6239//6215 6238//6214
f 6244//6220 6243//6219 6248//6224 6245//6221
f 6248//6224 6249//6225 6250//6226 6245//6221
f 6248//6224 6243//6219 6050//6026 6048//6024
f 6248//6224 6048//6024 6047//6023 6249//6225
f 6250//6226 6251//6227 6252//6228 6253//6229
f 6250//6226 6253//6229 6246//6222 6245//6221
f 6250//6226 6249//6225 6254//6230 6251//6227
f 6254//6230 6255//6231 6256//6232 6251//6227
f 6254//6230 6249//6225 6047//6023 6046//6022
f 6254//6230 6046//6022 6257//6233 6255//6231
f 6257//6233 6258//6234 6259//6235 6255//6231
f 6257//6233 6046//6022 6044//6020 6043//6019
f 6257//6233 6043//6019 6260//6236 6258//6234
f 6260//6236 6261//6237 6262//6238 6258//6234
f 6260//6236 6043//6019 1657//1335 1652//1330
f 6260//6236 1652//1330 1651//1329 6261//6237
f 6262//6238 6263//6239 6264//6240 6265//6241
f 6262//6238 6265//6241 6259//6235 6258//6234
f 6262//6238 6261//6237 6266//6242 6263//6239
f 6266//6242 6267//6243 6268//6244 6263//6239
f 6266//6242 6261//6237 1651//1329 1784//1479
f 6266//6242 1784//1479 1783//1478 6267//6243
f 6268//6244 6269//6245 6270//6246 6271//6247
f 6268//6244 6271//6247 6264//6240 6263//6239
f 6268//6244 6267//6243 5972//5948 6269//6245
f 6271//6247 6270//6246 6272//6248 6273//6249
f 6271//6247 6273//6249 6274//6250 6264//6240
f 6274//6250 6273//6249 6275//6251 6276//6252
f 6274//6250 6276//6252 6277//6253 6278//6254
f 6274//6250 6278//6254 6265//6241 6264//6240
f 6278//6254 6277//6253 6279//6255 6280//6256
f 6278//6254 6280//6256 6259//6235 6265//6241
f 6280//6256 6279//6255 6281//6257 6256//6232
f 6280//6256 6256//6232 6255//6231 6259//6235
f 6281//6257 6279//6255 6282//6258 6283//6259
f 6281//6257 6283//6259 6284//6260 6252//6228
f 6281//6257 6252//6228 6251//6227 6256//6232
f 6284//6260 6283//6259 6285//6261 6286//6262
f 6284//6260 6286//6262 6287//6263 6288//6264
f 6284//6260 6288//6264 6253//6229 6252//6228
f 6288//6264 6287//6263 6289//6265 6290//6266
f 6288//6264 6290//6266 6246//6222 6253//6229
f 6290//6266 6289//6265 6291//6267 6292//6268
f 6290//6266 6292//6268 6247//6223 6246//6222
f 6292//6268 6291//6267 6293//6269 6294//6270
f 6292//6268 6294//6270 6239//6215 6247//6223
f 6294//6270 6293//6269 6295//6271 6235//6211
f 6294//6270 6235//6211 6234//6210 6239//6215
f 6295//6271 6293//6269 6296//6272 6297//6273
f 6295//6271 6297//6273 6298//6274 6232//6208
f 6295//6271 6232//6208 6231//6207 6235//6211
f 6298//6274 6297//6273 2187//1944 2186//1943
f 6298//6274 2186//1943 2189//1946 2192//1949
f 6298//6274 2192//1949 2191//1948 6232//6208
f 6297//6273 6296//6272 2110//1855 2187//1944
f 6296//6272 1932//1652 1931//1651 2110//1855
f 6296//6272 6293//6269 6291//6267 1932//1652
f 6291//6267 6289//6265 1928//1648 1932//1652
f 6289//6265 6287//6263 1929//1649 1928//1648
f 6287//6263 6286//6262 6299//6275 1929//1649
f 6299//6275 6300//6276 2108//1853 6301//6277
f 6299//6275 6301//6277 1930//1650 1929//1649
f 6299//6275 6286//6262 6285//6261 6300//6276
f 6301//6277 6302//6278 1933//1653 1930//1650
f 6301//6277 2108//1853 2107//1852 6302//6278
f 6302//6278 6303//6279 6304//6280 1933//1653
f 6302//6278 2107//1852 2106//1851 6303//6279
f 6304//6280 6305//6281 2337//2120 6306//6282
f 6304//6280 6306//6282 1934//1654 1933//1653
f 6304//6280 6303//6279 6307//6283 6305//6281
f 6307//6283 6308//6284 6309//6285 6305//6281
f 6307//6283 6303//6279 2106//1851 6310//6286
f 6307//6283 6310//6286 6311//6287 6308//6284
f 6311//6287 6312//6288 6313//6289 6308//6284
f 6311//6287 6310//6286 6314//6290 6315//6291
f 6311//6287 6315//6291 6316//6292 6312//6288
f 6316//6292 6317//6293 6318//6294 6312//6288
f 6316//6292 6315//6291 6319//6295 6320//6296
f 6316//6292 6320//6296 6321//6297 6317//6293
f 6321//6297 6322//6298 6323//6299 6317//6293
f 6321//6297 6320//6296 6324//6300 6325//6301
f 6321//6297 6325//6301 6326//6302 6322//6298
f 6326//6302 6327//6303 6328//6304 6322//6298
f 6326//6302 6325//6301 6329//6305 6330//6306
f 6326//6302 6330//6306 6331//6307 6327//6303
f 6331//6307 6332//6308 5839//5815 6333//6309
f 6331//6307 6333//6309 6334//6310 6327//6303
f 6331//6307 6330//6306 5850//5826 6332//6308
f 6334//6310 6335//6311 5820//5796 6336//6312
f 6334//6310 6336//6312 6328//6304 6327//6303
f 6334//6310 6333//6309 5836//5812 6335//6311
f 6336//6312 5820//5796 5816//5792 5815//5791
f 6336//6312 5815//5791 6337//6313 6328//6304
f 6337//6313 5815//5791 5812//5788 5811//5787
f 6337//6313 5811//5787 6338//6314 6323//6299
f 6337//6313 6323//6299 6322//6298 6328//6304
f 6338//6314 5811//5787 5809//5785 6339//6315
f 6338//6314 6339//6315 6340//6316 6318//6294
f 6338//6314 6318//6294 6317//6293 6323//6299
f 6340//6316 6339//6315 5806//5782 6341//6317
f 6340//6316 6341//6317 6342//6318 6313//6289
f 6340//6316 6313//6289 6312//6288 6318//6294
f 6342//6318 6341//6317 5801//5777 2339//2122
f 6342//6318 2339//2122 2338//2121 6309//6285
f 6342//6318 6309//6285 6308//6284 6313//6289
f 6341//6317 5806//5782 5802//5778 5801//5777
f 6339//6315 5809//5785 5807//5783 5806//5782
f 6335//6311 5836//5812 5832//5808 5823//5799
f 6335//6311 5823//5799 5821//5797 5820//5796
f 6333//6309 5839//5815 5837//5813 5836//5812
f 6332//6308 5842//5818 5840//5816 5839//5815
f 6332//6308 5850//5826 5848//5824 5842//5818
f 6330//6306 6329//6305 5851//5827 5850//5826
f 6329//6305 6325//6301 6324//6300 6343//6319
f 6329//6305 6343//6319 5852//5828 5851//5827
f 6343//6319 6324//6300 6344//6320 6345//6321
f 6343//6319 6345//6321 5854//5830 5852//5828
f 6345//6321 6344//6320 6346//6322 6347//6323
f 6345//6321 6347//6323 6348//6324 5854//5830
f 6348//6324 6347//6323 6349//6325 2327//2109
f 6348//6324 2327//2109 2326//2108 5857//5833
f 6348//6324 5857//5833 5855//5831 5854//5830
f 6349//6325 6347//6323 6346//6322 2072//1814
f 6349//6325 2072//1814 2071//1813 2310//2089
f 6349//6325 2310//2089 352//2085 2327//2109
f 6346//6322 6344//6320 6319//6295 6350//6326
f 6346//6322 6350//6326 2073//1815 2072//1814
f 6350//6326 6319//6295 6315//6291 6314//6290
f 6350//6326 6314//6290 2074//1816 2073//1815
f 6344//6320 6324//6300 6320//6296 6319//6295
f 6314//6290 6310//6286 2106//1851 2074//1816
f 6309//6285 2338//2121 2337//2120 6305//6281
f 6306//6282 2337//2120 2336//2119 6351//6327
f 6306//6282 6351//6327 1935//1655 1934//1654
f 6351//6327 2336//2119 2340//2123 6352//6328
f 6351//6327 6352//6328 6353//6329 1935//1655
f 6353//6329 6352//6328 2301//2075 2239//2000
f 6353//6329 2239//2000 2190//1947 2111//1856
f 6353//6329 2111//1856 1936//1656 1935//1655
f 6352//6328 2340//2123 2302//2076 2301//2075
f 6300//6276 6354//6330 2070//1812 2108//1853
f 6300//6276 6285//6261 6355//6331 6354//6330
f 6355//6331 6356//6332 6357//6333 6354//6330
f 6355//6331 6285//6261 6283//6259 6282//6258
f 6355//6331 6282//6258 6358//6334 6356//6332
f 6358//6334 6359//6335 6360//6336 6356//6332
f 6358//6334 6282//6258 6279//6255 6277//6253
f 6358//6334 6277//6253 6276//6252 6359//6335
f 6360//6336 6361//6337 6362//6338 6363//6339
f 6360//6336 6363//6339 6357//6333 6356//6332
f 6360//6336 6359//6335 6364//6340 6361//6337
f 6364//6340 6365//6341 6366//6342 6361//6337
f 6364//6340 6359//6335 6276//6252 6275//6251
f 6364//6340 6275//6251 6367//6343 6365//6341
f 6367//6343 6368//6344 6369//6345 6365//6341
f 6367//6343 6275//6251 6273//6249 6272//6248
f 6367//6343 6272//6248 6370//6346 6368//6344
f 6370//6346 6371//6347 6372//6348 6368//6344
f 6370//6346 6272//6248 6270//6246 6373//6349
f 6370//6346 6373//6349 6374//6350 6371//6347
f 6374//6350 6375//6351 6376//6352 6371//6347
f 6374//6350 6373//6349 5969//5945 5967//5943
f 6374//6350 5967//5943 5965//5941 6375//6351
f 6376//6352 6377//6353 6378//6354 6379//6355
f 6376//6352 6379//6355 6372//6348 6371//6347
f 6376//6352 6375//6351 6380//6356 6377//6353
f 6380//6356 6381//6357 6382//6358 6377//6353
f 6380//6356 6375//6351 5965//5941 5963//5939
f 6380//6356 5963//5939 5961//5937 6381//6357
f 6382//6358 6383//6359 6384//6360 6385//6361
f 6382//6358 6385//6361 6378//6354 6377//6353
f 6382//6358 6381//6357 6386//6362 6383//6359
f 6386//6362 6387//6363 6388//6364 6383//6359
f 6386//6362 6381//6357 5961//5937 5960//5936
f 6386//6362 5960//5936 5959//5935 6387//6363
f 6388//6364 6389//6365 6390//6366 6391//6367
f 6388//6364 6391//6367 6384//6360 6383//6359
f 6388//6364 6387//6363 6392//6368 6389//6365
f 6392//6368 6393//6369 6394//6370 6389//6365
f 6392//6368 6387//6363 5959//5935 6395//6371
f 6392//6368 6395//6371 6396//6372 6393//6369
f 6396//6372 6397//6373 6398//6374 6393//6369
f 6396//6372 6395//6371 5956//5932 6399//6375
f 6396//6372 6399//6375 6400//6376 6397//6373
f 6400//6376 6401//6377 6402//6378 6397//6373
f 6400//6376 6399//6375 1727//1416 1726//1415
f 6400//6376 1726//1415 1755//1447 6401//6377
f 6402//6378 5893//5869 5891//5867 5890//5866
f 6402//6378 5890//5866 6398//6374 6397//6373
f 6402//6378 6401//6377 6403//6379 5893//5869
f 6403//6379 5896//5872 5894//5870 5893//5869
f 6403//6379 6401//6377 1755//1447 1759//1451
f 6403//6379 1759//1451 5901//5877 5896//5872
f 6399//6375 5956//5932 1728//1417 1727//1416
f 6398//6374 5890//5866 5888//5864 6404//6380
f 6398//6374 6404//6380 6394//6370 6393//6369
f 6404//6380 5888//5864 5886//5862 5885//5861
f 6404//6380 5885//5861 6405//6381 6394//6370
f 6405//6381 5885//5861 5883//5859 5882//5858
f 6405//6381 5882//5858 6406//6382 6390//6366
f 6405//6381 6390//6366 6389//6365 6394//6370
f 6406//6382 5882//5858 5880//5856 5879//5855
f 6406//6382 5879//5855 6407//6383 6408//6384
f 6406//6382 6408//6384 6391//6367 6390//6366
f 6408//6384 6407//6383 6409//6385 6410//6386
f 6408//6384 6410//6386 6384//6360 6391//6367
f 6410//6386 6409//6385 6411//6387 6412//6388
f 6410//6386 6412//6388 6385//6361 6384//6360
f 6412//6388 6411//6387 6413//6389 6414//6390
f 6412//6388 6414//6390 6378//6354 6385//6361
f 6414//6390 6413//6389 6415//6391 6416//6392
f 6414//6390 6416//6392 6379//6355 6378//6354
f 6416//6392 6415//6391 6417//6393 6418//6394
f 6416//6392 6418//6394 6372//6348 6379//6355
f 6418//6394 6417//6393 6419//6395 6369//6345
f 6418//6394 6369//6345 6368//6344 6372//6348
f 6419//6395 6417//6393 6420//6396 6421//6397
f 6419//6395 6421//6397 6422//6398 6366//6342
f 6419//6395 6366//6342 6365//6341 6369//6345
f 6422//6398 6421//6397 6423//6399 6424//6400
f 6422//6398 6424//6400 6425//6401 6362//6338
f 6422//6398 6362//6338 6361//6337 6366//6342
f 6425//6401 6424//6400 2311//2090 6426//6402
f 6425//6401 6426//6402 2069//1810 2068//1809
f 6425//6401 2068//1809 6363//6339 6362//6338
f 6424//6400 6423//6399 2309//2088 2311//2090
f 6423//6399 6427//6403 2269//2036 2309//2088
f 6423//6399 6421//6397 6420//6396 6427//6403
f 6427//6403 2232//1992 344//1991 2269//2036
f 6427//6403 6420//6396 6428//6404 2232//1992
f 6428//6404 6429//6405 2227//1986 2232//1992
f 6428//6404 6420//6396 6417//6393 6415//6391
f 6428//6404 6415//6391 6413//6389 6429//6405
f 6429//6405 6430//6406 2228//1987 2227//1986
f 6429//6405 6413//6389 6411//6387 6430//6406
f 6430//6406 6431//6407 6432//6408 2228//1987
f 6430//6406 6411//6387 6409//6385 6431//6407
f 6432//6408 5874//5850 5870//5846 5869//5845
f 6432//6408 5869//5845 2229//1988 2228//1987
f 6432//6408 6431//6407 6433//6409 5874//5850
f 6433//6409 5877//5853 5875//5851 5874//5850
f 6433//6409 6431//6407 6409//6385 6407//6383
f 6433//6409 6407//6383 5879//5855 5877//5853
f 6395//6371 5959//5935 5957//5933 5956//5932
f 6373//6349 6270//6246 6269//6245 5969//5945
f 6363//6339 2068//1809 2067//1808 6357//6333
f 6357//6333 2067//1808 2070//1812 6354//6330
f 6269//6245 5972//5948 5970//5946 5969//5945
f 6267//6243 1783//1478 1787//1482 5972//5948
f 6241//6217 6240//6216 6056//6032 6054//6030
f 6240//6216 6236//6212 6215//6191 6214//6190
f 6240//6216 6214//6190 6058//6034 6056//6032
f 6212//6188 6061//6037 6059//6035 6058//6034
f 6204//6180 6194//6170 6114//6090 6113//6089
f 6200//6176 2035//1771 6434//6410 6435//6411
f 6200//6176 6435//6411 6193//6169 6192//6168
f 6200//6176 6199//6175 2030//1765 2035//1771
f 6435//6411 6434//6410 6436//6412 6437//6413
f 6435//6411 6437//6413 6438//6414 6193//6169
f 6438//6414 6437//6413 6439//6415 6440//6416
f 6438//6414 6440//6416 6441//6417 6189//6165
f 6438//6414 6189//6165 6188//6164 6193//6169
f 6441//6417 6440//6416 6442//6418 6443//6419
f 6441//6417 6443//6419 6444//6420 6186//6162
f 6441//6417 6186//6162 6185//6161 6189//6165
f 6444//6420 6443//6419 6445//6421 6446//6422
f 6444//6420 6446//6422 6447//6423 6182//6158
f 6444//6420 6182//6158 6181//6157 6186//6162
f 6447//6423 6446//6422 6448//6424 6449//6425
f 6447//6423 6449//6425 6450//6426 6451//6427
f 6447//6423 6451//6427 6183//6159 6182//6158
f 6451//6427 6450//6426 1802//1500 1801//1499
f 6451//6427 1801//1499 1722//1410 6183//6159
f 6450//6426 6449//6425 6452//6428 6453//6429
f 6450//6426 6453//6429 6454//6430 1802//1500
f 6454//6430 6453//6429 6455//6431 2011//1743
f 6454//6430 2011//1743 2010//1742 6456//6432
f 6454//6430 6456//6432 1803//1501 1802//1500
f 6456//6432 2010//1742 2009//1741 6457//6433
f 6456//6432 6457//6433 1806//1504 1803//1501
f 6457//6433 2009//1741 6458//6434 6459//6435
f 6457//6433 6459//6435 6460//6436 1806//1504
f 6460//6436 6459//6435 6461//6437 6462//6438
f 6460//6436 6462//6438 6463//6439 6464//6440
f 6460//6436 6464//6440 1804//1502 1806//1504
f 6464//6440 6463//6439 1826//1528 1823//1524
f 6464//6440 1823//1524 1805//1503 1804//1502
f 6463//6439 6462//6438 6465//6441 6466//6442
f 6463//6439 6466//6442 6467//6443 1826//1528
f 6467//6443 6466//6442 6468//6444 6469//6445
f 6467//6443 6469//6445 6470//6446 1862//1569
f 6467//6443 1862//1569 1824//1525 1826//1528
f 6470//6446 6469//6445 1997//6447 1996//6448
f 6470//6446 1996//6448 1994//1727 1993//1726
f 6470//6446 1993//1726 1863//1570 1862//1569
f 6469//6445 6468//6444 6471//6449 1997//6447
f 6471//6449 6468//6444 6472//6450 6473//6451
f 6471//6449 6473//6451 6474//6452 6475//6453
f 6471//6449 6475//6453 1998//6454 1997//6447
f 6475//6453 6474//6452 1942//1666 1944//1668
f 6475//6453 1944//1668 1994//1727 1998//6454
f 6474//6452 6473//6451 6476//6455 6477//6456
f 6474//6452 6477//6456 1943//1667 1942//1666
f 6477//6456 6476//6455 2196//1954 2195//1953
f 6477//6456 2195//1953 6478//6457 1943//1667
f 6478//6457 2195//1953 2194//1952 2037//1774
f 6478//6457 2037//1774 2036//1773 6479//6458
f 6478//6457 6479//6458 1940//1663 1943//1667
f 6479//6458 2036//1773 2040//1777 6480//6459
f 6479//6458 6480//6459 1941//1664 1940//1663
f 6480//6459 2040//1777 6481//6460 6482//6461
f 6480//6459 6482//6461 1995//1728 1941//1664
f 6482//6461 6481//6460 6483//6462 6484//6463
f 6482//6461 6484//6463 1828//1530 1995//1728
f 6484//6463 6483//6462 1906//1621 1909//1624
f 6484//6463 1909//1624 1827//1529 1828//1530
f 6483//6462 6481//6460 6485//6464 6486//6465
f 6483//6462 6486//6465 1907//1622 1906//1621
f 6486//6465 6485//6464 6487//6466 6488//6467
f 6486//6465 6488//6467 6489//6468 1907//1622
f 6489//6468 6488//6467 6490//6469 2007//1739
f 6489//6468 2007//1739 2006//1738 1945//1669
f 6489//6468 1945//1669 1908//1623 1907//1622
f 6490//6469 6491//6470 6492//6471 6493//6472
f 6490//6469 6493//6472 2008//1740 2007//1739
f 6490//6469 6488//6467 6487//6466 6491//6470
f 6493//6472 6492//6471 6494//6473 6458//6434
f 6493//6472 6458//6434 2009//1741 2008//1740
f 6494//6473 6492//6471 6495//6474 6496//6475
f 6494//6473 6496//6475 6497//6476 6461//6437
f 6494//6473 6461//6437 6459//6435 6458//6434
f 6497//6476 6496//6475 2197//1955 6498//6477
f 6497//6476 6498//6477 6472//6450 6465//6441
f 6497//6476 6465//6441 6462//6438 6461//6437
f 6498//6477 2197//1955 2196//1954 6476//6455
f 6498//6477 6476//6455 6473//6451 6472//6450
f 6496//6475 6495//6474 2198//1956 2197//1955
f 6495//6474 6492//6471 6491//6470 6499//6478
f 6495//6474 6499//6478 2199//1957 2198//1956
f 6499//6478 6491//6470 6487//6466 2041//1778
f 6499//6478 2041//1778 2038//1775 2199//1957
f 6487//6466 6485//6464 2039//1776 2041//1778
f 6485//6464 6481//6460 2040//1777 2039//1776
f 6472//6450 6468//6444 6466//6442 6465//6441
f 6455//6431 6500//6479 6501//6480 6502//6481
f 6455//6431 6502//6481 2012//1744 2011//1743
f 6455//6431 6453//6429 6452//6428 6500//6479
f 6502//6481 6501//6480 6503//6482 6504//6483
f 6502//6481 6504//6483 6505//6484 2012//1744
f 6505//6484 6504//6483 6506//6485 6507//6486
f 6505//6484 6507//6486 2014//1747 2013//1746
f 6505//6484 2013//1746 301//1737 2012//1744
f 6507//6486 6506//6485 5740//5716 6508//6487
f 6507//6486 6508//6487 6509//6488 2014//1747
f 6509//6488 6508//6487 6510//6489 6511//6490
f 6509//6488 6511//6490 6512//6491 6513//6492
f 6509//6488 6513//6492 2015//1748 2014//1747
f 6513//6492 6512//6491 2147//1901 6514//6493
f 6513//6492 6514//6493 2016//1749 2015//1748
f 6514//6493 2147//1901 2146//1900 6515//6494
f 6514//6493 6515//6494 6516//6495 2016//1749
f 6516//6495 6515//6494 6517//6496 6518//6497
f 6516//6495 6518//6497 6519//6498 6520//6499
f 6516//6495 6520//6499 2017//1750 2016//1749
f 6520//6499 6519//6498 6521//6500 6522//6501
f 6520//6499 6522//6501 1951//1675 2017//1750
f 6522//6501 6521//6500 6523//6502 6524//6503
f 6522//6501 6524//6503 1947//1671 1951//1675
f 6524//6503 6523//6502 6525//6504 6526//6505
f 6524//6503 6526//6505 1948//1672 1947//1671
f 6526//6505 6525//6504 6527//6506 6528//6507
f 6526//6505 6528//6507 6529//6508 1948//1672
f 6529//6508 6528//6507 6530//6509 6531//6510
f 6529//6508 6531//6510 2044//1781 2042//1779
f 6529//6508 2042//1779 1949//1673 1948//1672
f 6531//6510 6530//6509 2144//1898 2141//1895
f 6531//6510 2141//1895 2140//1894 2044//1781
f 6530//6509 2260//2025 2259//2024 2144//1898
f 6530//6509 6528//6507 6527//6506 2260//2025
f 6527//6506 6532//6511 2221//2026 2260//2025
f 6527//6506 6525//6504 6533//6512 6532//6511
f 6533//6512 6534//6513 6535//6514 6532//6511
f 6533//6512 6525//6504 6523//6502 6536//6515
f 6533//6512 6536//6515 2150//6516 6534//6513
f 6536//6515 6523//6502 6521//6500 6537//6517
f 6536//6515 6537//6517 2151//6518 2150//6516
f 6537//6517 6521//6500 6519//6498 6538//6519
f 6537//6517 6538//6519 2200//6520 2151//6518
f 6538//6519 6519//6498 6518//6497 6539//6521
f 6538//6519 6539//6521 6540//6522 2200//6520
f 6540//6522 6539//6521 6541//6523 6542//6524
f 6540//6522 6542//6524 6543//6525 6544//6526
f 6540//6522 6544//6526 2149//6527 2200//6520
f 6544//6526 6543//6525 6535//6514 6534//6513
f 6544//6526 6534//6513 2150//6516 2149//6527
f 6543//6525 6542//6524 2258//2022 2243//2021
f 6543//6525 2243//2021 2222//6528 6535//6514
f 6542//6524 6541//6523 2276//2044 2258//2022
f 6541//6523 6517//6496 2148//1902 2276//2044
f 6541//6523 6539//6521 6518//6497 6517//6496
f 6535//6514 2222//6528 2221//2026 6532//6511
f 6517//6496 6515//6494 2146//1900 2148//1902
f 6512//6491 6511//6490 6545//6529 6546//6530
f 6512//6491 6546//6530 2142//1896 2147//1901
f 6546//6530 6545//6529 6547//6531 6548//6532
f 6546//6530 6548//6532 2143//1897 2142//1896
f 6548//6532 6547//6531 6549//6533 2075//1818
f 6548//6532 2075//1818 312//1817 2143//1897
f 6549//6533 6550//6534 6551//6535 6552//6536
f 6549//6533 6552//6536 2076//1819 2075//1818
f 6549//6533 6547//6531 6553//6537 6550//6534
f 6553//6537 5736//5712 6554//6538 6550//6534
f 6553//6537 6547//6531 6545//6529 6555//6539
f 6553//6537 6555//6539 5737//5713 5736//5712
f 6555//6539 6545//6529 6511//6490 6510//6489
f 6555//6539 6510//6489 5738//5714 5737//5713
f 6554//6538 5733//5709 6556//6540 6557//6541
f 6554//6538 6557//6541 6551//6535 6550//6534
f 6554//6538 5736//5712 5734//5710 5733//5709
f 6557//6541 6556//6540 6558//6542 6559//6543
f 6557//6541 6559//6543 6560//6544 6551//6535
f 6560//6544 6559//6543 6561//6545 6562//6546
f 6560//6544 6562//6546 6563//6547 6564//6548
f 6560//6544 6564//6548 6552//6536 6551//6535
f 6564//6548 6563//6547 1879//1589 6565//6549
f 6564//6548 6565//6549 2076//1819 6552//6536
f 6565//6549 1879//1589 1878//1588 6566//6550
f 6565//6549 6566//6550 2077//1820 2076//1819
f 6566//6550 1878//1588 1881//1591 6567//6551
f 6566//6550 6567//6551 2078//1821 2077//1820
f 6567//6551 1881//1591 6568//6552 6569//6553
f 6567//6551 6569//6553 6570//6554 2078//1821
f 6570//6554 6569//6553 6571//6555 6572//6556
f 6570//6554 6572//6556 6573//6557 6574//6558
f 6570//6554 6574//6558 2079//1822 2078//1821
f 6574//6558 6573//6557 6575//6559 6576//6560
f 6574//6558 6576//6560 2080//1823 2079//1822
f 6576//6560 6575//6559 6577//6561 6578//6562
f 6576//6560 6578//6562 6579//6563 2080//1823
f 6579//6563 6578//6562 1956//1682 1955//1681
f 6579//6563 1955//1681 1957//1683 6580//6564
f 6579//6563 6580//6564 2081//1824 2080//1823
f 6580//6564 1957//1683 2044//1781 2140//1894
f 6580//6564 2140//1894 2139//1893 2081//1824
f 6578//6562 6577//6561 6581//6565 1956//1682
f 6581//6565 6577//6561 6582//6566 6583//6567
f 6581//6565 6583//6567 6584//6568 6585//6569
f 6581//6565 6585//6569 1953//1678 1956//1682
f 6585//6569 6584//6568 6586//6570 6587//6571
f 6585//6569 6587//6571 1813//1512 1953//1678
f 6587//6571 6586//6570 6588//6572 6589//6573
f 6587//6571 6589//6573 1810//1509 1813//1512
f 6589//6573 6588//6572 6590//6574 6591//6575
f 6589//6573 6591//6575 1811//1510 1810//1509
f 6591//6575 6590//6574 6592//6576 6593//6577
f 6591//6575 6593//6577 6594//6578 1811//1510
f 6594//6578 6593//6577 6595//6579 6568//6552
f 6594//6578 6568//6552 1881//1591 1877//1587
f 6594//6578 1877//1587 1812//1511 1811//1510
f 6595//6579 6596//6580 6597//6581 6571//6555
f 6595//6579 6571//6555 6569//6553 6568//6552
f 6595//6579 6593//6577 6592//6576 6596//6580
f 6597//6581 6596//6580 2085//1829 2087//1831
f 6597//6581 2087//1831 2248//2009 2247//2008
f 6597//6581 2247//2008 6572//6556 6571//6555
f 6596//6580 6592//6576 2086//1830 2085//1829
f 6592//6576 6590//6574 2019//1753 2086//1830
f 6590//6574 6588//6572 2020//1754 2019//1753
f 6588//6572 6586//6570 2021//1755 2020//1754
f 6586//6570 6584//6568 2112//1858 2021//1755
f 6584//6568 6583//6567 2113//1859 2112//1858
f 6583//6567 6582//6566 6598//6582 2113//1859
f 6598//6582 6582//6566 2245//2006 2244//2005
f 6598//6582 2244//2005 2249//2010 6599//6583
f 6598//6582 6599//6583 2114//1860 2113//1859
f 6599//6583 2249//2010 2084//1828 2083//1827
f 6599//6583 2083//1827 2023//1757 2114//1860
f 6582//6566 6577//6561 6575//6559 2245//2006
f 6575//6559 6573//6557 2246//2007 2245//2006
f 6573//6557 6572//6556 2247//2008 2246//2007
f 6563//6547 6562//6546 6600//6584 6601//6585
f 6563//6547 6601//6585 1880//1590 1879//1589
f 6601//6585 6600//6584 6602//6586 2046//1784
f 6601//6585 2046//1784 2045//1783 1880//1590
f 6602//6586 6603//6587 6604//6588 6605//6589
f 6602//6586 6605//6589 2047//1785 2046//1784
f 6602//6586 6600//6584 6606//6590 6603//6587
f 6606//6590 6607//6591 6608//6592 6603//6587
f 6606//6590 6600//6584 6562//6546 6561//6545
f 6606//6590 6561//6545 6609//6593 6607//6591
f 6609//6593 6610//6594 6611//6595 6607//6591
f 6609//6593 6561//6545 6559//6543 6558//6542
f 6609//6593 6558//6542 6612//6596 6610//6594
f 6612//6596 6613//6597 6614//6598 6610//6594
f 6612//6596 6558//6542 6556//6540 6615//6599
f 6612//6596 6615//6599 5728//5703 6613//6597
f 6615//6599 6556//6540 5733//5709 5731//5707
f 6615//6599 5731//5707 5729//5704 5728//5703
f 6614//6598 5721//5696 5719//5694 6616//6600
f 6614//6598 6616//6600 6611//6595 6610//6594
f 6614//6598 6613//6597 5723//5698 5721//5696
f 6616//6600 5719//5694 5718//5693 6617//6601
f 6616//6600 6617//6601 6618//6602 6611//6595
f 6618//6602 6617//6601 6619//6603 6620//6604
f 6618//6602 6620//6604 6621//6605 6608//6592
f 6618//6602 6608//6592 6607//6591 6611//6595
f 6621//6605 6620//6604 6622//6606 6623//6607
f 6621//6605 6623//6607 6624//6608 6604//6588
f 6621//6605 6604//6588 6603//6587 6608//6592
f 6624//6608 6623//6607 6625//6609 6626//6610
f 6624//6608 6626//6610 6627//6611 6628//6612
f 6624//6608 6628//6612 6605//6589 6604//6588
f 6628//6612 6627//6611 2170//1924 2048//1786
f 6628//6612 2048//1786 2047//1785 6605//6589
f 6627//6611 6626//6610 6629//6613 6630//6614
f 6627//6611 6630//6614 2171//1925 2170//1924
f 6630//6614 6629//6613 6631//6615 6632//6616
f 6630//6614 6632//6616 6633//6617 2171//1925
f 6633//6617 6632//6616 6634//6618 6635//6619
f 6633//6617 6635//6619 2099//1844 2167//1921
f 6633//6617 2167//1921 325//1917 2171//1925
f 6635//6619 6634//6618 6636//6620 6637//6621
f 6635//6619 6637//6621 2100//1845 2099//1844
f 6637//6621 6636//6620 6638//6622 6639//6623
f 6637//6621 6639//6623 6640//6624 2100//1845
f 6640//6624 6639//6623 6641//6625 2178//1933
f 6640//6624 2178//1933 2177//1932 6642//6626
f 6640//6624 6642//6626 2101//1846 2100//1845
f 6642//6626 2177//1932 2176//1931 6643//6627
f 6642//6626 6643//6627 2105//1850 2101//1846
f 6643//6627 2176//1931 2292//2063 6644//6628
f 6643//6627 6644//6628 2251//2013 2105//1850
f 6644//6628 2292//2063 2289//2060 6645//6629
f 6644//6628 6645//6629 2252//2014 2251//2013
f 6645//6629 2289//2060 2288//2059 6646//6630
f 6645//6629 6646//6630 2255//2017 2252//2014
f 6646//6630 2288//2059 2234//1995 6647//6631
f 6646//6630 6647//6631 2185//1941 2255//2017
f 6647//6631 2234//1995 2233//1994 6648//6632
f 6647//6631 6648//6632 2183//1939 2185//1941
f 6648//6632 2233//1994 2237//1998 6649//6633
f 6648//6632 6649//6633 2184//1940 2183//1939
f 6649//6633 2237//1998 6650//6634 6651//6635
f 6649//6633 6651//6635 1986//1718 2184//1940
f 6651//6635 6650//6634 2026//1760 2025//1759
f 6651//6635 2025//1759 1980//1712 1986//1718
f 6650//6634 2237//1998 2236//1997 6652//6636
f 6650//6634 6652//6636 2027//1761 2026//1760
f 6652//6636 2236//1997 2238//1999 6653//6637
f 6652//6636 6653//6637 6654//6638 2027//1761
f 6654//6638 6653//6637 2174//1929 2173//1928
f 6654//6638 2173//1928 2090//1835 2089//1834
f 6654//6638 2089//1834 2028//1762 2027//1761
f 6653//6637 2238//1999 2291//2062 2174//1929
f 6641//6625 5683//5658 5679//5654 5678//5653
f 6641//6625 5678//5653 2179//1934 2178//1933
f 6641//6625 6639//6623 6638//6622 5683//5658
f 6638//6622 5688//5663 5684//5659 5683//5658
f 6638//6622 6636//6620 6655//6639 5688//5663
f 6655//6639 5693//5668 5689//5664 5688//5663
f 6655//6639 6636//6620 6634//6618 6656//6640
f 6655//6639 6656//6640 6657//6641 5693//5668
f 6657//6641 5698//5673 5694//5669 5693//5668
f 6657//6641 6656//6640 6631//6615 6658//6642
f 6657//6641 6658//6642 6659//6643 5698//5673
f 6659//6643 5702//5677 5699//5674 5698//5673
f 6659//6643 6658//6642 6660//6644 6661//6645
f 6659//6643 6661//6645 6662//6646 5702//5677
f 6662//6646 5707//5682 5703//5678 5702//5677
f 6662//6646 6661//6645 6663//6647 6664//6648
f 6662//6646 6664//6648 6665//6649 5707//5682
f 6665//6649 5710//5685 5708//5683 5707//5682
f 6665//6649 6664//6648 6666//6650 6667//6651
f 6665//6649 6667//6651 5712//5687 5710//5685
f 6667//6651 6666//6650 6619//6603 5717//5692
f 6667//6651 5717//5692 5714//5689 5712//5687
f 6666//6650 6664//6648 6663//6647 6622//6606
f 6666//6650 6622//6606 6620//6604 6619//6603
f 6663//6647 6661//6645 6660//6644 6625//6609
f 6663//6647 6625//6609 6623//6607 6622//6606
f 6660//6644 6658//6642 6631//6615 6629//6613
f 6660//6644 6629//6613 6626//6610 6625//6609
f 6656//6640 6634//6618 6632//6616 6631//6615
f 6619//6603 6617//6601 5718//5693 5717//5692
f 6613//6597 5728//5703 5725//5700 5723//5698
f 6510//6489 6508//6487 5740//5716 5738//5714
f 6506//6485 5743//5719 5741//5717 5740//5716
f 6506//6485 6504//6483 6503//6482 5743//5719
f 6503//6482 5747//5723 5744//5720 5743//5719
f 6503//6482 6501//6480 6668//6652 5747//5723
f 6668//6652 5752//5728 5748//5724 5747//5723
f 6668//6652 6501//6480 6500//6479 6669//6653
f 6668//6652 6669//6653 6670//6654 5752//5728
f 6670//6654 5755//5731 5753//5729 5752//5728
f 6670//6654 6669//6653 6671//6655 6672//6656
f 6670//6654 6672//6656 5757//5733 5755//5731
f 6672//6656 6671//6655 6448//6424 6673//6657
f 6672//6656 6673//6657 6674//6658 5757//5733
f 6674//6658 5760//5736 5758//5734 5757//5733
f 6674//6658 6673//6657 6445//6421 6675//6659
f 6674//6658 6675//6659 6676//6660 5760//5736
f 6676//6660 5763//5739 5761//5737 5760//5736
f 6676//6660 6675//6659 6442//6418 6677//6661
f 6676//6660 6677//6661 6678//6662 5763//5739
f 6678//6662 5767//5743 5764//5740 5763//5739
f 6678//6662 6677//6661 6439//6415 6679//6663
f 6678//6662 6679//6663 6680//6664 5767//5743
f 6680//6664 5772//5748 5768//5744 5767//5743
f 6680//6664 6679//6663 6436//6412 2242//2003
f 6680//6664 2242//2003 2217//1977 5772//5748
f 6679//6663 6439//6415 6437//6413 6436//6412
f 6677//6661 6442//6418 6440//6416 6439//6415
f 6675//6659 6445//6421 6443//6419 6442//6418
f 6673//6657 6448//6424 6446//6422 6445//6421
f 6671//6655 6669//6653 6500//6479 6452//6428
f 6671//6655 6452//6428 6449//6425 6448//6424
f 6436//6412 6434//6410 2215//1975 2242//2003
f 6434//6410 2035//1771 2034//1770 2215//1975
f 6199//6175 6198//6174 2031//1766 2030//1765
f 6194//6170 6190//6166 6116//6092 6114//6090
f 6105//6081 6103//6079 6062//6038 6061//6037
f 6090//6066 6087//6063 1856//1562 1858//1564
f 6083//6059 6082//6058 1602//1271 1601//1270
f 6083//6059 1601//1270 1600//1269 6077//6053
f 6077//6053 1600//1269 1661//1340 1667//1346
f 6039//6015 6681//6665 1655//1333 1654//1332
f 6039//6015 1789//1485 1788//1484 6681//6665
f 6681//6665 6682//6666 1656//1334 1655//1333
f 6681//6665 1788//1484 1792//1488 6682//6666
f 6682//6666 6683//6667 6009//5985 1656//1334
f 6682//6666 1792//1488 1676//1356 6683//6667
f 6683//6667 6012//5988 6010//5986 6009//5985
f 6683//6667 1676//1356 1675//1355 6012//5988
f 6023//5999 1616//1288 1615//1287 1589//1257
f 6018//5994 6016//5992 1680//1361 1679//1360
f 6013//5989 6012//5988 1675//1355 1674//1354
f 6009//5985 6007//5983 1648//1326 1656//1334
f 6007//5983 6006//5982 1649//1327 1648//1326
f 6006//5982 6005//5981 1782//1477 1649//1327
f 6005//5981 6684//6668 1778//1473 1782//1477
f 6005//5981 6002//5978 6000//5976 6684//6668
f 6684//6668 5994//5970 1779//1474 1778//1473
f 6684//6668 6000//5976 5996//5972 5994//5970
f 5986//5962 1629//1302 1628//1301 5984//5960
f 5982//5958 1628//1301 241//1297 1737//1426
f 5942//5918 1919//1637 1921//1639 1976//1706
f 5938//5914 5937//5913 1837//1540 1836//1539
f 5931//5907 5929//5905 5928//5904 6685//6669
f 5931//5907 6685//6669 6686//6670 6687//6671
f 5931//5907 6687//6671 1756//1448 1760//1452
f 6687//6671 5904//5880 1757//1449 1756//1448
f 6687//6671 6686//6670 5906//5882 5904//5880
f 6686//6670 6685//6669 1913//1630 1915//1632
f 6686//6670 1915//1632 5911//5887 5906//5882
f 6685//6669 5928//5904 1876//1585 1913//1630
f 5928//5904 5926//5902 1871//1580 1876//1585
f 5926//5902 5917//5893 1872//1581 1871//1580
f 5920//5896 1999//1730 1889//1601 1888//1600
f 5912//5888 5911//5887 1915//1632 1914//1631
f 5873//5849 5633//5607 5632//5606 6688//6672
f 5873//5849 6688//6672 5868//5844 5867//5843
f 5873//5849 5872//5848 5634//5608 5633//5607
f 6688//6672 5632//5606 6689//6673 6690//6674
f 6688//6672 6690//6674 2356//2141 5868//5844
f 6690//6674 6689//6673 6691//6675 6692//6676
f 6690//6674 6692//6676 2354//2139 2356//2141
f 6692//6676 6691//6675 5618//5592 6693//6677
f 6692//6676 6693//6677 2355//2140 2354//2139
f 6693//6677 5618//5592 5616//5590 5615//5589
f 6693//6677 5615//5589 5847//5823 2355//2140
f 6691//6675 5621//5595 5619//5593 5618//5592
f 6691//6675 6689//6673 5629//5603 5621//5595
f 6689//6673 5632//5606 5630//5604 5629//5603
f 5869//5845 5863//5839 2230//1989 2229//1988
f 5868//5844 2356//2141 2351//2135 5865//5841
f 5861//5837 2328//2110 2308//2086 2231//1990
f 5858//5834 5857//5833 2326//2108 2328//2110
f 5835//5811 5602//5576 5600//5574 6694//6678
f 5835//5811 6694//6678 5831//5807 5830//5806
f 5835//5811 5834//5810 5604//5578 5602//5576
f 6694//6678 5600//5574 5598//5572 5597//5571
f 6694//6678 5597//5571 6695//6679 5831//5807
f 6695//6679 5597//5571 5595//5569 5594//5568
f 6695//6679 5594//5568 6696//6680 5827//5803
f 6695//6679 5827//5803 5826//5802 5831//5807
f 6696//6680 5594//5568 5592//5566 6697//6681
f 6696//6680 6697//6681 6698//6682 6699//6683
f 6696//6680 6699//6683 5828//5804 5827//5803
f 6699//6683 6698//6682 6700//6684 2400//2192
f 6699//6683 2400//2192 2397//2189 5828//5804
f 6700//6684 6698//6682 6701//6685 6702//6686
f 6700//6684 6702//6686 6703//6687 6704//6688
f 6700//6684 6704//6688 2401//2193 2400//2192
f 6704//6688 6703//6687 6705//6689 6706//6690
f 6704//6688 6706//6690 2402//2194 2401//2193
f 6706//6690 6705//6689 6707//6691 6708//6692
f 6706//6690 6708//6692 6709//6693 2402//2194
f 6709//6693 6708//6692 6710//6694 2458//2264
f 6709//6693 2458//2264 381//2248 2446//2247
f 6709//6693 2446//2247 2403//2195 2402//2194
f 6710//6694 6708//6692 6707//6691 6711//6695
f 6710//6694 6711//6695 6712//6696 6713//6697
f 6710//6694 6713//6697 2459//2265 2458//2264
f 6713//6697 6712//6696 6714//6698 6715//6699
f 6713//6697 6715//6699 2474//2282 2459//2265
f 6715//6699 6714//6698 4812//4786 6716//6700
f 6715//6699 6716//6700 2475//2283 2474//2282
f 6716//6700 4812//4786 4808//4782 4807//4781
f 6716//6700 4807//4781 6717//6701 2475//2283
f 6717//6701 4807//4781 4803//4777 4802//4776
f 6717//6701 4802//4776 6718//6702 6719//6703
f 6717//6701 6719//6703 2476//2284 2475//2283
f 6719//6703 6718//6702 6720//6704 6721//6705
f 6719//6703 6721//6705 6722//6706 2476//2284
f 6722//6706 6723//6707 384//2249 2476//2284
f 6722//6706 6721//6705 6724//6708 6725//6709
f 6722//6706 6725//6709 6726//6710 6723//6707
f 6726//6710 6727//6711 6728//6712 6723//6707
f 6726//6710 6725//6709 6729//6713 6730//6714
f 6726//6710 6730//6714 6731//6715 6727//6711
f 6731//6715 6730//6714 6732//6716 6733//6717
f 6731//6715 6733//6717 6734//6718 6735//6719
f 6731//6715 6735//6719 6736//6720 6727//6711
f 6736//6720 6737//6721 6728//6712 6727//6711
f 6736//6720 6735//6719 6738//6722 6739//6723
f 6736//6720 6739//6723 6740//6724 6737//6721
f 6740//6724 6741//6725 2420//2215 6737//6721
f 6740//6724 6739//6723 6742//6726 6743//6727
f 6740//6724 6743//6727 6744//6728 6741//6725
f 6744//6728 6745//6729 6746//6730 6741//6725
f 6744//6728 6743//6727 6747//6731 6748//6732
f 6744//6728 6748//6732 6749//6733 6745//6729
f 6749//6733 6750//6734 6751//6735 6745//6729
f 6749//6733 6748//6732 2477//2285 6752//6736
f 6749//6733 6752//6736 6753//6737 6750//6734
f 6753//6737 6754//6738 6755//6739 6750//6734
f 6753//6737 6752//6736 2457//2263 2522//2335
f 6753//6737 2522//2335 2521//2334 6754//6738
f 6755//6739 6756//6740 6757//6741 6758//6742
f 6755//6739 6758//6742 6751//6735 6750//6734
f 6755//6739 6754//6738 6759//6743 6756//6740
f 6759//6743 6760//6744 6761//6745 6756//6740
f 6759//6743 6754//6738 2521//2334 2523//2336
f 6759//6743 2523//2336 6762//6746 6760//6744
f 6761//6745 6763//6747 4834//4808 6764//6748
f 6761//6745 6764//6748 6757//6741 6756//6740
f 6761//6745 6760//6744 6765//6749 6763//6747
f 6765//6749 6766//6750 4838//4812 6763//6747
f 6765//6749 6760//6744 6762//6746 6767//6751
f 6765//6749 6767//6751 6768//6752 6766//6750
f 6768//6752 6769//6753 4843//4817 6766//6750
f 6768//6752 6767//6751 6770//6754 6771//6755
f 6768//6752 6771//6755 6772//6756 6769//6753
f 6772//6756 6773//6757 4848//4822 6769//6753
f 6772//6756 6771//6755 6774//6758 6775//6759
f 6772//6756 6775//6759 6776//6760 6773//6757
f 6776//6760 6777//6761 4853//4827 6773//6757
f 6776//6760 6775//6759 6778//6762 6779//6763
f 6776//6760 6779//6763 6780//6764 6777//6761
f 6780//6764 6781//6765 4858//4832 6777//6761
f 6780//6764 6779//6763 6782//6766 6783//6767
f 6780//6764 6783//6767 6784//6768 6781//6765
f 6784//6768 6785//6769 4863//4837 6781//6765
f 6784//6768 6783//6767 6786//6770 6787//6771
f 6784//6768 6787//6771 6788//6772 6785//6769
f 6788//6772 6789//6773 4868//4842 6785//6769
f 6788//6772 6787//6771 4696//4670 4694//4668
f 6788//6772 4694//4668 4692//4666 6789//6773
f 6789//6773 4873//4847 4869//4843 4868//4842
f 6789//6773 4692//4666 4691//4665 4873//4847
f 6787//6771 6786//6770 6790//6774 4696//4670
f 6790//6774 6786//6770 6791//6775 6792//6776
f 6790//6774 6792//6776 4701//4675 4699//4673
f 6790//6774 4699//4673 4697//4671 4696//4670
f 6792//6776 6791//6775 6793//6777 6794//6778
f 6792//6776 6794//6778 4703//4677 4701//4675
f 6794//6778 6793//6777 6795//6779 6796//6780
f 6794//6778 6796//6780 4705//4679 4703//4677
f 6796//6780 6795//6779 6797//6781 6798//6782
f 6796//6780 6798//6782 4707//4681 4705//4679
f 6798//6782 6797//6781 6799//6783 6800//6784
f 6798//6782 6800//6784 4709//4683 4707//4681
f 6800//6784 6799//6783 6801//6785 4715//4689
f 6800//6784 4715//4689 4711//4685 4709//4683
f 6801//6785 6799//6783 6802//6786 6803//6787
f 6801//6785 6803//6787 6804//6788 4718//4692
f 6801//6785 4718//4692 4716//4690 4715//4689
f 6804//6788 6803//6787 2547//2364 2545//2361
f 6804//6788 2545//2361 2544//2360 6805//6789
f 6804//6788 6805//6789 4719//4693 4718//4692
f 6805//6789 2544//2360 6806//6790 6807//6791
f 6805//6789 6807//6791 4720//4694 4719//4693
f 6807//6791 6806//6790 6808//6792 6809//6793
f 6807//6791 6809//6793 4722//4696 4720//4694
f 6809//6793 6808//6792 6810//6794 6811//6795
f 6809//6793 6811//6795 4728//4702 4722//4696
f 6811//6795 6810//6794 6812//6796 4731//4705
f 6811//6795 4731//4705 4729//4703 4728//4702
f 6812//6796 6810//6794 6813//6797 6814//6798
f 6812//6796 6814//6798 6815//6799 4734//4708
f 6812//6796 4734//4708 4732//4706 4731//4705
f 6815//6799 6814//6798 6816//6800 6817//6801
f 6815//6799 6817//6801 6818//6802 4737//4711
f 6815//6799 4737//4711 4735//4709 4734//4708
f 6818//6802 6817//6801 6819//6803 6820//6804
f 6818//6802 6820//6804 6821//6805 4740//4714
f 6818//6802 4740//4714 4738//4712 4737//4711
f 6821//6805 6820//6804 6822//6806 6823//6807
f 6821//6805 6823//6807 6824//6808 4743//4717
f 6821//6805 4743//4717 4741//4715 4740//4714
f 6824//6808 6823//6807 6825//6809 6826//6810
f 6824//6808 6826//6810 6827//6811 4746//4720
f 6824//6808 4746//4720 4744//4718 4743//4717
f 6827//6811 6826//6810 6828//6812 2705//2546
f 6827//6811 2705//2546 2704//2545 4749//4723
f 6827//6811 4749//4723 4747//4721 4746//4720
f 6828//6812 6829//6813 2636//2467 2649//2482
f 6828//6812 2649//2482 2701//2542 2705//2546
f 6828//6812 6826//6810 6825//6809 6829//6813
f 6829//6813 6830//6814 2637//2468 2636//2467
f 6829//6813 6825//6809 6831//6815 6830//6814
f 6831//6815 6832//6816 6833//6817 6830//6814
f 6831//6815 6825//6809 6823//6807 6822//6806
f 6831//6815 6822//6806 6834//6818 6832//6816
f 6834//6818 6835//6819 6836//6820 6832//6816
f 6834//6818 6822//6806 6820//6804 6819//6803
f 6834//6818 6819//6803 6837//6821 6835//6819
f 6837//6821 6838//6822 6839//6823 6835//6819
f 6837//6821 6819//6803 6817//6801 6816//6800
f 6837//6821 6816//6800 6840//6824 6838//6822
f 6840//6824 6841//6825 6842//6826 6838//6822
f 6840//6824 6816//6800 6814//6798 6813//6797
f 6840//6824 6813//6797 6843//6827 6841//6825
f 6843//6827 2442//2242 385//2241 6841//6825
f 6843//6827 6813//6797 6810//6794 6808//6792
f 6843//6827 6808//6792 6806//6790 2442//2242
f 6842//6826 2478//2286 6747//6731 6844//6828
f 6842//6826 6844//6828 6839//6823 6838//6822
f 6842//6826 6841//6825 385//2241 2478//2286
f 6844//6828 6747//6731 6743//6727 6742//6726
f 6844//6828 6742//6726 6845//6829 6839//6823
f 6845//6829 6742//6726 6739//6723 6738//6722
f 6845//6829 6738//6722 6846//6830 6836//6820
f 6845//6829 6836//6820 6835//6819 6839//6823
f 6846//6830 6738//6722 6735//6719 6734//6718
f 6846//6830 6734//6718 6847//6831 6833//6817
f 6846//6830 6833//6817 6832//6816 6836//6820
f 6847//6831 6734//6718 6733//6717 6848//6832
f 6847//6831 6848//6832 2633//2464 2637//2468
f 6847//6831 2637//2468 6830//6814 6833//6817
f 6848//6832 6733//6717 6732//6716 6849//6833
f 6848//6832 6849//6833 2634//2465 2633//2464
f 6849//6833 6732//6716 6850//6834 6851//6835
f 6849//6833 6851//6835 6852//6836 2634//2465
f 6852//6836 6851//6835 6853//6837 6854//6838
f 6852//6836 6854//6838 6855//6839 6856//6840
f 6852//6836 6856//6840 2635//2466 2634//2465
f 6856//6840 6855//6839 6857//6841 6858//6842
f 6856//6840 6858//6842 2638//2469 2635//2466
f 6858//6842 6857//6841 6859//6843 6860//6844
f 6858//6842 6860//6844 6861//6845 2638//2469
f 6861//6845 2702//2543 2639//2470 2638//2469
f 6861//6845 6860//6844 6862//6846 6863//6847
f 6861//6845 6863//6847 2703//2544 2702//2543
f 6863//6847 6862//6846 4756//4730 6864//6848
f 6863//6847 6864//6848 2706//2547 2703//2544
f 6864//6848 4756//4730 4753//4727 4751//4725
f 6864//6848 4751//4725 4750//4724 2706//2547
f 6862//6846 6860//6844 6859//6843 4759//4733
f 6862//6846 4759//4733 4757//4731 4756//4730
f 6859//6843 6857//6841 6865//6849 4762//4736
f 6859//6843 4762//4736 4760//4734 4759//4733
f 6865//6849 6857//6841 6855//6839 6866//6850
f 6865//6849 6866//6850 4767//4741 4765//4739
f 6865//6849 4765//4739 4763//4737 4762//4736
f 6866//6850 6855//6839 6854//6838 6867//6851
f 6866//6850 6867//6851 4769//4743 4767//4741
f 6867//6851 6854//6838 6853//6837 6868//6852
f 6867//6851 6868//6852 4776//4750 4769//4743
f 6868//6852 6853//6837 6869//6853 6870//6854
f 6868//6852 6870//6854 4777//4751 4776//4750
f 6870//6854 6869//6853 6871//6855 6872//6856
f 6870//6854 6872//6856 4784//4758 4777//4751
f 6872//6856 6871//6855 6724//6708 6873//6857
f 6872//6856 6873//6857 4785//4759 4784//4758
f 6873//6857 6724//6708 6721//6705 6720//6704
f 6873//6857 6720//6704 4792//4766 4785//4759
f 6871//6855 6729//6713 6725//6709 6724//6708
f 6871//6855 6869//6853 6850//6834 6729//6713
f 6869//6853 6853//6837 6851//6835 6850//6834
f 6850//6834 6732//6716 6730//6714 6729//6713
f 6806//6790 2544//2360 2443//2243 2442//2242
f 6803//6787 6802//6786 6874//6858 2547//2364
f 6874//6858 6875//6859 6876//6860 2557//2375
f 6874//6858 2557//2375 2546//2362 2547//2364
f 6874//6858 6802//6786 6877//6861 6875//6859
f 6877//6861 6878//6862 6879//6863 6875//6859
f 6877//6861 6802//6786 6799//6783 6797//6781
f 6877//6861 6797//6781 6795//6779 6878//6862
f 6879//6863 6778//6762 6775//6759 6774//6758
f 6879//6863 6774//6758 6876//6860 6875//6859
f 6879//6863 6878//6862 6880//6864 6778//6762
f 6880//6864 6782//6766 6779//6763 6778//6762
f 6880//6864 6878//6862 6795//6779 6793//6777
f 6880//6864 6793//6777 6791//6775 6782//6766
f 6876//6860 6774//6758 6771//6755 6770//6754
f 6876//6860 6770//6754 2558//2376 2557//2375
f 6791//6775 6786//6770 6783//6767 6782//6766
f 6785//6769 4868//4842 4864//4838 4863//4837
f 6781//6765 4863//4837 4859//4833 4858//4832
f 6777//6761 4858//4832 4854//4828 4853//4827
f 6773//6757 4853//4827 4849//4823 4848//4822
f 6770//6754 6767//6751 6762//6746 2558//2376
f 6769//6753 4848//4822 4844//4818 4843//4817
f 6766//6750 4843//4817 4839//4813 4838//4812
f 6764//6748 4834//4808 4832//4806 4831//4805
f 6764//6748 4831//4805 2486//2295 6757//6741
f 6763//6747 4838//4812 4835//4809 4834//4808
f 6758//6742 6757//6741 2486//2295 2485//2294
f 6758//6742 2485//2294 6881//6865 6751//6735
f 6881//6865 2485//2294 2484//2293 2421//2216
f 6881//6865 2421//2216 374//2212 6746//6730
f 6881//6865 6746//6730 6745//6729 6751//6735
f 6752//6736 2477//2285 2444//2244 2457//2263
f 6748//6732 6747//6731 2478//2286 2477//2285
f 6746//6730 374//2212 2420//2215 6741//6725
f 6737//6721 2420//2215 2419//2214 6728//6712
f 6728//6712 2419//2214 384//2249 6723//6707
f 6720//6704 6718//6702 4793//4767 4792//4766
f 6718//6702 4802//4776 4799//4773 4793//4767
f 6714//6698 2543//2359 4813//4787 4812//4786
f 6714//6698 6712//6696 2539//2355 2543//2359
f 6712//6696 6711//6695 2540//2356 2539//2355
f 6711//6695 6707//6691 6882//6866 2540//2356
f 6882//6866 6883//6867 2536//2352 2540//2356
f 6882//6866 6707//6691 6705//6689 6884//6868
f 6882//6866 6884//6868 6885//6869 6883//6867
f 6885//6869 6884//6868 6886//6870 6887//6871
f 6885//6869 6887//6871 6888//6872 6889//6873
f 6885//6869 6889//6873 6890//6874 6883//6867
f 6890//6874 2490//2299 2536//2352 6883//6867
f 6890//6874 6889//6873 6891//6875 6892//6876
f 6890//6874 6892//6876 2487//2296 2490//2299
f 6892//6876 6891//6875 6893//6877 6894//6878
f 6892//6876 6894//6878 2488//2297 2487//2296
f 6894//6878 6893//6877 6895//6879 6896//6880
f 6894//6878 6896//6880 2422//2217 2488//2297
f 6896//6880 6895//6879 6897//6881 6898//6882
f 6896//6880 6898//6882 2423//2218 2422//2217
f 6898//6882 6897//6881 6899//6883 6900//6884
f 6898//6882 6900//6884 2424//2219 2423//2218
f 6900//6884 6899//6883 2398//2190 2404//2196
f 6900//6884 2404//2196 2445//2246 2424//2219
f 6899//6883 6897//6881 6901//6885 6902//6886
f 6899//6883 6902//6886 2399//2191 2398//2190
f 6902//6886 6901//6885 2390//2181 2389//2180
f 6902//6886 2389//2180 5819//5795 2399//2191
f 6901//6885 6903//6887 2393//2184 2390//2181
f 6901//6885 6897//6881 6895//6879 6903//6887
f 6903//6887 6904//6888 2448//2252 2393//2184
f 6903//6887 6895//6879 6893//6877 6904//6888
f 6904//6888 6905//6889 2449//2253 2448//2252
f 6904//6888 6893//6877 6891//6875 6905//6889
f 6905//6889 6888//6872 2450//2254 2449//2253
f 6905//6889 6891//6875 6889//6873 6888//6872
f 6888//6872 6887//6871 2470//2278 2450//2254
f 6887//6871 6886//6870 2473//2281 2470//2278
f 6886//6870 6884//6868 6705//6689 6703//6687
f 6886//6870 6703//6687 6702//6686 2473//2281
f 6702//6686 6701//6685 2467//2275 2473//2281
f 6701//6685 5589//5563 2468//2276 2467//2275
f 6701//6685 6698//6682 6697//6681 5589//5563
f 6697//6681 5592//5566 5590//5564 5589//5563
f 5819//5795 2389//2180 2388//2179 5814//5790
f 5819//5795 5818//5794 2395//2187 2399//2191
f 5805//5781 6906//6890 6907//6891 6908//6892
f 5805//5781 6908//6892 5800//5776 5799//5775
f 5805//5781 5804//5780 2392//2183 6906//6890
f 6908//6892 6907//6891 6909//6893 6910//6894
f 6908//6892 6910//6894 6911//6895 5800//5776
f 6911//6895 6910//6894 6912//6896 6913//6897
f 6911//6895 6913//6897 6914//6898 5796//5772
f 6911//6895 5796//5772 5795//5771 5800//5776
f 6914//6898 6913//6897 6915//6899 6916//6900
f 6914//6898 6916//6900 6917//6901 5793//5769
f 6914//6898 5793//5769 5792//5768 5796//5772
f 6917//6901 6916//6900 6918//6902 6919//6903
f 6917//6901 6919//6903 6920//6904 5788//5764
f 6917//6901 5788//5764 5787//5763 5793//5769
f 6920//6904 6919//6903 6921//6905 6922//6906
f 6920//6904 6922//6906 6923//6907 5783//5759
f 6920//6904 5783//5759 5782//5758 5788//5764
f 6923//6907 6922//6906 6924//6908 6925//6909
f 6923//6907 6925//6909 6926//6910 5779//5755
f 6923//6907 5779//5755 5778//5754 5783//5759
f 6926//6910 6925//6909 6927//6911 6928//6912
f 6926//6910 6928//6912 6929//6913 5776//5752
f 6926//6910 5776//5752 5775//5751 5779//5755
f 6929//6913 6928//6912 6930//6914 6931//6915
f 6929//6913 6931//6915 6932//6916 5771//5747
f 6929//6913 5771//5747 5770//5746 5776//5752
f 6932//6916 6931//6915 6933//6917 2329//2111
f 6932//6916 2329//2111 357//2079 2313//2093
f 6932//6916 2313//2093 5766//5742 5771//5747
f 6933//6917 6934//6918 6935//6919 6936//6920
f 6933//6917 6936//6920 2330//2112 2329//2111
f 6933//6917 6931//6915 6930//6914 6934//6918
f 6936//6920 6935//6919 6937//6921 6938//6922
f 6936//6920 6938//6922 2341//2124 2330//2112
f 6938//6922 6937//6921 6939//6923 6940//6924
f 6938//6922 6940//6924 6941//6925 2341//2124
f 6941//6925 6940//6924 6942//6926 6943//6927
f 6941//6925 6943//6927 6944//6928 2304//2081
f 6941//6925 2304//2081 351//2077 2341//2124
f 6944//6928 6943//6927 6945//6929 6946//6930
f 6944//6928 6946//6930 6947//6931 6948//6932
f 6944//6928 6948//6932 2305//2082 2304//2081
f 6948//6932 6947//6931 6949//6933 5751//5727
f 6948//6932 5751//5727 5750//5726 2305//2082
f 6949//6933 6947//6931 6950//6934 2358//2144
f 6949//6933 2358//2144 2320//2101 2319//2100
f 6949//6933 2319//2100 5746//5722 5751//5727
f 6950//6934 6951//6935 6952//6936 6953//6937
f 6950//6934 6953//6937 2359//2145 2358//2144
f 6950//6934 6947//6931 6946//6930 6951//6935
f 6953//6937 6952//6936 2280//2049 2323//2105
f 6953//6937 2323//2105 2333//2116 2359//2145
f 6952//6936 6954//6938 2281//2050 2280//2049
f 6952//6936 6951//6935 6955//6939 6954//6938
f 6955//6939 6956//6940 6957//6941 6954//6938
f 6955//6939 6951//6935 6946//6930 6945//6929
f 6955//6939 6945//6929 6958//6942 6956//6940
f 6958//6942 6959//6943 6960//6944 6956//6940
f 6958//6942 6945//6929 6943//6927 6942//6926
f 6958//6942 6942//6926 6961//6945 6959//6943
f 6961//6945 6962//6946 6963//6947 6959//6943
f 6961//6945 6942//6926 6940//6924 6939//6923
f 6961//6945 6939//6923 6964//6948 6962//6946
f 6964//6948 6965//6949 6966//6950 6962//6946
f 6964//6948 6939//6923 6937//6921 6967//6951
f 6964//6948 6967//6951 6968//6952 6965//6949
f 6968//6952 6969//6953 6970//6954 6965//6949
f 6968//6952 6967//6951 6971//6955 6972//6956
f 6968//6952 6972//6956 6973//6957 6969//6953
f 6973//6957 6974//6958 6975//6959 6969//6953
f 6973//6957 6972//6956 6976//6960 6977//6961
f 6973//6957 6977//6961 6978//6962 6974//6958
f 6978//6962 6979//6963 6980//6964 6974//6958
f 6978//6962 6977//6961 6981//6965 6982//6966
f 6978//6962 6982//6966 6983//6967 6979//6963
f 6983//6967 6984//6968 6985//6969 6979//6963
f 6983//6967 6982//6966 6986//6970 6987//6971
f 6983//6967 6987//6971 6988//6972 6984//6968
f 6988//6972 5546//5520 5545//5519 6984//6968
f 6988//6972 6987//6971 6989//6973 6990//6974
f 6988//6972 6990//6974 5548//5522 5546//5520
f 6990//6974 6989//6973 6991//6975 6992//6976
f 6990//6974 6992//6976 5550//5524 5548//5522
f 6992//6976 6991//6975 6993//6977 6994//6978
f 6992//6976 6994//6978 5552//5526 5550//5524
f 6994//6978 6993//6977 6915//6899 6995//6979
f 6994//6978 6995//6979 6996//6980 5552//5526
f 6996//6980 5556//5530 5553//5527 5552//5526
f 6996//6980 6995//6979 6912//6896 6997//6981
f 6996//6980 6997//6981 6998//6982 5556//5530
f 6998//6982 5561//5535 5557//5531 5556//5530
f 6998//6982 6997//6981 6909//6893 6999//6983
f 6998//6982 6999//6983 7000//6984 5561//5535
f 7000//6984 5566//5540 5562//5536 5561//5535
f 7000//6984 6999//6983 7001//6985 7002//6986
f 7000//6984 7002//6986 7003//6987 5566//5540
f 7003//6987 5571//5545 5567//5541 5566//5540
f 7003//6987 7002//6986 7004//6988 7005//6989
f 7003//6987 7005//6989 7006//6990 5571//5545
f 7006//6990 5576//5550 5572//5546 5571//5545
f 7006//6990 7005//6989 7007//6991 2455//2259
f 7006//6990 2455//2259 2454//2258 5576//5550
f 7007//6991 7005//6989 7004//6988 7008//6992
f 7007//6991 7008//6992 2394//2185 2447//2251
f 7007//6991 2447//2251 379//2250 2455//2259
f 7008//6992 7004//6988 7009//6993 2391//2182
f 7008//6992 2391//2182 370//2176 2394//2185
f 7009//6993 7004//6988 7002//6986 7001//6985
f 7009//6993 7001//6985 6907//6891 6906//6890
f 7009//6993 6906//6890 2392//2183 2391//2182
f 7001//6985 6999//6983 6909//6893 6907//6891
f 6997//6981 6912//6896 6910//6894 6909//6893
f 6995//6979 6915//6899 6913//6897 6912//6896
f 6993//6977 6991//6975 7010//6994 6918//6902
f 6993//6977 6918//6902 6916//6900 6915//6899
f 7010//6994 6991//6975 6989//6973 7011//6995
f 7010//6994 7011//6995 7012//6996 6921//6905
f 7010//6994 6921//6905 6919//6903 6918//6902
f 7012//6996 7011//6995 6986//6970 7013//6997
f 7012//6996 7013//6997 7014//6998 6924//6908
f 7012//6996 6924//6908 6922//6906 6921//6905
f 7014//6998 7013//6997 6981//6965 7015//6999
f 7014//6998 7015//6999 7016//7000 6927//6911
f 7014//6998 6927//6911 6925//6909 6924//6908
f 7016//7000 7015//6999 6976//6960 7017//7001
f 7016//7000 7017//7001 6934//6918 6930//6914
f 7016//7000 6930//6914 6928//6912 6927//6911
f 7017//7001 6976//6960 6972//6956 6971//6955
f 7017//7001 6971//6955 6935//6919 6934//6918
f 7015//6999 6981//6965 6977//6961 6976//6960
f 7013//6997 6986//6970 6982//6966 6981//6965
f 7011//6995 6989//6973 6987//6971 6986//6970
f 6985//6969 5544//5518 7018//7002 7019//7003
f 6985//6969 7019//7003 6980//6964 6979//6963
f 6985//6969 6984//6968 5545//5519 5544//5518
f 7019//7003 7018//7002 7020//7004 7021//7005
f 7019//7003 7021//7005 7022//7006 6980//6964
f 7022//7006 7021//7005 7023//7007 7024//7008
f 7022//7006 7024//7008 7025//7009 6975//6959
f 7022//7006 6975//6959 6974//6958 6980//6964
f 7025//7009 7024//7008 7026//7010 7027//7011
f 7025//7009 7027//7011 7028//7012 6970//6954
f 7025//7009 6970//6954 6969//6953 6975//6959
f 7028//7012 7027//7011 7029//7013 7030//7014
f 7028//7012 7030//7014 7031//7015 6966//6950
f 7028//7012 6966//6950 6965//6949 6970//6954
f 7031//7015 7030//7014 7032//7016 7033//7017
f 7031//7015 7033//7017 7034//7018 6963//6947
f 7031//7015 6963//6947 6962//6946 6966//6950
f 7034//7018 7033//7017 7035//7019 7036//7020
f 7034//7018 7036//7020 7037//7021 6960//6944
f 7034//7018 6960//6944 6959//6943 6963//6947
f 7037//7021 7036//7020 7038//7022 7039//7023
f 7037//7021 7039//7023 7040//7024 6957//6941
f 7037//7021 6957//6941 6956//6940 6960//6944
f 7040//7024 7039//7023 7041//7025 7042//7026
f 7040//7024 7042//7026 2282//2051 2281//2050
f 7040//7024 2281//2050 6954//6938 6957//6941
f 7042//7026 7041//7025 7043//7027 7044//7028
f 7042//7026 7044//7028 2286//2056 2282//2051
f 7044//7028 7043//7027 7045//7029 2368//2156
f 7044//7028 2368//2156 2364//2152 2286//2056
f 7045//7029 7046//7030 7047//7031 7048//7032
f 7045//7029 7048//7032 2369//2157 2368//2156
f 7045//7029 7043//7027 7049//7033 7046//7030
f 7049//7033 7050//7034 7051//7035 7046//7030
f 7049//7033 7043//7027 7041//7025 7052//7036
f 7049//7033 7052//7036 7053//7037 7050//7034
f 7053//7037 7054//7038 7055//7039 7050//7034
f 7053//7037 7052//7036 7038//7022 7056//7040
f 7053//7037 7056//7040 7057//7041 7054//7038
f 7057//7041 7058//7042 7059//7043 7054//7038
f 7057//7041 7056//7040 7035//7019 7060//7044
f 7057//7041 7060//7044 7061//7045 7058//7042
f 7061//7045 7062//7046 5492//5466 7058//7042
f 7061//7045 7060//7044 7032//7016 7063//7047
f 7061//7045 7063//7047 7064//7048 7062//7046
f 7064//7048 7065//7049 5495//5469 7062//7046
f 7064//7048 7063//7047 7029//7013 7066//7050
f 7064//7048 7066//7050 7067//7051 7065//7049
f 7067//7051 7068//7052 5498//5472 7065//7049
f 7067//7051 7066//7050 7026//7010 7069//7053
f 7067//7051 7069//7053 7070//7054 7068//7052
f 7070//7054 7071//7055 5501//5475 7068//7052
f 7070//7054 7069//7053 7023//7007 7072//7056
f 7070//7054 7072//7056 7073//7057 7071//7055
f 7073//7057 7074//7058 5504//5478 7071//7055
f 7073//7057 7072//7056 7020//7004 7075//7059
f 7073//7057 7075//7059 7076//7060 7074//7058
f 7076//7060 7077//7061 5507//5481 7074//7058
f 7076//7060 7075//7059 5541//5515 5539//5513
f 7076//7060 5539//5513 5537//5511 7077//7061
f 7077//7061 5510//5484 5508//5482 5507//5481
f 7077//7061 5537//5511 5514//5488 5510//5484
f 7075//7059 7020//7004 7018//7002 5541//5515
f 7074//7058 5507//5481 5505//5479 5504//5478
f 7072//7056 7023//7007 7021//7005 7020//7004
f 7071//7055 5504//5478 5502//5476 5501//5475
f 7069//7053 7026//7010 7024//7008 7023//7007
f 7068//7052 5501//5475 5499//5473 5498//5472
f 7066//7050 7029//7013 7027//7011 7026//7010
f 7065//7049 5498//5472 5496//5470 5495//5469
f 7063//7047 7032//7016 7030//7014 7029//7013
f 7062//7046 5495//5469 5493//5467 5492//5466
f 7060//7044 7035//7019 7033//7017 7032//7016
f 7059//7043 5490//5464 5488//5462 5487//5461
f 7059//7043 5487//5461 7055//7039 7054//7038
f 7059//7043 7058//7042 5492//5466 5490//5464
f 7056//7040 7038//7022 7036//7020 7035//7019
f 7055//7039 5487//5461 5485//5459 7078//7062
f 7055//7039 7078//7062 7051//7035 7050//7034
f 7078//7062 5485//5459 5483//5457 5482//5456
f 7078//7062 5482//5456 7079//7063 7051//7035
f 7079//7063 5482//5456 5480//5454 5479//5453
f 7079//7063 5479//5453 7080//7064 7047//7031
f 7079//7063 7047//7031 7046//7030 7051//7035
f 7080//7064 5479//5453 5477//5451 5476//5450
f 7080//7064 5476//5450 7081//7065 7082//7066
f 7080//7064 7082//7066 7048//7032 7047//7031
f 7082//7066 7081//7065 7083//7067 2370//2158
f 7082//7066 2370//2158 2369//2157 7048//7032
f 7083//7067 7081//7065 5473//5447 7084//7068
f 7083//7067 7084//7068 2385//2175 7085//7069
f 7083//7067 7085//7069 2366//2154 2370//2158
f 7085//7069 2385//2175 2375//2164 7086//7070
f 7085//7069 7086//7070 2367//2155 2366//2154
f 7086//7070 2375//2164 2374//2163 5706//5681
f 7086//7070 5706//5681 5705//5680 2367//2155
f 7084//7068 5473//5447 5471//5445 5470//5444
f 7084//7068 5470//5444 2376//2166 2385//2175
f 7081//7065 5476//5450 5474//5448 5473//5447
f 7052//7036 7041//7025 7039//7023 7038//7022
f 7018//7002 5544//5518 5542//5516 5541//5515
f 6971//6955 6967//6951 6937//6921 6935//6919
f 5801//5777 5797//5773 2334//2117 2339//2122
f 5790//5766 5789//5765 2294//2067 2293//2066
f 5784//5760 5780//5756 2219//1979 2218//1978
f 5773//5749 5772//5748 2217//1977 2216//1976
f 5706//5681 2374//2163 2373//2162 5701//5676
f 5697//5672 2372//2161 2379//2169 7087//7071
f 5697//5672 7087//7071 5692//5667 5691//5666
f 5697//5672 5696//5671 2373//2162 2372//2161
f 7087//7071 2379//2169 7088//7072 7089//7073
f 7087//7071 7089//7073 7090//7074 5692//5667
f 7090//7074 7089//7073 7091//7075 7092//7076
f 7090//7074 7092//7076 7093//7077 5687//5662
f 7090//7074 5687//5662 5686//5661 5692//5667
f 7093//7077 7092//7076 7094//7078 7095//7079
f 7093//7077 7095//7079 7096//7080 5682//5657
f 7093//7077 5682//5657 5681//5656 5687//5662
f 7096//7080 7095//7079 7097//7081 7098//7082
f 7096//7080 7098//7082 7099//7083 5677//5652
f 7096//7080 5677//5652 5676//5651 5682//5657
f 7099//7083 7098//7082 2224//1982 2223//1981
f 7099//7083 2223//1981 7100//7084 5672//5647
f 7099//7083 5672//5647 5671//5646 5677//5652
f 7100//7084 2223//1981 2204//1962 5658//5633
f 7100//7084 5658//5633 5657//5632 5663//5638
f 7100//7084 5663//5638 5668//5643 5672//5647
f 7098//7082 7097//7081 2225//1983 2224//1982
f 7097//7081 7095//7079 7094//7078 7101//7085
f 7097//7081 7101//7085 7102//7086 2225//1983
f 7102//7086 7101//7085 7103//7087 7104//7088
f 7102//7086 7104//7088 7105//7089 7106//7090
f 7102//7086 7106//7090 2226//1984 2225//1983
f 7106//7090 7105//7089 2132//1881 2129//1878
f 7106//7090 2129//1878 2128//1877 2226//1984
f 7105//7089 7104//7088 2344//2126 2347//2130
f 7105//7089 2347//2130 2207//1965 2132//1881
f 7104//7088 7103//7087 2345//2127 2344//2126
f 7103//7087 7107//7091 2371//2159 2345//2127
f 7103//7087 7101//7085 7094//7078 7107//7091
f 7107//7091 7091//7075 7108//7092 2371//2159
f 7107//7091 7094//7078 7092//7076 7091//7075
f 7108//7092 7109//7093 2348//2131 2371//2159
f 7108//7092 7091//7075 7089//7073 7088//7072
f 7108//7092 7088//7072 7110//7094 7109//7093
f 7110//7094 5465//5439 5464//5438 7109//7093
f 7110//7094 7088//7072 2379//2169 2378//2168
f 7110//7094 2378//2168 2380//2170 5465//5439
f 7109//7093 5464//5438 2349//2132 2348//2131
f 5678//5653 5674//5649 5673//5648 2179//1934
f 5673//5648 5669//5644 2092//1837 2091//1836
f 5673//5648 2091//1836 326//1927 2179//1934
f 5665//5640 5664//5639 1972//1701 1971//1700
f 5658//5633 2204//1962 2203//1961 5653//5628
f 5644//5619 2205//1964 2128//1877 2127//1876
f 5629//5603 5624//5598 5622//5596 5621//5595
f 5615//5589 5613//5587 5612//5586 5847//5823
f 5579//5553 7111//7095 7112//7096 7113//7097
f 5579//5553 7113//7097 5575//5549 5574//5548
f 5579//5553 5393//5367 5391//5365 7111//7095
f 7113//7097 7112//7096 2597//2422 2596//2421
f 7113//7097 2596//2421 2599//2424 5575//5549
f 7112//7096 7114//7098 7115//7099 2597//2422
f 7112//7096 7111//7095 7116//7100 7114//7098
f 7116//7100 7117//7101 7118//7102 7114//7098
f 7116//7100 7111//7095 5391//5365 5389//5363
f 7116//7100 5389//5363 5387//5361 7117//7101
f 7118//7102 5352//5326 5348//5322 5347//5321
f 7118//7102 5347//5321 7115//7099 7114//7098
f 7118//7102 7117//7101 7119//7103 5352//5326
f 7119//7103 5357//5331 5353//5327 5352//5326
f 7119//7103 7117//7101 5387//5361 5385//5359
f 7119//7103 5385//5359 5384//5358 5357//5331
f 7115//7099 5347//5321 5343//5317 5342//5316
f 7115//7099 5342//5316 2598//2423 2597//2422
f 5575//5549 2599//2424 5570//5544 5569//5543
f 5570//5544 2599//2424 2595//2420 7120//7104
f 5570//5544 7120//7104 5565//5539 5564//5538
f 7120//7104 2595//2420 2594//2419 7121//7105
f 7120//7104 7121//7105 7122//7106 5565//5539
f 7122//7106 7121//7105 7123//7107 7124//7108
f 7122//7106 7124//7108 7125//7109 5560//5534
f 7122//7106 5560//5534 5559//5533 5565//5539
f 7125//7109 7124//7108 2461//2268 2408//2201
f 7125//7109 2408//2201 372//2197 2407//2200
f 7125//7109 2407//2200 5555//5529 5560//5534
f 7124//7108 7123//7107 2462//2269 2461//2268
f 7123//7107 7126//7110 2463//2270 2462//2269
f 7123//7107 7121//7105 2594//2419 7126//7110
f 7126//7110 7127//7111 7128//7112 2463//2270
f 7126//7110 2594//2419 2593//2418 7127//7111
f 7128//7112 5333//5307 5331//5305 5330//5304
f 7128//7112 5330//5304 2464//2271 2463//2270
f 7128//7112 7127//7111 5335//5309 5333//5307
f 7127//7111 2593//2418 2601//2427 5335//5309
f 5470//5444 5468//5442 2377//2167 2376//2166
f 5462//5436 5461//5435 361//2125 2349//2132
f 5418//5392 7129//7113 7130//7114 2684//2523
f 5418//5392 2684//2523 2683//2522 5413//5387
f 5418//5392 5417//5391 7131//7115 7129//7113
f 7131//7115 7132//7116 7133//7117 7129//7113
f 7131//7115 5417//5391 2604//2431 7134//7118
f 7131//7115 7134//7118 7135//7119 7132//7116
f 7135//7119 7136//7120 7137//7121 7132//7116
f 7135//7119 7134//7118 7138//7122 7139//7123
f 7135//7119 7139//7123 7140//7124 7136//7120
f 7140//7124 7141//7125 7142//7126 7136//7120
f 7140//7124 7139//7123 7143//7127 7144//7128
f 7140//7124 7144//7128 7145//7129 7141//7125
f 7145//7129 7144//7128 2714//2556 2716//2558
f 7145//7129 2716//2558 7146//7130 7147//7131
f 7145//7129 7147//7131 7148//7132 7141//7125
f 7148//7132 7149//7133 7150//7134 7151//7135
f 7148//7132 7151//7135 7142//7126 7141//7125
f 7148//7132 7147//7131 7152//7136 7149//7133
f 7152//7136 7153//7137 7154//7138 7149//7133
f 7152//7136 7147//7131 7146//7130 7155//7139
f 7152//7136 7155//7139 7156//7140 7153//7137
f 7156//7140 7157//7141 7158//7142 7153//7137
f 7156//7140 7155//7139 7159//7143 7160//7144
f 7156//7140 7160//7144 7161//7145 7157//7141
f 7161//7145 7162//7146 7163//7147 7164//7148
f 7161//7145 7164//7148 7165//7149 7157//7141
f 7161//7145 7160//7144 7166//7150 7162//7146
f 7166//7150 7160//7144 7159//7143 7167//7151
f 7166//7150 7167//7151 7168//7152 2813//2670
f 7166//7150 2813//2670 2812//2669 7162//7146
f 7168//7152 7169//7153 7170//7154 7171//7155
f 7168//7152 7171//7155 2809//2666 2813//2670
f 7168//7152 7167//7151 7172//7156 7169//7153
f 7172//7156 2712//2554 7173//7157 7169//7153
f 7172//7156 7167//7151 7159//7143 7174//7158
f 7172//7156 7174//7158 2713//2555 2712//2554
f 7174//7158 7159//7143 7155//7139 7146//7130
f 7174//7158 7146//7130 2716//2558 2713//2555
f 7173//7157 7175//7159 7176//7160 7177//7161
f 7173//7157 7177//7161 7170//7154 7169//7153
f 7173//7157 2712//2554 2711//2553 7175//7159
f 7177//7161 7176//7160 2927//2802 7178//7162
f 7177//7161 7178//7162 7179//7163 7170//7154
f 7179//7163 7178//7162 7180//7164 7181//7165
f 7179//7163 7181//7165 7182//7166 7183//7167
f 7179//7163 7183//7167 7171//7155 7170//7154
f 7183//7167 7182//7166 7184//7168 2810//2667
f 7183//7167 2810//2667 2809//2666 7171//7155
f 7184//7168 7182//7166 7185//7169 7186//7170
f 7184//7168 7186//7170 7187//7171 7188//7172
f 7184//7168 7188//7172 2811//2668 2810//2667
f 7188//7172 7187//7171 7189//7173 7190//7174
f 7188//7172 7190//7174 2814//2671 2811//2668
f 7190//7174 7189//7173 7191//7175 7192//7176
f 7190//7174 7192//7176 7163//7147 2814//2671
f 7192//7176 7191//7175 7193//7177 7194//7178
f 7192//7176 7194//7178 7164//7148 7163//7147
f 7194//7178 7193//7177 7195//7179 7196//7180
f 7194//7178 7196//7180 7165//7149 7164//7148
f 7196//7180 7195//7179 7197//7181 7198//7182
f 7196//7180 7198//7182 7199//7183 7165//7149
f 7199//7183 7198//7182 7200//7184 7201//7185
f 7199//7183 7201//7185 7202//7186 7158//7142
f 7199//7183 7158//7142 7157//7141 7165//7149
f 7202//7186 7201//7185 2853//2716 7203//7187
f 7202//7186 7203//7187 7204//7188 7154//7138
f 7202//7186 7154//7138 7153//7137 7158//7142
f 7204//7188 7203//7187 7205//7189 7206//7190
f 7204//7188 7206//7190 7207//7191 7150//7134
f 7204//7188 7150//7134 7149//7133 7154//7138
f 7207//7191 7206//7190 2943//2820 7208//7192
f 7207//7191 7208//7192 7209//7193 7210//7194
f 7207//7191 7210//7194 7151//7135 7150//7134
f 7210//7194 7209//7193 7211//7195 7212//7196
f 7210//7194 7212//7196 7142//7126 7151//7135
f 7212//7196 7211//7195 7213//7197 7137//7121
f 7212//7196 7137//7121 7136//7120 7142//7126
f 7213//7197 7211//7195 7214//7198 7215//7199
f 7213//7197 7215//7199 7216//7200 7133//7117
f 7213//7197 7133//7117 7132//7116 7137//7121
f 7216//7200 7215//7199 7217//7201 7218//7202
f 7216//7200 7218//7202 7219//7203 7130//7114
f 7216//7200 7130//7114 7129//7113 7133//7117
f 7219//7203 7218//7202 7220//7204 7221//7205
f 7219//7203 7221//7205 2686//2525 2685//2524
f 7219//7203 2685//2524 2684//2523 7130//7114
f 7221//7205 7220//7204 7222//7206 7223//7207
f 7221//7205 7223//7207 5408//5382 2686//2525
f 7223//7207 7222//7206 2769//2619 2768//2618
f 7223//7207 2768//2618 5409//5383 5408//5382
f 7222//7206 7224//7208 2770//2620 2769//2619
f 7222//7206 7220//7204 7225//7209 7224//7208
f 7225//7209 7226//7210 7227//7211 7224//7208
f 7225//7209 7220//7204 7218//7202 7217//7201
f 7225//7209 7217//7201 7228//7212 7226//7210
f 7228//7212 2905//2776 7229//7213 7226//7210
f 7228//7212 7217//7201 7215//7199 7214//7198
f 7228//7212 7214//7198 2906//2777 2905//2776
f 7229//7213 2878//2745 2883//2751 7230//7214
f 7229//7213 7230//7214 7227//7211 7226//7210
f 7229//7213 2905//2776 2875//2741 2878//2745
f 7230//7214 2883//2751 2882//2750 7231//7215
f 7230//7214 7231//7215 7232//7216 7227//7211
f 7232//7216 7231//7215 7233//7217 7234//7218
f 7232//7216 7234//7218 2771//2621 2770//2620
f 7232//7216 2770//2620 7224//7208 7227//7211
f 7234//7218 7233//7217 5379//5353 5378//5352
f 7234//7218 5378//5352 2774//2624 2771//2621
f 7233//7217 7231//7215 2882//2750 2881//2749
f 7233//7217 2881//2749 2955//2836 5379//5353
f 7214//7198 7211//7195 7209//7193 2906//2777
f 7209//7193 7208//7192 449//2742 2906//2777
f 7208//7192 2943//2820 2907//2778 449//2742
f 7206//7190 7205//7189 2944//2821 2943//2820
f 7205//7189 2852//2715 2857//2720 2944//2821
f 7205//7189 7203//7187 2853//2716 2852//2715
f 7201//7185 7200//7184 2854//2717 2853//2716
f 7200//7184 7198//7182 7197//7181 7235//7219
f 7200//7184 7235//7219 2855//2718 2854//2717
f 7235//7219 7197//7181 3029//2924 7236//7220
f 7235//7219 7236//7220 7237//7221 2855//2718
f 7237//7221 7236//7220 7238//7222 7239//7223
f 7237//7221 7239//7223 7240//7224 7241//7225
f 7237//7221 7241//7225 2856//2719 2855//2718
f 7241//7225 7240//7224 7242//7226 7243//7227
f 7241//7225 7243//7227 2857//2720 2856//2719
f 7243//7227 7242//7226 2945//2822 456//2818
f 7243//7227 456//2818 2944//2821 2857//2720
f 7242//7226 7240//7224 7244//7228 7245//7229
f 7242//7226 7245//7229 7246//7230 2945//2822
f 7246//7230 7245//7229 7247//7231 7248//7232
f 7246//7230 7248//7232 7249//7233 2996//2882
f 7246//7230 2996//2882 457//2823 2945//2822
f 7249//7233 7248//7232 3159//3076 7250//7234
f 7249//7233 7250//7234 7251//7235 7252//7236
f 7249//7233 7252//7236 2997//2883 2996//2882
f 7252//7236 7251//7235 3042//2939 3041//2938
f 7252//7236 3041//2938 3040//2937 2997//2883
f 7251//7235 7250//7234 7253//7237 7254//7238
f 7251//7235 7254//7238 3062//2962 3042//2939
f 7254//7238 7253//7237 7255//7239 7256//7240
f 7254//7238 7256//7240 7257//7241 3062//2962
f 7257//7241 7256//7240 7258//7242 7259//7243
f 7257//7241 7259//7243 7260//7244 3039//2936
f 7257//7241 3039//2936 3036//2933 3062//2962
f 7260//7244 7259//7243 7261//7245 3112//3020
f 7260//7244 3112//3020 3111//3019 7262//7246
f 7260//7244 7262//7246 3037//2934 3039//2936
f 7262//7246 3111//3019 3110//3018 7263//7247
f 7262//7246 7263//7247 3038//2935 3037//2934
f 7263//7247 3110//3018 7264//7248 7265//7249
f 7263//7247 7265//7249 2987//2871 3038//2935
f 7265//7249 7264//7248 7266//7250 7267//7251
f 7265//7249 7267//7251 2984//2868 2987//2871
f 7267//7251 7266//7250 7268//7252 7269//7253
f 7267//7251 7269//7253 2985//2869 2984//2868
f 7269//7253 7268//7252 7270//7254 2959//2840
f 7269//7253 2959//2840 2958//2839 2985//2869
f 7270//7254 7268//7252 7271//7255 7272//7256
f 7270//7254 7272//7256 7273//7257 7274//7258
f 7270//7254 7274//7258 2960//2841 2959//2840
f 7274//7258 7273//7257 7275//7259 7276//7260
f 7274//7258 7276//7260 7277//7261 2960//2841
f 7277//7261 7276//7260 7278//7262 7279//7263
f 7277//7261 7279//7263 5371//5345 2956//2837
f 7277//7261 2956//2837 459//2835 2960//2841
f 7279//7263 7278//7262 7280//7264 7281//7265
f 7279//7263 7281//7265 5372//5346 5371//5345
f 7281//7265 7280//7264 7282//7266 7283//7267
f 7281//7265 7283//7267 5373//5347 5372//5346
f 7283//7267 7282//7266 7284//7268 7285//7269
f 7283//7267 7285//7269 7286//7270 5373//5347
f 7286//7270 7285//7269 7287//7271 7288//7272
f 7286//7270 7288//7272 7289//7273 5366//5340
f 7286//7270 5366//5340 5365//5339 5373//5347
f 7289//7273 7288//7272 7290//7274 7291//7275
f 7289//7273 7291//7275 7292//7276 5361//5335
f 7289//7273 5361//5335 5360//5334 5366//5340
f 7292//7276 7291//7275 7293//7277 7294//7278
f 7292//7276 7294//7278 7295//7279 5356//5330
f 7292//7276 5356//5330 5355//5329 5361//5335
f 7295//7279 7294//7278 7296//7280 7297//7281
f 7295//7279 7297//7281 7298//7282 5351//5325
f 7295//7279 5351//5325 5350//5324 5356//5330
f 7298//7282 7297//7281 7299//7283 7300//7284
f 7298//7282 7300//7284 2755//2603 5346//5320
f 7298//7282 5346//5320 5345//5319 5351//5325
f 7300//7284 7299//7283 7301//7285 7302//7286
f 7300//7284 7302//7286 427//2600 2755//2603
f 7302//7286 7301//7285 7303//7287 7304//7288
f 7302//7286 7304//7288 2756//2604 427//2600
f 7304//7288 7303//7287 7305//7289 7306//7290
f 7304//7288 7306//7290 7307//7291 2756//2604
f 7307//7291 7306//7290 7308//7292 7309//7293
f 7307//7291 7309//7293 7310//7294 7311//7295
f 7307//7291 7311//7295 2757//2605 2756//2604
f 7311//7295 7310//7294 7312//7296 7313//7297
f 7311//7295 7313//7297 7314//7298 2757//2605
f 7314//7298 7313//7297 7315//7299 7316//7300
f 7314//7298 7316//7300 7317//7301 7318//7302
f 7314//7298 7318//7302 2753//2601 2757//2605
f 7318//7302 7317//7301 2791//2645 2691//2531
f 7318//7302 2691//2531 2690//2530 2753//2601
f 7317//7301 7316//7300 7319//7303 7320//7304
f 7317//7301 7320//7304 2792//2646 2791//2645
f 7320//7304 7321//7305 7322//7306 2792//2646
f 7320//7304 7319//7303 7323//7307 7321//7305
f 7323//7307 7324//7308 7325//7309 7321//7305
f 7323//7307 7319//7303 7326//7310 7327//7311
f 7323//7307 7327//7311 7328//7312 7324//7308
f 7328//7312 7329//7313 7330//7314 7324//7308
f 7328//7312 7327//7311 7331//7315 7332//7316
f 7328//7312 7332//7316 7333//7317 7329//7313
f 7333//7317 3044//2942 7334//7318 7329//7313
f 7333//7317 7332//7316 7335//7319 7336//7320
f 7333//7317 7336//7320 3045//2943 3044//2942
f 7336//7320 7335//7319 7337//7321 7338//7322
f 7336//7320 7338//7322 7339//7323 3045//2943
f 7339//7323 3068//7324 475//2940 3045//2943
f 7339//7323 7338//7322 7340//7325 7341//7326
f 7339//7323 7341//7326 3066//2967 3068//7324
f 7341//7326 7340//7325 7342//7327 7343//7328
f 7341//7326 7343//7328 3067//2968 3066//2967
f 7343//7328 7342//7327 7344//7329 7345//7330
f 7343//7328 7345//7330 3013//2904 3067//2968
f 7345//7330 7344//7329 7346//7331 7347//7332
f 7345//7330 7347//7332 3004//2895 3013//2904
f 7347//7332 7346//7331 7348//7333 7349//7334
f 7347//7332 7349//7334 3005//2896 3004//2895
f 7349//7334 7348//7333 7308//7292 7350//7335
f 7349//7334 7350//7335 3010//2901 3005//2896
f 7350//7335 7308//7292 7306//7290 7305//7289
f 7350//7335 7305//7289 7351//7336 3010//2901
f 7351//7336 7352//7337 3011//2902 3010//2901
f 7351//7336 7305//7289 7303//7287 7353//7338
f 7351//7336 7353//7338 7354//7339 7352//7337
f 7354//7339 7355//7340 7356//7341 7352//7337
f 7354//7339 7353//7338 7357//7342 7358//7343
f 7354//7339 7358//7343 7359//7344 7355//7340
f 7359//7344 3074//2975 3073//2974 7355//7340
f 7359//7344 7358//7343 7360//7345 7361//7346
f 7359//7344 7361//7346 7362//7347 3074//2975
f 7362//7347 3069//2970 480//2969 3074//2975
f 7362//7347 7361//7346 7363//7348 7364//7349
f 7362//7347 7364//7349 7365//7350 3069//2970
f 7365//7350 7366//7351 3070//2971 3069//2970
f 7365//7350 7364//7349 7367//7352 7368//7353
f 7365//7350 7368//7353 7369//7354 7366//7351
f 7369//7354 7370//7355 7371//7356 7366//7351
f 7369//7354 7368//7353 7372//7357 7373//7358
f 7369//7354 7373//7358 7374//7359 7370//7355
f 7374//7359 7375//7360 3169//3089 7370//7355
f 7374//7359 7373//7358 7376//7361 7377//7362
f 7374//7359 7377//7362 7378//7363 7375//7360
f 7378//7363 7379//7364 7380//7365 7375//7360
f 7378//7363 7377//7362 7381//7366 7382//7367
f 7378//7363 7382//7367 7383//7368 7379//7364
f 7383//7368 7384//7369 7385//7370 7379//7364
f 7383//7368 7382//7367 7386//7371 7387//7372
f 7383//7368 7387//7372 7388//7373 7384//7369
f 7388//7373 7389//7374 7390//7375 7384//7369
f 7388//7373 7387//7372 7391//7376 7392//7377
f 7388//7373 7392//7377 7393//7378 7389//7374
f 7393//7378 7394//7379 7395//7380 7396//7381
f 7393//7378 7396//7381 7397//7382 7389//7374
f 7393//7378 7392//7377 7398//7383 7394//7379
f 7398//7383 7399//7384 7400//7385 7394//7379
f 7398//7383 7392//7377 7391//7376 7401//7386
f 7398//7383 7401//7386 7402//7387 7399//7384
f 7402//7387 7403//7388 7404//7389 7399//7384
f 7402//7387 7401//7386 7405//7390 7406//7391
f 7402//7387 7406//7391 7407//7392 7403//7388
f 7407//7392 3182//3106 3187//3111 7403//7388
f 7407//7392 7406//7391 7408//7393 7409//7394
f 7407//7392 7409//7394 3183//3107 3182//3106
f 7409//7394 7408//7393 7275//7259 7273//7257
f 7409//7394 7273//7257 7272//7256 3183//3107
f 7408//7393 7406//7391 7405//7390 7410//7395
f 7408//7393 7410//7395 7411//7396 7275//7259
f 7411//7396 7410//7395 7412//7397 7413//7398
f 7411//7396 7413//7398 7280//7264 7278//7262
f 7411//7396 7278//7262 7276//7260 7275//7259
f 7413//7398 7412//7397 7414//7399 7415//7400
f 7413//7398 7415//7400 7282//7266 7280//7264
f 7415//7400 7414//7399 7381//7366 7416//7401
f 7415//7400 7416//7401 7284//7268 7282//7266
f 7416//7401 7381//7366 7377//7362 7376//7361
f 7416//7401 7376//7361 7417//7402 7284//7268
f 7417//7402 7376//7361 7373//7358 7372//7357
f 7417//7402 7372//7357 7418//7403 7287//7271
f 7417//7402 7287//7271 7285//7269 7284//7268
f 7418//7403 7372//7357 7368//7353 7367//7352
f 7418//7403 7367//7352 7419//7404 7290//7274
f 7418//7403 7290//7274 7288//7272 7287//7271
f 7419//7404 7367//7352 7364//7349 7363//7348
f 7419//7404 7363//7348 7420//7405 7293//7277
f 7419//7404 7293//7277 7291//7275 7290//7274
f 7420//7405 7363//7348 7361//7346 7360//7345
f 7420//7405 7360//7345 7421//7406 7296//7280
f 7420//7405 7296//7280 7294//7278 7293//7277
f 7421//7406 7360//7345 7358//7343 7357//7342
f 7421//7406 7357//7342 7301//7285 7299//7283
f 7421//7406 7299//7283 7297//7281 7296//7280
f 7414//7399 7386//7371 7382//7367 7381//7366
f 7414//7399 7412//7397 7422//7407 7386//7371
f 7422//7407 7391//7376 7387//7372 7386//7371
f 7422//7407 7412//7397 7410//7395 7405//7390
f 7422//7407 7405//7390 7401//7386 7391//7376
f 7404//7389 7423//7408 7424//7409 7425//7410
f 7404//7389 7425//7410 7400//7385 7399//7384
f 7404//7389 7403//7388 3187//3111 7423//7408
f 7425//7410 7424//7409 7426//7411 7427//7412
f 7425//7410 7427//7412 7428//7413 7400//7385
f 7428//7413 7427//7412 7429//7414 7430//7415
f 7428//7413 7430//7415 7431//7416 7395//7380
f 7428//7413 7395//7380 7394//7379 7400//7385
f 7431//7416 7430//7415 7432//7417 7433//7418
f 7431//7416 7433//7418 7434//7419 7435//7420
f 7431//7416 7435//7420 7396//7381 7395//7380
f 7435//7420 7434//7419 7436//7421 7437//7422
f 7435//7420 7437//7422 7397//7382 7396//7381
f 7437//7422 7436//7421 7438//7423 7439//7424
f 7437//7422 7439//7424 7440//7425 7397//7382
f 7440//7425 7439//7424 7441//7426 7442//7427
f 7440//7425 7442//7427 7443//7428 7390//7375
f 7440//7425 7390//7375 7389//7374 7397//7382
f 7443//7428 7442//7427 7444//7429 7445//7430
f 7443//7428 7445//7430 7446//7431 7385//7370
f 7443//7428 7385//7370 7384//7369 7390//7375
f 7446//7431 7445//7430 7447//7432 3171//3091
f 7446//7431 3171//3091 3170//3090 7380//7365
f 7446//7431 7380//7365 7379//7364 7385//7370
f 7447//7432 3236//3170 3235//3169 7448//7433
f 7447//7432 7448//7433 3172//3092 3171//3091
f 7447//7432 7445//7430 7444//7429 3236//3170
f 7448//7433 3235//3169 3244//3178 7449//7434
f 7448//7433 7449//7434 3173//3093 3172//3092
f 7449//7434 3244//3178 7450//7435 7451//7436
f 7449//7434 7451//7436 7452//7437 3173//3093
f 7452//7437 7451//7436 3071//2972 3070//2971
f 7452//7437 3070//2971 7366//7351 7371//7356
f 7452//7437 7371//7356 3168//3088 3173//3093
f 7451//7436 7450//7435 3077//2978 3071//2972
f 7450//7435 7453//7438 3208//3137 3077//2978
f 7450//7435 3244//3178 3243//3177 7453//7438
f 7453//7438 7454//7439 3209//3138 3208//3137
f 7453//7438 3243//3177 3242//3176 7454//7439
f 7454//7439 3294//3241 3213//3143 3209//3138
f 7454//7439 3242//3176 3299//7440 3294//3241
f 7444//7429 7455//7441 3237//3171 3236//3170
f 7444//7429 7442//7427 7441//7426 7455//7441
f 7455//7441 7456//7442 3241//3175 3237//3171
f 7455//7441 7441//7426 7457//7443 7456//7442
f 7457//7443 7458//7444 7459//7445 7456//7442
f 7457//7443 7441//7426 7439//7424 7438//7423
f 7457//7443 7438//7423 7460//7446 7458//7444
f 7460//7446 7461//7447 7462//7448 7458//7444
f 7460//7446 7438//7423 7436//7421 7463//7449
f 7460//7446 7463//7449 7464//7450 7461//7447
f 7464//7450 7465//7451 7466//7452 7461//7447
f 7464//7450 7463//7449 7467//7453 7468//7454
f 7464//7450 7468//7454 7469//7455 7465//7451
f 7469//7455 7470//7456 7471//7457 7472//7458
f 7469//7455 7472//7458 7473//7459 7465//7451
f 7469//7455 7468//7454 7474//7460 7470//7456
f 7474//7460 7475//7461 7476//7462 7470//7456
f 7474//7460 7468//7454 7467//7453 7477//7463
f 7474//7460 7477//7463 7478//7464 7475//7461
f 7478//7464 7479//7465 7480//7466 7475//7461
f 7478//7464 7477//7463 7433//7418 7432//7417
f 7478//7464 7432//7417 7481//7467 7479//7465
f 7481//7467 7482//7468 7483//7469 7479//7465
f 7481//7467 7432//7417 7430//7415 7429//7414
f 7481//7467 7429//7414 7484//7470 7482//7468
f 7484//7470 7485//7471 7486//7472 7482//7468
f 7484//7470 7429//7414 7427//7412 7426//7411
f 7484//7470 7426//7411 7487//7473 7485//7471
f 7487//7473 3116//3024 3115//3023 7485//7471
f 7487//7473 7426//7411 7424//7409 7488//7474
f 7487//7473 7488//7474 3118//3026 3116//3024
f 7488//7474 7424//7409 7423//7408 7489//7475
f 7488//7474 7489//7475 7490//7476 3118//3026
f 7490//7476 7491//7477 3109//3017 3118//3026
f 7490//7476 7489//7475 3186//3110 3185//3109
f 7490//7476 3185//3109 7492//7478 7491//7477
f 7492//7478 3185//3109 3184//3108 7271//7255
f 7492//7478 7271//7255 7268//7252 7266//7250
f 7492//7478 7266//7250 7264//7248 7491//7477
f 7491//7477 7264//7248 3110//3018 3109//3017
f 7489//7475 7423//7408 3187//3111 3186//3110
f 7486//7472 7493//7479 7494//7480 7495//7481
f 7486//7472 7495//7481 7483//7469 7482//7468
f 7486//7472 7485//7471 3115//3023 7493//7479
f 7495//7481 7494//7480 7496//7482 7497//7483
f 7495//7481 7497//7483 7498//7484 7483//7469
f 7498//7484 7497//7483 7499//7485 7500//7486
f 7498//7484 7500//7486 7501//7487 7480//7466
f 7498//7484 7480//7466 7479//7465 7483//7469
f 7501//7487 7500//7486 7502//7488 7503//7489
f 7501//7487 7503//7489 7504//7490 7476//7462
f 7501//7487 7476//7462 7475//7461 7480//7466
f 7504//7490 7503//7489 7505//7491 7506//7492
f 7504//7490 7506//7492 7507//7493 7471//7457
f 7504//7490 7471//7457 7470//7456 7476//7462
f 7507//7493 7506//7492 7508//7494 7509//7495
f 7507//7493 7509//7495 7510//7496 7511//7497
f 7507//7493 7511//7497 7472//7458 7471//7457
f 7511//7497 7510//7496 7512//7498 7513//7499
f 7511//7497 7513//7499 7473//7459 7472//7458
f 7513//7499 7512//7498 7514//7500 7515//7501
f 7513//7499 7515//7501 7516//7502 7473//7459
f 7516//7502 7515//7501 7517//7503 7518//7504
f 7516//7502 7518//7504 7519//7505 7466//7452
f 7516//7502 7466//7452 7465//7451 7473//7459
f 7519//7505 7518//7504 7520//7506 7521//7507
f 7519//7505 7521//7507 7522//7508 7462//7448
f 7519//7505 7462//7448 7461//7447 7466//7452
f 7522//7508 7521//7507 7523//7509 7524//7510
f 7522//7508 7524//7510 7525//7511 7459//7445
f 7522//7508 7459//7445 7458//7444 7462//7448
f 7525//7511 7524//7510 7526//7512 7527//7513
f 7525//7511 7527//7513 3238//3172 3241//3175
f 7525//7511 3241//3175 7456//7442 7459//7445
f 7527//7513 7526//7512 7528//7514 7529//7515
f 7527//7513 7529//7515 3239//3173 3238//3172
f 7529//7515 7528//7514 7530//7516 7531//7517
f 7529//7515 7531//7517 3298//3245 3239//3173
f 7531//7517 7530//7516 7532//7518 7533//7519
f 7531//7517 7533//7519 3295//3242 3298//3245
f 7533//7519 7532//7518 7534//7520 7535//7521
f 7533//7519 7535//7521 3296//3243 3295//3242
f 7535//7521 7534//7520 7536//7522 7537//7523
f 7535//7521 7537//7523 7538//7524 3296//3243
f 7538//7524 7537//7523 7539//7525 7540//7526
f 7538//7524 7540//7526 3216//3147 3215//3146
f 7538//7524 3215//3146 3219//3150 3296//3243
f 7540//7526 7539//7525 7541//7527 7542//7528
f 7540//7526 7542//7528 7543//7529 3216//3147
f 7543//7529 7542//7528 7544//7530 7545//7531
f 7543//7529 7545//7531 7546//7532 7547//7533
f 7543//7529 7547//7533 3217//3148 3216//3147
f 7547//7533 7546//7532 7548//7534 7549//7535
f 7547//7533 7549//7535 3218//3149 3217//3148
f 7549//7535 7548//7534 7550//7536 7551//7537
f 7549//7535 7551//7537 3220//3151 3218//3149
f 7551//7537 7550//7536 7552//7538 7553//7539
f 7551//7537 7553//7539 7554//7540 3220//3151
f 7554//7540 7553//7539 7555//7541 7556//7542
f 7554//7540 7556//7542 3072//2973 3076//2977
f 7554//7540 3076//2977 3212//3142 3220//3151
f 7556//7542 7555//7541 7557//7543 7558//7544
f 7556//7542 7558//7544 3073//2974 3072//2973
f 7558//7544 7557//7543 3012//2903 7356//7341
f 7558//7544 7356//7341 7355//7340 3073//2974
f 7557//7543 7555//7541 7559//7545 7560//7546
f 7557//7543 7560//7546 3006//2897 3012//2903
f 7560//7546 7559//7545 7561//7547 7562//7548
f 7560//7546 7562//7548 3007//2898 3006//2897
f 7562//7548 7561//7547 7563//7549 7564//7550
f 7562//7548 7564//7550 7565//7551 3007//2898
f 7565//7551 7564//7550 3049//2947 3048//2946
f 7565//7551 3048//2946 3065//2966 3064//2965
f 7565//7551 3064//2965 3008//2899 3007//2898
f 7564//7550 7563//7549 7566//7552 3049//2947
f 7566//7552 7567//7553 7568//7554 7569//7555
f 7566//7552 7569//7555 3046//2944 3049//2947
f 7566//7552 7563//7549 7570//7556 7567//7553
f 7570//7556 7571//7557 7572//7558 7567//7553
f 7570//7556 7563//7549 7561//7547 7573//7559
f 7570//7556 7573//7559 7574//7560 7571//7557
f 7574//7560 7575//7561 7576//7562 7571//7557
f 7574//7560 7573//7559 7552//7538 7550//7536
f 7574//7560 7550//7536 7548//7534 7575//7561
f 7576//7562 7577//7563 7578//7564 7579//7565
f 7576//7562 7579//7565 7572//7558 7571//7557
f 7576//7562 7575//7561 7580//7566 7577//7563
f 7580//7566 7581//7567 7582//7568 7577//7563
f 7580//7566 7575//7561 7548//7534 7546//7532
f 7580//7566 7546//7532 7545//7531 7581//7567
f 7582//7568 7583//7569 7584//7570 7585//7571
f 7582//7568 7585//7571 7578//7564 7577//7563
f 7582//7568 7581//7567 7586//7572 7583//7569
f 7586//7572 7587//7573 7588//7574 7583//7569
f 7586//7572 7581//7567 7545//7531 7544//7530
f 7586//7572 7544//7530 7589//7575 7587//7573
f 7589//7575 7590//7576 7591//7577 7587//7573
f 7589//7575 7544//7530 7542//7528 7541//7527
f 7589//7575 7541//7527 7592//7578 7590//7576
f 7592//7578 7593//7579 7594//7580 7590//7576
f 7592//7578 7541//7527 7539//7525 7595//7581
f 7592//7578 7595//7581 7596//7582 7593//7579
f 7596//7582 7597//7583 7598//7584 7593//7579
f 7596//7582 7595//7581 7536//7522 7599//7585
f 7596//7582 7599//7585 7600//7586 7597//7583
f 7600//7586 7601//7587 7602//7588 7597//7583
f 7600//7586 7599//7585 7603//7589 7604//7590
f 7600//7586 7604//7590 3320//3271 7601//7587
f 7604//7590 7603//7589 7605//7591 7606//7592
f 7604//7590 7606//7592 3321//3272 3320//3271
f 7606//7592 7605//7591 7607//7593 7608//7594
f 7606//7592 7608//7594 3367//3324 3321//3272
f 7608//7594 7607//7593 7609//7595 7610//7596
f 7608//7594 7610//7596 7611//7597 3367//3324
f 7611//7597 3366//3323 3365//3322 3367//3324
f 7611//7597 7610//7596 7612//7598 7613//7599
f 7611//7597 7613//7599 7614//7600 3366//3323
f 7614//7600 7615//7601 3348//3303 3366//3323
f 7614//7600 7613//7599 7616//7602 7617//7603
f 7614//7600 7617//7603 7618//7604 7615//7601
f 7618//7604 7619//7605 7620//7606 7615//7601
f 7618//7604 7617//7603 7621//7607 7622//7608
f 7618//7604 7622//7608 7623//7609 7619//7605
f 7623//7609 7624//7610 7625//7611 7619//7605
f 7623//7609 7622//7608 7626//7612 7627//7613
f 7623//7609 7627//7613 7628//7614 7624//7610
f 7628//7614 7629//7615 7630//7616 7624//7610
f 7628//7614 7627//7613 7631//7617 7632//7618
f 7628//7614 7632//7618 7633//7619 7629//7615
f 7633//7619 7634//7620 7635//7621 7629//7615
f 7633//7619 7632//7618 7636//7622 7637//7617
f 7633//7619 7637//7617 7638//7623 7634//7620
f 7638//7623 7639//7624 7640//7625 7634//7620
f 7638//7623 7637//7617 7641//7626 7642//7627
f 7638//7623 7642//7627 7643//7628 7639//7624
f 7643//7628 7644//7629 7645//7630 7646//7631
f 7643//7628 7646//7631 7647//7632 7639//7624
f 7643//7628 7642//7627 7648//7633 7644//7629
f 7648//7633 7649//7634 7650//7635 7644//7629
f 7648//7633 7642//7627 7641//7626 7651//7636
f 7648//7633 7651//7636 7652//7637 7649//7634
f 7652//7637 7653//7638 7654//7639 7649//7634
f 7652//7637 7651//7636 7655//7640 7656//7641
f 7652//7637 7656//7641 7657//7642 7653//7638
f 7657//7642 7658//7643 7659//7644 7653//7638
f 7657//7642 7656//7641 7660//7645 7661//7646
f 7657//7642 7661//7646 7662//7647 7658//7643
f 7662//7647 7663//7648 7664//7649 7658//7643
f 7662//7647 7661//7646 7665//7650 7666//7651
f 7662//7647 7666//7651 7667//7652 7663//7648
f 7667//7652 7668//7653 7669//7654 7663//7648
f 7667//7652 7666//7651 7670//7655 7671//7656
f 7667//7652 7671//7656 7672//7657 7668//7653
f 7672//7657 7673//7658 7674//7659 7668//7653
f 7672//7657 7671//7656 7675//7660 7676//7661
f 7672//7657 7676//7661 7677//7662 7673//7658
f 7677//7662 7678//7663 7679//7664 7673//7658
f 7677//7662 7676//7661 7680//7665 7681//7666
f 7677//7662 7681//7666 7682//7667 7678//7663
f 7682//7667 7683//7668 7684//7669 7685//7670
f 7682//7667 7685//7670 7686//7671 7678//7663
f 7682//7667 7681//7666 7687//7672 7683//7668
f 7687//7672 7681//7666 7680//7665 7688//7673
f 7687//7672 7688//7673 7496//7482 7689//7674
f 7687//7672 7689//7674 7690//7675 7683//7668
f 7690//7675 7691//7676 7692//7677 7693//7678
f 7690//7675 7693//7678 7684//7669 7683//7668
f 7690//7675 7689//7674 7694//7679 7691//7676
f 7694//7679 7695//7680 7696//7681 7691//7676
f 7694//7679 7689//7674 7496//7482 7494//7480
f 7694//7679 7494//7480 7493//7479 7695//7680
f 7696//7681 3117//3025 7697//7682 7698//7683
f 7696//7681 7698//7683 7692//7677 7691//7676
f 7696//7681 7695//7680 3114//3022 3117//3025
f 7698//7683 7697//7682 7699//7684 7700//7685
f 7698//7683 7700//7685 7701//7686 7692//7677
f 7701//7686 7700//7685 7702//7687 7703//7688
f 7701//7686 7703//7688 7704//7689 7705//7690
f 7701//7686 7705//7690 7693//7678 7692//7677
f 7705//7690 7704//7689 7706//7691 7707//7692
f 7705//7690 7707//7692 7684//7669 7693//7678
f 7707//7692 7706//7691 7708//7693 7709//7694
f 7707//7692 7709//7694 7685//7670 7684//7669
f 7709//7694 7708//7693 7710//7695 7711//7696
f 7709//7694 7711//7696 7686//7671 7685//7670
f 7711//7696 7710//7695 7712//7697 7713//7698
f 7711//7696 7713//7698 7714//7699 7686//7671
f 7714//7699 7713//7698 7715//7700 7716//7701
f 7714//7699 7716//7701 7717//7702 7679//7664
f 7714//7699 7679//7664 7678//7663 7686//7671
f 7717//7702 7716//7701 7718//7703 7719//7704
f 7717//7702 7719//7704 7720//7705 7674//7659
f 7717//7702 7674//7659 7673//7658 7679//7664
f 7720//7705 7719//7704 3425//3394 3430//3399
f 7720//7705 3430//3399 7721//7706 7669//7654
f 7720//7705 7669//7654 7668//7653 7674//7659
f 7721//7706 3430//3399 3429//3398 7722//7707
f 7721//7706 7722//7707 7723//7708 7664//7649
f 7721//7706 7664//7649 7663//7648 7669//7654
f 7723//7708 7722//7707 7724//7709 7725//7710
f 7723//7708 7725//7710 7726//7711 7659//7644
f 7723//7708 7659//7644 7658//7643 7664//7649
f 7726//7711 7725//7710 7727//7712 7728//7713
f 7726//7711 7728//7713 7729//7714 7654//7639
f 7726//7711 7654//7639 7653//7638 7659//7644
f 7729//7714 7728//7713 7730//7715 7731//7716
f 7729//7714 7731//7716 7732//7717 7650//7635
f 7729//7714 7650//7635 7649//7634 7654//7639
f 7732//7717 7731//7716 7733//7718 7734//7719
f 7732//7717 7734//7719 7735//7720 7645//7630
f 7732//7717 7645//7630 7644//7629 7650//7635
f 7735//7720 7734//7719 7736//7721 7737//7722
f 7735//7720 7737//7722 7738//7723 7739//7724
f 7735//7720 7739//7724 7646//7631 7645//7630
f 7739//7724 7738//7723 7740//7725 7741//7726
f 7739//7724 7741//7726 7647//7632 7646//7631
f 7741//7726 7740//7725 7742//7727 7743//7728
f 7741//7726 7743//7728 7744//7729 7647//7632
f 7744//7729 7743//7728 7745//7730 7746//7731
f 7744//7729 7746//7731 7747//7732 7640//7625
f 7744//7729 7640//7625 7639//7624 7647//7632
f 7747//7732 7746//7731 7748//7733 7749//7734
f 7747//7732 7749//7734 7750//7735 7635//7621
f 7747//7732 7635//7621 7634//7620 7640//7625
f 7750//7735 7749//7734 7751//7736 7752//7737
f 7750//7735 7752//7737 7753//7738 7630//7616
f 7750//7735 7630//7616 7629//7615 7635//7621
f 7753//7738 7752//7737 7754//7739 7755//7740
f 7753//7738 7755//7740 7756//7741 7625//7611
f 7753//7738 7625//7611 7624//7610 7630//7616
f 7756//7741 7755//7740 3291//3237 3347//3302
f 7756//7741 3347//3302 3346//3301 7620//7606
f 7756//7741 7620//7606 7619//7605 7625//7611
f 7755//7740 7754//7739 3292//3238 3291//3237
f 7754//7739 7757//7742 3293//3239 3292//3238
f 7754//7739 7752//7737 7751//7736 7757//7742
f 7757//7742 7758//7743 7759//7744 3293//3239
f 7757//7742 7751//7736 7760//7745 7758//7743
f 7760//7745 7761//7746 7762//7747 7758//7743
f 7760//7745 7751//7736 7749//7734 7748//7733
f 7760//7745 7748//7733 7763//7748 7761//7746
f 7763//7748 7764//7749 7765//7750 7761//7746
f 7763//7748 7748//7733 7746//7731 7745//7730
f 7763//7748 7745//7730 7766//7751 7764//7749
f 7766//7751 7767//7752 7768//7753 7764//7749
f 7766//7751 7745//7730 7743//7728 7742//7727
f 7766//7751 7742//7727 7769//7754 7767//7752
f 7769//7754 7770//7755 7771//7756 7767//7752
f 7769//7754 7742//7727 7740//7725 7772//7757
f 7769//7754 7772//7757 7773//7758 7770//7755
f 7773//7758 7774//7759 7775//7760 7776//7761
f 7773//7758 7776//7761 7777//7762 7770//7755
f 7773//7758 7772//7757 7778//7763 7774//7759
f 7778//7763 7779//7764 7780//7765 7774//7759
f 7778//7763 7772//7757 7740//7725 7738//7723
f 7778//7763 7738//7723 7737//7722 7779//7764
f 7780//7765 7781//7766 7782//7767 7783//7768
f 7780//7765 7783//7768 7775//7760 7774//7759
f 7780//7765 7779//7764 7784//7769 7781//7766
f 7784//7769 7785//7770 7786//7771 7781//7766
f 7784//7769 7779//7764 7737//7722 7736//7721
f 7784//7769 7736//7721 7787//7772 7785//7770
f 7787//7772 7788//7773 7789//7774 7785//7770
f 7787//7772 7736//7721 7734//7719 7733//7718
f 7787//7772 7733//7718 7790//7775 7788//7773
f 7790//7775 7791//7776 7792//7777 7788//7773
f 7790//7775 7733//7718 7731//7716 7730//7715
f 7790//7775 7730//7715 7793//7778 7791//7776
f 7793//7778 7794//7779 7795//7780 7791//7776
f 7793//7778 7730//7715 7728//7713 7727//7712
f 7793//7778 7727//7712 7796//7781 7794//7779
f 7796//7781 7797//7782 7798//7783 7794//7779
f 7796//7781 7727//7712 7725//7710 7724//7709
f 7796//7781 7724//7709 3428//3397 7797//7782
f 7798//7783 7799//7784 7800//7785 7801//7786
f 7798//7783 7801//7786 7795//7780 7794//7779
f 7798//7783 7797//7782 7802//7787 7799//7784
f 7802//7787 7803//7788 7804//7789 7799//7784
f 7802//7787 7797//7782 3428//3397 3427//3396
f 7802//7787 3427//3396 3426//3395 7803//7788
f 7804//7789 7805//7790 7806//7791 7807//7792
f 7804//7789 7807//7792 7800//7785 7799//7784
f 7804//7789 7803//7788 7808//7793 7805//7790
f 7808//7793 7715//7700 7809//7794 7805//7790
f 7808//7793 7803//7788 3426//3395 7718//7703
f 7808//7793 7718//7703 7716//7701 7715//7700
f 7809//7794 7712//7697 7810//7795 7811//7796
f 7809//7794 7811//7796 7806//7791 7805//7790
f 7809//7794 7715//7700 7713//7698 7712//7697
f 7811//7796 7810//7795 7812//7797 7813//7798
f 7811//7796 7813//7798 7814//7799 7806//7791
f 7814//7799 7813//7798 7815//7800 7816//7801
f 7814//7799 7816//7801 7817//7802 7818//7803
f 7814//7799 7818//7803 7807//7792 7806//7791
f 7818//7803 7817//7802 7819//7804 7820//7805
f 7818//7803 7820//7805 7800//7785 7807//7792
f 7820//7805 7819//7804 7821//7806 7822//4030
f 7820//7805 7822//4030 7801//7786 7800//7785
f 7822//4030 7821//7806 7823//7807 7824//7808
f 7822//4030 7824//7808 7795//7780 7801//7786
f 7824//7808 7823//7807 7825//7809 7792//7777
f 7824//7808 7792//7777 7791//7776 7795//7780
f 7825//7809 7823//7807 7826//7810 7827//7811
f 7825//7809 7827//7811 7828//7812 7789//7774
f 7825//7809 7789//7774 7788//7773 7792//7777
f 7828//7812 7827//7811 7829//7813 7830//7814
f 7828//7812 7830//7814 7831//7815 7786//7771
f 7828//7812 7786//7771 7785//7770 7789//7774
f 7831//7815 7830//7814 7832//7816 7833//7817
f 7831//7815 7833//7817 7834//7818 7782//7767
f 7831//7815 7782//7767 7781//7766 7786//7771
f 7834//7818 7833//7817 7835//7819 7836//7820
f 7834//7818 7836//7820 7837//7821 7838//7822
f 7834//7818 7838//7822 7783//7768 7782//7767
f 7838//7822 7837//7821 7839//7823 7840//7824
f 7838//7822 7840//7824 7775//7760 7783//7768
f 7840//7824 7839//7823 7841//7825 7842//7826
f 7840//7824 7842//7826 7776//7761 7775//7760
f 7842//7826 7841//7825 7843//7827 7844//7828
f 7842//7826 7844//7828 7777//7762 7776//7761
f 7844//7828 7843//7827 7845//7829 7846//7830
f 7844//7828 7846//7830 7847//7831 7777//7762
f 7847//7831 7846//7830 7848//7832 7849//7833
f 7847//7831 7849//7833 7850//7834 7771//7756
f 7847//7831 7771//7756 7770//7755 7777//7762
f 7850//7834 7849//7833 7851//7835 7852//7836
f 7850//7834 7852//7836 7853//7837 7768//7753
f 7850//7834 7768//7753 7767//7752 7771//7756
f 7853//7837 7852//7836 7854//7838 7855//7839
f 7853//7837 7855//7839 7856//7840 7765//7750
f 7853//7837 7765//7750 7764//7749 7768//7753
f 7856//7840 7855//7839 7857//7841 7858//7842
f 7856//7840 7858//7842 7859//7843 7762//7747
f 7856//7840 7762//7747 7761//7746 7765//7750
f 7859//7843 7858//7842 7860//7844 7861//7845
f 7859//7843 7861//7845 7862//7846 7759//7744
f 7859//7843 7759//7744 7758//7743 7762//7747
f 7862//7846 7861//7845 7863//7847 7864//7848
f 7862//7846 7864//7848 3289//3235 3288//3234
f 7862//7846 3288//3234 3293//3239 7759//7744
f 7864//7848 7863//7847 7865//7849 7866//7850
f 7864//7848 7866//7850 7867//7851 3289//3235
f 7867//7851 7866//7850 7868//7852 7869//7853
f 7867//7851 7869//7853 7602//7588 3300//3246
f 7867//7851 3300//3246 3290//3236 3289//3235
f 7869//7853 7868//7852 7870//7854 7598//7584
f 7869//7853 7598//7584 7597//7583 7602//7588
f 7870//7854 7868//7852 7871//7855 7872//7856
f 7870//7854 7872//7856 7873//7857 7594//7580
f 7870//7854 7594//7580 7593//7579 7598//7584
f 7873//7857 7872//7856 7874//7858 7875//7859
f 7873//7857 7875//7859 7876//7860 7591//7577
f 7873//7857 7591//7577 7590//7576 7594//7580
f 7876//7860 7875//7859 7877//7861 7878//7862
f 7876//7860 7878//7862 7879//7863 7588//7574
f 7876//7860 7588//7574 7587//7573 7591//7577
f 7879//7863 7878//7862 7880//7864 7881//7865
f 7879//7863 7881//7865 7882//7866 7584//7570
f 7879//7863 7584//7570 7583//7569 7588//7574
f 7882//7866 7881//7865 7883//7867 7884//7868
f 7882//7866 7884//7868 7885//7869 7886//7870
f 7882//7866 7886//7870 7585//7571 7584//7570
f 7886//7870 7885//7869 7887//7871 7888//7872
f 7886//7870 7888//7872 7578//7564 7585//7571
f 7888//7872 7887//7871 7889//7873 7890//7874
f 7888//7872 7890//7874 7579//7565 7578//7564
f 7890//7874 7889//7873 7891//7875 7892//7876
f 7890//7874 7892//7876 7572//7558 7579//7565
f 7892//7876 7891//7875 7893//7877 7568//7554
f 7892//7876 7568//7554 7567//7553 7572//7558
f 7893//7877 7891//7875 7894//7878 7895//7879
f 7893//7877 7895//7879 3124//3033 7896//7880
f 7893//7877 7896//7880 7569//7555 7568//7554
f 7896//7880 3124//3033 3121//3030 3047//2945
f 7896//7880 3047//2945 3046//2944 7569//7555
f 7895//7879 7894//7878 7897//7881 7898//7882
f 7895//7879 7898//7882 3125//3034 3124//3033
f 7898//7882 7897//7881 7899//7883 7900//7884
f 7898//7882 7900//7884 3126//3035 3125//3034
f 7900//7884 7899//7883 7901//7885 7902//7886
f 7900//7884 7902//7886 7903//7887 3126//3035
f 7903//7887 7902//7886 7904//7888 7905//7889
f 7903//7887 7905//7889 7906//7890 7907//7891
f 7903//7887 7907//7891 3127//3036 3126//3035
f 7907//7891 7906//7890 7908//7892 7909//7893
f 7907//7891 7909//7893 3128//3037 3127//3036
f 7909//7893 7908//7892 3134//3044 3133//3043
f 7909//7893 3133//3043 3132//3042 3128//3037
f 7908//7892 7906//7890 7910//7894 7911//7895
f 7908//7892 7911//7895 7912//7896 3134//3044
f 7912//7896 7911//7895 7913//7897 7914//7898
f 7912//7896 7914//7898 2968//2850 7915//7899
f 7912//7896 7915//7899 3129//3039 3134//3044
f 7915//7899 2968//2850 2963//2845 7916//7900
f 7915//7899 7916//7900 3130//3040 3129//3039
f 7916//7900 2963//2845 2962//2844 7917//7901
f 7916//7900 7917//7901 3152//3066 3130//3040
f 7917//7901 2962//2844 7918//7902 7919//7903
f 7917//7901 7919//7903 3153//3067 3152//3066
f 7919//7903 7918//7902 7920//7904 7921//7905
f 7919//7903 7921//7905 3123//3032 3153//3067
f 7921//7905 7920//7904 7330//7314 7922//7906
f 7921//7905 7922//7906 3119//3028 3123//3032
f 7922//7906 7330//7314 7329//7313 7334//7318
f 7922//7906 7334//7318 3120//3029 3119//3028
f 7920//7904 7918//7902 7923//7907 7325//7309
f 7920//7904 7325//7309 7324//7308 7330//7314
f 7923//7907 7918//7902 2962//2844 2961//2843
f 7923//7907 2961//2843 2967//2849 7322//7306
f 7923//7907 7322//7306 7321//7305 7325//7309
f 7914//7898 7913//7897 7924//7908 7925//7909
f 7914//7898 7925//7909 2969//2851 2968//2850
f 7925//7909 7924//7908 497//3094 3174//3095
f 7925//7909 3174//3095 2970//2852 2969//2851
f 7924//7908 7926//7910 7927//7911 497//3094
f 7924//7908 7913//7897 7928//7912 7926//7910
f 7928//7912 7929//7913 7930//7914 7926//7910
f 7928//7912 7913//7897 7911//7895 7910//7894
f 7928//7912 7910//7894 7931//7915 7929//7913
f 7931//7915 7932//7916 7933//7917 7929//7913
f 7931//7915 7910//7894 7906//7890 7905//7889
f 7931//7915 7905//7889 7904//7888 7932//7916
f 7933//7917 3281//3222 7934//7918 7935//7919
f 7933//7917 7935//7919 7930//7914 7929//7913
f 7933//7917 7932//7916 3276//3217 3281//3222
f 7935//7919 7934//7918 7936//7920 7937//7921
f 7935//7919 7937//7921 7938//7922 7930//7914
f 7937//7921 7939//7923 3175//3096 7938//7922
f 7937//7921 7936//7920 7940//7924 7939//7923
f 7940//7924 7941//7925 7942//7926 7939//7923
f 7940//7924 7936//7920 7943//7927 7944//7928
f 7940//7924 7944//7928 7945//7929 7941//7925
f 7945//7929 7946//7930 7947//7931 7941//7925
f 7945//7929 7944//7928 7948//7932 7949//7933
f 7945//7929 7949//7933 7950//7934 7946//7930
f 7950//7934 7951//7935 7952//7936 7946//7930
f 7950//7934 7949//7933 7953//7937 3371//3330
f 7950//7934 3371//3330 3370//3329 7951//7935
f 7953//7937 7949//7933 7948//7932 7954//7938
f 7953//7937 7954//7938 3390//3352 3389//3351
f 7953//7937 3389//3351 3368//3326 3371//3330
f 7954//7938 7948//7932 7955//7939 7956//7940
f 7954//7938 7956//7940 3356//3312 3390//3352
f 7956//7940 7955//7939 7957//7941 7958//7942
f 7956//7940 7958//7942 3357//3313 3356//3312
f 7958//7942 7957//7941 3279//3220 7959//7943
f 7958//7942 7959//7943 3358//3314 3357//3313
f 7959//7943 3279//3220 3278//3219 7960//7944
f 7959//7943 7960//7944 7961//7945 3358//3314
f 7961//7945 7960//7944 7901//7885 7899//7883
f 7961//7945 7899//7883 7897//7881 7962//7946
f 7961//7945 7962//7946 3349//3305 3358//3314
f 7962//7946 7897//7881 7894//7878 7963//7947
f 7962//7946 7963//7947 3350//3306 3349//3305
f 7963//7947 7894//7878 7891//7875 7889//7873
f 7963//7947 7889//7873 7887//7871 3350//3306
f 7960//7944 3278//3219 3277//3218 7901//7885
f 7957//7941 7955//7939 7943//7927 7964//7948
f 7957//7941 7964//7948 3280//3221 3279//3220
f 7964//7948 7943//7927 7936//7920 7934//7918
f 7964//7948 7934//7918 3281//3222 3280//3221
f 7955//7939 7948//7932 7944//7928 7943//7927
f 7952//7936 3377//3338 3376//3337 7965//7949
f 7952//7936 7965//7949 7947//7931 7946//7930
f 7952//7936 7951//7935 7966//7950 3377//3338
f 7966//7950 3375//3335 7967//7951 7968//7952
f 7966//7950 7968//7952 3378//3339 3377//3338
f 7966//7950 7951//7935 3370//3329 3375//3335
f 7968//7952 7967//7951 7969//7953 7970//7954
f 7968//7952 7970//7954 3381//3342 3378//3339
f 7970//7954 7969//7953 7971//7955 3192//3117
f 7970//7954 3192//3117 500//3112 3381//3342
f 7971//7955 7972//7956 7973//7957 7974//7958
f 7971//7955 7974//7958 3193//3118 3192//3117
f 7971//7955 7969//7953 7975//7959 7972//7956
f 7975//7959 7976//7960 7977//7961 7972//7956
f 7975//7959 7969//7953 7967//7951 7978//7962
f 7975//7959 7978//7962 7979//7963 7976//7960
f 7979//7963 7980//7964 7981//7965 7976//7960
f 7979//7963 7978//7962 3374//3334 3373//3333
f 7979//7963 3373//3333 7982//7966 7980//7964
f 7982//7966 7983//7967 7984//7968 7980//7964
f 7982//7966 3373//3333 3372//3332 3402//3367
f 7982//7966 3402//3367 7985//7969 7983//7967
f 7985//7969 7986//7970 7987//7971 7983//7967
f 7985//7969 3402//3367 3392//3354 7988//7972
f 7985//7969 7988//7972 7989//7973 7986//7970
f 7989//7973 3423//3391 3422//3390 7986//7970
f 7989//7973 7988//7972 7990//7974 7991//7975
f 7989//7973 7991//7975 3424//3392 3423//3391
f 7991//7975 7990//7974 7992//7976 7993//7977
f 7991//7975 7993//7977 7994//7978 3424//3392
f 7994//7978 7995//7979 3411//3378 3424//3392
f 7994//7978 7993//7977 7996//7980 7997//7981
f 7994//7978 7997//7981 7998//7982 7995//7979
f 7998//7982 3420//3388 3412//3379 7995//7979
f 7998//7982 7997//7981 7999//7983 8000//7984
f 7998//7982 8000//7984 8001//7985 3420//3388
f 8001//7985 8002//7986 3417//3385 3420//3388
f 8001//7985 8000//7984 8003//7987 8004//7988
f 8001//7985 8004//7988 8005//7989 8002//7986
f 8005//7989 8006//7990 8007//7991 8002//7986
f 8005//7989 8004//7988 8008//7992 8009//7993
f 8005//7989 8009//7993 8010//7994 8006//7990
f 8010//7994 8011//7995 8012//7996 8006//7990
f 8010//7994 8009//7993 8013//7997 8014//7998
f 8010//7994 8014//7998 7860//7844 8011//7995
f 8014//7998 8013//7997 7865//7849 7863//7847
f 8014//7998 7863//7847 7861//7845 7860//7844
f 8013//7997 8009//7993 8008//7992 8015//7999
f 8013//7997 8015//7999 7871//7855 7865//7849
f 8015//7999 8008//7992 8016//8000 7874//7858
f 8015//7999 7874//7858 7872//7856 7871//7855
f 8016//8000 8008//7992 8004//7988 8003//7987
f 8016//8000 8003//7987 8017//8001 7877//7861
f 8016//8000 7877//7861 7875//7859 7874//7858
f 8017//8001 8003//7987 8000//7984 7999//7983
f 8017//8001 7999//7983 8018//8002 7880//7864
f 8017//8001 7880//7864 7878//7862 7877//7861
f 8018//8002 7999//7983 7997//7981 7996//7980
f 8018//8002 7996//7980 8019//8003 7883//7867
f 8018//8002 7883//7867 7881//7865 7880//7864
f 8019//8003 7996//7980 7993//7977 7992//7976
f 8019//8003 7992//7976 3353//3309 3352//3308
f 8019//8003 3352//3308 7884//7868 7883//7867
f 8012//7996 8020//8004 8021//8005 8022//8006
f 8012//7996 8022//8006 8007//7991 8006//7990
f 8012//7996 8011//7995 7857//7841 8020//8004
f 8022//8006 8021//8005 8023//8007 8024//8008
f 8022//8006 8024//8008 3418//3386 8007//7991
f 8024//8008 8023//8007 8025//8009 8026//8010
f 8024//8008 8026//8010 3419//3387 3418//3386
f 8026//8010 8025//8009 8027//8011 8028//8012
f 8026//8010 8028//8012 8029//8013 3419//3387
f 8029//8013 8028//8012 8030//8014 8031//8015
f 8029//8013 8031//8015 8032//8016 3413//3381
f 8029//8013 3413//3381 547//3380 3419//3387
f 8032//8016 8031//8015 8033//8017 8034//8018
f 8032//8016 8034//8018 8035//8019 8036//8020
f 8032//8016 8036//8020 3414//3382 3413//3381
f 8036//8020 8035//8019 8037//8021 8038//8022
f 8036//8020 8038//8022 3416//3384 3414//3382
f 8038//8022 8037//8021 8039//8023 8040//8024
f 8038//8022 8040//8024 8041//8025 3416//3384
f 8041//8025 8040//8024 8042//8026 8043//8027
f 8041//8025 8043//8027 3422//3390 3421//3389
f 8041//8025 3421//3389 3415//3383 3416//3384
f 8043//8027 8042//8026 8044//8028 7987//7971
f 8043//8027 7987//7971 7986//7970 3422//3390
f 8044//8028 8042//8026 8045//8029 8046//8030
f 8044//8028 8046//8030 8047//8031 7984//7968
f 8044//8028 7984//7968 7983//7967 7987//7971
f 8047//8031 8046//8030 8048//8032 8049//8033
f 8047//8031 8049//8033 8050//8034 7981//7965
f 8047//8031 7981//7965 7980//7964 7984//7968
f 8050//8034 8049//8033 8051//8035 8052//8036
f 8050//8034 8052//8036 8053//8037 7977//7961
f 8050//8034 7977//7961 7976//7960 7981//7965
f 8053//8037 8052//8036 8054//8038 8055//8039
f 8053//8037 8055//8039 8056//8040 7973//7957
f 8053//8037 7973//7957 7972//7956 7977//7961
f 8056//8040 8055//8039 8057//8041 8058//8042
f 8056//8040 8058//8042 8059//8043 8060//8044
f 8056//8040 8060//8044 7974//7958 7973//7957
f 8060//8044 8059//8043 3246//3181 511//3179
f 8060//8044 511//3179 3193//3118 7974//7958
f 8059//8043 8058//8042 8061//8045 8062//8046
f 8059//8043 8062//8046 8063//8047 3246//3181
f 8063//8047 8062//8046 8064//8048 8065//8049
f 8063//8047 8065//8049 3274//3214 3273//3213
f 8063//8047 3273//3213 3226//3158 3246//3181
f 8065//8049 8064//8048 8066//8050 8067//8051
f 8065//8049 8067//8051 3275//3215 3274//3214
f 8067//8051 8066//8050 3312//3260 3311//3259
f 8067//8051 3311//3259 8068//8052 3275//3215
f 8068//8052 3311//3259 3310//3258 8069//8053
f 8068//8052 8069//8053 8070//8054 8071//8055
f 8068//8052 8071//8055 3270//3210 3275//3215
f 8071//8055 8070//8054 8072//8056 8073//8057
f 8071//8055 8073//8057 3271//3211 3270//3210
f 8073//8057 8072//8056 8074//8058 8075//8059
f 8073//8057 8075//8059 3225//3157 3271//3211
f 8075//8059 8074//8058 8076//8060 8077//8061
f 8075//8059 8077//8061 3221//3153 3225//3157
f 8077//8061 8076//8060 3091//2995 3095//2999
f 8077//8061 3095//2999 3222//3154 3221//3153
f 8076//8060 8074//8058 8078//8062 8079//8063
f 8076//8060 8079//8063 3092//2996 3091//2995
f 8079//8063 8078//8062 8080//8064 8081//8065
f 8079//8063 8081//8065 8082//8066 3092//2996
f 8082//8066 8081//8065 8083//8067 8084//8068
f 8082//8066 8084//8068 8085//8069 8086//8070
f 8082//8066 8086//8070 3088//2992 3092//2996
f 8086//8070 8085//8069 8087//8071 8088//8072
f 8086//8070 8088//8072 3089//2993 3088//2992
f 8088//8072 8087//8071 8089//8073 8090//8074
f 8088//8072 8090//8074 8091//8075 3089//2993
f 8091//8075 3086//2989 3087//2990 3089//2993
f 8091//8075 8090//8074 8092//8076 8093//8077
f 8091//8075 8093//8077 3054//2953 3086//2989
f 8093//8077 8092//8076 8094//8078 8095//8079
f 8093//8077 8095//8079 3050//2949 3054//2953
f 8095//8079 8094//8078 8096//8080 8097//8081
f 8095//8079 8097//8081 3051//2950 3050//2949
f 8097//8081 8096//8080 481//2979 3083//2985
f 8097//8081 3083//2985 8098//8082 3051//2950
f 8098//8082 8099//8083 3052//2951 3051//2950
f 8098//8082 3083//2985 3082//2984 8100//8084
f 8098//8082 8100//8084 3189//3114 8099//8083
f 8100//8084 3082//2984 8101//8085 8102//8086
f 8100//8084 8102//8086 3190//3115 3189//3114
f 8102//8086 8101//8085 8103//8087 3380//3341
f 8102//8086 3380//3341 3379//3340 3190//3115
f 8103//8087 8101//8085 8104//8088 8105//8089
f 8103//8087 8105//8089 7947//7931 7965//7949
f 8103//8087 7965//7949 3376//3337 3380//3341
f 8105//8089 8104//8088 3176//3097 7942//7926
f 8105//8089 7942//7926 7941//7925 7947//7931
f 8104//8088 8101//8085 3082//2984 3081//2983
f 8104//8088 3081//2983 3084//2986 3176//3097
f 8099//8083 8106//8090 3055//2954 3052//2951
f 8099//8083 3189//3114 3188//3113 8106//8090
f 8106//8090 3090//2994 3085//2988 3055//2954
f 8106//8090 3188//3113 3093//2997 3090//2994
f 8096//8080 8094//8078 8107//8091 8108//8092
f 8096//8080 8108//8092 3078//2980 481//2979
f 8108//8092 8107//8091 8109//8093 8110//8094
f 8108//8092 8110//8094 8111//8095 3078//2980
f 8111//8095 8110//8094 8112//8096 8113//8097
f 8111//8095 8113//8097 8114//8098 8115//8099
f 8111//8095 8115//8099 3079//2981 3078//2980
f 8115//8099 8114//8098 2965//2847 2964//2846
f 8115//8099 2964//2846 2970//2852 3079//2981
f 8114//8098 8113//8097 8116//8100 8117//8101
f 8114//8098 8117//8101 8118//8102 2965//2847
f 8118//8102 8117//8101 8119//8103 8120//8104
f 8118//8102 8120//8104 2794//2648 2797//2651
f 8118//8102 2797//2651 2966//2848 2965//2847
f 8120//8104 8119//8103 8121//8105 8122//8106
f 8120//8104 8122//8106 2795//2649 2794//2648
f 8122//8106 8121//8105 8123//8107 8124//8108
f 8122//8106 8124//8108 5329//5303 2795//2649
f 8124//8108 8123//8107 8125//8109 5325//5299
f 8124//8108 5325//5299 5324//5298 5329//5303
f 8125//8109 8123//8107 8126//8110 8127//8111
f 8125//8109 8127//8111 8128//8112 5320//5294
f 8125//8109 5320//5294 5319//5293 5325//5299
f 8128//8112 8127//8111 8129//8113 8130//8114
f 8128//8112 8130//8114 8131//8115 5315//5289
f 8128//8112 5315//5289 5314//5288 5320//5294
f 8131//8115 8130//8114 8132//8116 8133//8117
f 8131//8115 8133//8117 8134//8118 5310//5284
f 8131//8115 5310//5284 5309//5283 5315//5289
f 8134//8118 8133//8117 8135//8119 8136//8120
f 8134//8118 8136//8120 8137//8121 5305//5279
f 8134//8118 5305//5279 5304//5278 5310//5284
f 8137//8121 8136//8120 8138//8122 8139//8123
f 8137//8121 8139//8123 8140//8124 5300//5274
f 8137//8121 5300//5274 5299//5273 5305//5279
f 8140//8124 8139//8123 2571//2392 2574//2396
f 8140//8124 2574//2396 2492//2302 5295//5269
f 8140//8124 5295//5269 5294//5268 5300//5274
f 8139//8123 8138//8122 2572//2393 2571//2392
f 8138//8122 8141//8125 2622//2450 2572//2393
f 8138//8122 8136//8120 8135//8119 8141//8125
f 8141//8125 2725//2570 423//2569 2622//2450
f 8141//8125 8135//8119 8142//8126 2725//2570
f 8142//8126 8143//8127 2726//2571 2725//2570
f 8142//8126 8135//8119 8133//8117 8132//8116
f 8142//8126 8132//8116 8144//8128 8143//8127
f 8144//8128 8145//8129 8146//8130 8143//8127
f 8144//8128 8132//8116 8130//8114 8129//8113
f 8144//8128 8129//8113 8147//8131 8145//8129
f 8147//8131 8148//8132 8149//8133 8145//8129
f 8147//8131 8129//8113 8127//8111 8126//8110
f 8147//8131 8126//8110 8150//8134 8148//8132
f 8150//8134 8151//8135 8152//8136 8148//8132
f 8150//8134 8126//8110 8123//8107 8121//8105
f 8150//8134 8121//8105 8119//8103 8151//8135
f 8152//8136 8153//8137 8154//8138 8155//8139
f 8152//8136 8155//8139 8149//8133 8148//8132
f 8152//8136 8151//8135 8116//8100 8153//8137
f 8155//8139 8154//8138 8156//8140 8157//8141
f 8155//8139 8157//8141 8158//8142 8149//8133
f 8158//8142 8157//8141 2910//2782 8159//8143
f 8158//8142 8159//8143 8160//8144 8146//8130
f 8158//8142 8146//8130 8145//8129 8149//8133
f 8160//8144 8159//8143 2816//2674 2815//2673
f 8160//8144 2815//2673 2727//2572 2726//2571
f 8160//8144 2726//2571 8143//8127 8146//8130
f 8159//8143 2910//2782 2909//2781 2816//2674
f 8157//8141 8156//8140 2911//2783 2910//2782
f 8156//8140 8161//8145 2912//2784 2911//2783
f 8156//8140 8154//8138 8162//8146 8161//8145
f 8162//8146 8109//8093 8163//8147 8161//8145
f 8162//8146 8154//8138 8153//8137 8112//8096
f 8162//8146 8112//8096 8110//8094 8109//8093
f 8163//8147 8164//8148 8089//8073 8165//8149
f 8163//8147 8165//8149 2912//2784 8161//8145
f 8163//8147 8109//8093 8107//8091 8164//8148
f 8165//8149 8089//8073 8087//8071 8166//8150
f 8165//8149 8166//8150 2913//2785 2912//2784
f 8166//8150 8087//8071 8085//8069 8167//8151
f 8166//8150 8167//8151 2916//2788 2913//2785
f 8167//8151 8085//8069 8084//8068 8168//8152
f 8167//8151 8168//8152 2941//2817 2916//2788
f 8168//8152 8084//8068 8083//8067 8169//8153
f 8168//8152 8169//8153 8170//8154 2941//2817
f 8170//8154 8169//8153 8171//8155 8172//8156
f 8170//8154 8172//8156 8173//8157 8174//8158
f 8170//8154 8174//8158 2939//2815 2941//2817
f 8174//8158 8173//8157 8175//8159 8176//8160
f 8174//8158 8176//8160 2940//2816 2939//2815
f 8176//8160 8175//8159 8177//8161 8178//8162
f 8176//8160 8178//8162 2841//2701 2940//2816
f 8178//8162 8177//8161 8179//8163 2783//2634
f 8178//8162 2783//2634 2782//2633 2841//2701
f 8179//8163 8177//8161 2899//2770 8180//8164
f 8179//8163 8180//8164 8181//8165 8182//8166
f 8179//8163 8182//8166 2780//2631 2783//2634
f 8182//8166 8181//8165 8183//8167 8184//8168
f 8182//8166 8184//8168 2781//2632 2780//2631
f 8184//8168 8183//8167 8185//8169 2656//2491
f 8184//8168 2656//2491 2655//2490 2781//2632
f 8185//8169 8183//8167 8186//8170 8187//8171
f 8185//8169 8187//8171 8188//8172 8189//8173
f 8185//8169 8189//8173 2650//2484 2656//2491
f 8189//8173 8188//8172 5171//5145 5170//5144
f 8189//8173 5170//5144 2651//2485 2650//2484
f 8188//8172 8187//8171 8190//8174 8191//8175
f 8188//8172 8191//8175 5173//5147 5171//5145
f 8191//8175 8190//8174 8192//8176 8193//8177
f 8191//8175 8193//8177 8194//8178 5173//5147
f 8194//8178 8193//8177 8195//8179 8196//8180
f 8194//8178 8196//8180 8197//8181 5176//5150
f 8194//8178 5176//5150 5174//5148 5173//5147
f 8197//8181 8196//8180 5187//5161 5185//5159
f 8197//8181 5185//5159 5183//5157 5179//5153
f 8197//8181 5179//5153 5177//5151 5176//5150
f 8196//8180 8195//8179 5189//5163 5187//5161
f 8195//8179 8198//8182 5191//5165 5189//5163
f 8195//8179 8193//8177 8192//8176 8198//8182
f 8198//8182 8199//8183 8200//8184 5191//5165
f 8198//8182 8192//8176 8201//8185 8199//8183
f 8201//8185 8202//8186 8203//8187 8199//8183
f 8201//8185 8192//8176 8190//8174 8204//8188
f 8201//8185 8204//8188 8205//8189 8202//8186
f 8205//8189 8206//8190 8207//8191 8202//8186
f 8205//8189 8204//8188 8186//8170 8208//8192
f 8205//8189 8208//8192 8209//8193 8206//8190
f 8209//8193 2898//2769 2901//2772 8206//8190
f 8209//8193 8208//8192 8181//8165 8180//8164
f 8209//8193 8180//8164 2899//2770 2898//2769
f 8208//8192 8186//8170 8183//8167 8181//8165
f 8207//8191 8210//8194 8211//8195 8212//8196
f 8207//8191 8212//8196 8203//8187 8202//8186
f 8207//8191 8206//8190 2901//2772 8210//8194
f 8212//8196 8211//8195 8213//8197 8214//8198
f 8212//8196 8214//8198 8215//8199 8203//8187
f 8215//8199 8214//8198 8216//8200 8217//8201
f 8215//8199 8217//8201 5194//5168 8200//8184
f 8215//8199 8200//8184 8199//8183 8203//8187
f 8217//8201 8216//8200 8218//8202 8219//8203
f 8217//8201 8219//8203 5195//5169 5194//5168
f 8219//8203 8218//8202 2710//2552 2709//2551
f 8219//8203 2709//2551 2708//2550 5195//5169
f 8218//8202 8216//8200 8220//8204 8221//8205
f 8218//8202 8221//8205 8222//8206 2710//2552
f 8222//8206 8221//8205 8223//8207 8224//8208
f 8222//8206 8224//8208 7176//7160 7175//7159
f 8222//8206 7175//7159 2711//2553 2710//2552
f 8224//8208 8223//8207 2924//2799 2923//2798
f 8224//8208 2923//2798 2927//2802 7176//7160
f 8223//8207 8225//8209 8226//8210 2924//2799
f 8223//8207 8221//8205 8220//8204 8225//8209
f 8226//8210 8227//8211 2925//2800 2924//2799
f 8226//8210 8225//8209 8228//8212 8229//8213
f 8226//8210 8229//8213 8230//8214 8227//8211
f 8230//8214 3015//2907 3014//2906 8227//8211
f 8230//8214 8229//8213 8231//8215 8232//8216
f 8230//8214 8232//8216 8233//8217 3015//2907
f 8233//8217 3022//2916 3016//2908 3015//2907
f 8233//8217 8232//8216 2934//2810 2936//2812
f 8233//8217 2936//2812 3000//2887 3022//2916
f 8232//8216 8231//8215 2935//2811 2934//2810
f 8231//8215 8229//8213 8228//8212 8234//8218
f 8231//8215 8234//8218 8235//8219 2935//2811
f 8235//8219 8234//8218 8211//8195 8210//8194
f 8235//8219 8210//8194 2901//2772 2900//2771
f 8235//8219 2900//2771 2903//2774 2935//2811
f 8234//8218 8228//8212 8213//8197 8211//8195
f 8228//8212 8225//8209 8220//8204 8213//8197
f 8227//8211 3014//2906 3019//2910 2925//2800
f 8220//8204 8216//8200 8214//8198 8213//8197
f 8204//8188 8190//8174 8187//8171 8186//8170
f 8200//8184 5194//5168 5192//5166 5191//5165
f 8177//8161 8175//8159 2895//2766 2899//2770
f 8175//8159 8173//8157 2896//2767 2895//2766
f 8173//8157 8172//8156 3020//2913 2896//2767
f 8172//8156 8171//8155 3021//2914 3020//2913
f 8171//8155 8236//8220 8237//8221 3021//2914
f 8171//8155 8169//8153 8083//8067 8236//8220
f 8237//8221 8238//8222 3001//2888 2999//2886
f 8237//8221 2999//2886 2998//2885 3021//2914
f 8237//8221 8236//8220 8080//8064 8238//8222
f 8238//8222 8239//8223 8240//8224 3001//2888
f 8238//8222 8080//8064 8078//8062 8239//8223
f 8240//8224 3163//3082 3002//2889 3001//2888
f 8240//8224 8239//8223 8072//8056 8070//8054
f 8240//8224 8070//8054 8069//8053 3163//3082
f 8239//8223 8078//8062 8074//8058 8072//8056
f 8236//8220 8083//8067 8081//8065 8080//8064
f 8164//8148 8092//8076 8090//8074 8089//8073
f 8164//8148 8107//8091 8094//8078 8092//8076
f 8153//8137 8116//8100 8113//8097 8112//8096
f 8151//8135 8119//8103 8117//8101 8116//8100
f 8069//8053 3310//3258 3164//3083 3163//3082
f 8066//8050 8241//8225 3313//3261 3312//3260
f 8066//8050 8064//8048 8242//8226 8241//8225
f 8242//8226 8243//8227 8244//8228 8241//8225
f 8242//8226 8064//8048 8062//8046 8061//8045
f 8242//8226 8061//8045 8245//8229 8243//8227
f 8245//8229 8246//8230 8247//8231 8243//8227
f 8245//8229 8061//8045 8058//8042 8057//8041
f 8245//8229 8057//8041 8248//8232 8246//8230
f 8248//8232 8249//8233 8250//8234 8246//8230
f 8248//8232 8057//8041 8055//8039 8054//8038
f 8248//8232 8054//8038 8251//8235 8249//8233
f 8251//8235 8252//8236 8253//8237 8249//8233
f 8251//8235 8054//8038 8052//8036 8051//8035
f 8251//8235 8051//8035 8254//8238 8252//8236
f 8254//8238 8255//8239 8256//8240 8252//8236
f 8254//8238 8051//8035 8049//8033 8048//8032
f 8254//8238 8048//8032 8257//8241 8255//8239
f 8257//8241 8258//8242 8259//8243 8255//8239
f 8257//8241 8048//8032 8046//8030 8045//8029
f 8257//8241 8045//8029 8039//8023 8258//8242
f 8259//8243 8260//8244 8261//8245 8262//8246
f 8259//8243 8262//8246 8256//8240 8255//8239
f 8259//8243 8258//8242 8263//8247 8260//8244
f 8263//8247 8264//8248 8265//8249 8260//8244
f 8263//8247 8258//8242 8039//8023 8037//8021
f 8263//8247 8037//8021 8035//8019 8264//8248
f 8265//8249 8266//8250 8267//8251 8268//8252
f 8265//8249 8268//8252 8261//8245 8260//8244
f 8265//8249 8264//8248 8269//8253 8266//8250
f 8269//8253 8270//8254 8271//8255 8266//8250
f 8269//8253 8264//8248 8035//8019 8034//8018
f 8269//8253 8034//8018 8033//8017 8270//8254
f 8271//8255 8272//8256 8273//8257 8274//8258
f 8271//8255 8274//8258 8267//8251 8266//8250
f 8271//8255 8270//8254 8275//8259 8272//8256
f 8275//8259 8276//8260 8277//8261 8272//8256
f 8275//8259 8270//8254 8033//8017 8278//8262
f 8275//8259 8278//8262 8279//8263 8276//8260
f 8279//8263 8280//8264 8281//8265 8276//8260
f 8279//8263 8278//8262 8030//8014 8282//8266
f 8279//8263 8282//8266 3442//3413 8280//8264
f 8282//8266 8030//8014 8028//8012 8027//8011
f 8282//8266 8027//8011 3440//3411 3442//3413
f 8281//8265 8283//8267 8284//8268 8285//8269
f 8281//8265 8285//8269 8277//8261 8276//8260
f 8281//8265 8280//8264 8286//8270 8283//8267
f 8286//8270 7845//7829 7843//7827 8283//8267
f 8286//8270 8280//8264 3442//3413 3439//3410
f 8286//8270 3439//3410 3438//3409 7845//7829
f 8285//8269 8284//8268 8287//8271 8288//8272
f 8285//8269 8288//8272 8289//8273 8277//8261
f 8289//8273 8290//8274 8291//8275 8273//8257
f 8289//8273 8273//8257 8272//8256 8277//8261
f 8289//8273 8288//8272 8292//8276 8290//8274
f 8292//8276 8293//8277 8294//8278 8290//8274
f 8292//8276 8288//8272 8287//8271 8295//8279
f 8292//8276 8295//8279 8296//8280 8293//8277
f 8296//8280 8297//8281 8298//8282 8293//8277
f 8296//8280 8295//8279 7837//7821 7836//7820
f 8296//8280 7836//7820 7835//7819 8297//8281
f 8298//8282 8299//8283 8300//8284 8301//8285
f 8298//8282 8301//8285 8294//8278 8293//8277
f 8298//8282 8297//8281 8302//8286 8299//8283
f 8302//8286 8303//8287 8304//8288 8299//8283
f 8302//8286 8297//8281 7835//7819 8305//8289
f 8302//8286 8305//8289 8306//8290 8303//8287
f 8306//8290 8307//8291 8308//8292 8303//8287
f 8306//8290 8305//8289 7832//7816 8309//8293
f 8306//8290 8309//8293 8310//8294 8307//8291
f 8310//8294 8311//8295 8312//8296 8307//8291
f 8310//8294 8309//8293 7829//7813 8313//8297
f 8310//8294 8313//8297 8314//8298 8311//8295
f 8314//8298 8315//8299 8316//8300 8311//8295
f 8314//8298 8313//8297 7826//7810 8317//8301
f 8314//8298 8317//8301 8318//8302 8315//8299
f 8318//8302 8319//8303 8320//8304 8315//8299
f 8318//8302 8317//8301 7821//7806 7819//7804
f 8318//8302 7819//7804 7817//7802 8319//8303
f 8320//8304 8321//8305 8322//8306 8323//8307
f 8320//8304 8323//8307 8316//8300 8315//8299
f 8320//8304 8319//8303 8324//8308 8321//8305
f 8324//8308 8325//8309 8326//8310 8321//8305
f 8324//8308 8319//8303 7817//7802 7816//7801
f 8324//8308 7816//7801 7815//7800 8325//8309
f 8326//8310 8327//8311 8328//8312 8329//8313
f 8326//8310 8329//8313 8322//8306 8321//8305
f 8326//8310 8325//8309 8330//8314 8327//8311
f 8330//8314 8331//8315 8332//8316 8327//8311
f 8330//8314 8325//8309 7815//7800 8333//8317
f 8330//8314 8333//8317 8334//8318 8331//8315
f 8334//8318 8335//8319 8336//8320 8331//8315
f 8334//8318 8333//8317 7812//7797 8337//8321
f 8334//8318 8337//8321 8338//8322 8335//8319
f 8338//8322 8339//8323 8340//8324 8335//8319
f 8338//8322 8337//8321 8341//8325 8342//8326
f 8338//8322 8342//8326 8343//8327 8339//8323
f 8343//8327 8344//8328 8345//8329 8339//8323
f 8343//8327 8342//8326 7708//7693 7706//7691
f 8343//8327 7706//7691 7704//7689 8344//8328
f 8345//8329 8346//8330 8347//8331 8348//8332
f 8345//8329 8348//8332 8340//8324 8339//8323
f 8345//8329 8344//8328 8349//8333 8346//8330
f 8349//8333 3259//3197 3258//3196 8346//8330
f 8349//8333 8344//8328 7704//7689 7703//7688
f 8349//8333 7703//7688 7702//7687 3259//3197
f 8348//8332 8347//8331 8350//8334 8351//8335
f 8348//8332 8351//8335 8352//8336 8340//8324
f 8352//8336 8351//8335 8353//8337 8354//8338
f 8352//8336 8354//8338 8355//8339 8336//8320
f 8352//8336 8336//8320 8335//8319 8340//8324
f 8355//8339 8354//8338 8356//8340 8357//8341
f 8355//8339 8357//8341 8358//8342 8332//8316
f 8355//8339 8332//8316 8331//8315 8336//8320
f 8358//8342 8357//8341 8359//8343 8360//8344
f 8358//8342 8360//8344 8361//8345 8328//8312
f 8358//8342 8328//8312 8327//8311 8332//8316
f 8361//8345 8360//8344 8362//8346 8363//8347
f 8361//8345 8363//8347 8364//8348 8365//8349
f 8361//8345 8365//8349 8329//8313 8328//8312
f 8365//8349 8364//8348 8366//8350 8367//8351
f 8365//8349 8367//8351 8322//8306 8329//8313
f 8367//8351 8366//8350 8368//8352 8369//8353
f 8367//8351 8369//8353 8323//8307 8322//8306
f 8369//8353 8368//8352 8370//8354 8371//8355
f 8369//8353 8371//8355 8316//8300 8323//8307
f 8371//8355 8370//8354 8372//8356 8312//8296
f 8371//8355 8312//8296 8311//8295 8316//8300
f 8372//8356 8370//8354 8373//8357 8374//8358
f 8372//8356 8374//8358 8375//8359 8308//8292
f 8372//8356 8308//8292 8307//8291 8312//8296
f 8375//8359 8374//8358 8376//8360 8377//8361
f 8375//8359 8377//8361 8378//8362 8304//8288
f 8375//8359 8304//8288 8303//8287 8308//8292
f 8378//8362 8377//8361 8379//8363 8380//8364
f 8378//8362 8380//8364 8381//8365 8300//8284
f 8378//8362 8300//8284 8299//8283 8304//8288
f 8381//8365 8380//8364 8382//8366 8383//8367
f 8381//8365 8383//8367 8384//8368 8385//8369
f 8381//8365 8385//8369 8301//8285 8300//8284
f 8385//8369 8384//8368 8386//8370 8387//8371
f 8385//8369 8387//8371 8294//8278 8301//8285
f 8387//8371 8386//8370 8388//8372 8291//8275
f 8387//8371 8291//8275 8290//8274 8294//8278
f 8388//8372 8386//8370 8389//8373 8390//8374
f 8388//8372 8390//8374 8267//8251 8274//8258
f 8388//8372 8274//8258 8273//8257 8291//8275
f 8390//8374 8389//8373 8391//8375 8392//8376
f 8390//8374 8392//8376 8268//8252 8267//8251
f 8392//8376 8391//8375 8393//8377 8394//8378
f 8392//8376 8394//8378 8261//8245 8268//8252
f 8394//8378 8393//8377 8395//8379 8396//8380
f 8394//8378 8396//8380 8262//8246 8261//8245
f 8396//8380 8395//8379 8397//8381 8398//8382
f 8396//8380 8398//8382 8256//8240 8262//8246
f 8398//8382 8397//8381 8399//8383 8253//8237
f 8398//8382 8253//8237 8252//8236 8256//8240
f 8399//8383 8397//8381 8400//8384 8401//8385
f 8399//8383 8401//8385 8402//8386 8250//8234
f 8399//8383 8250//8234 8249//8233 8253//8237
f 8402//8386 8401//8385 8403//8387 8404//8388
f 8402//8386 8404//8388 8405//8389 8247//8231
f 8402//8386 8247//8231 8246//8230 8250//8234
f 8405//8389 8404//8388 8406//8390 8407//8391
f 8405//8389 8407//8391 8408//8392 8244//8228
f 8405//8389 8244//8228 8243//8227 8247//8231
f 8408//8392 8407//8391 8409//8393 8410//8394
f 8408//8392 8410//8394 3314//3262 3313//3261
f 8408//8392 3313//3261 8241//8225 8244//8228
f 8410//8394 8409//8393 8411//8395 8412//8396
f 8410//8394 8412//8396 3317//3265 3314//3262
f 8412//8396 8411//8395 8413//8397 8414//8398
f 8412//8396 8414//8398 8415//8399 3317//3265
f 8415//8399 8414//8398 3333//3285 3330//3282
f 8415//8399 3330//3282 3329//3281 8416//8400
f 8415//8399 8416//8400 3315//3263 3317//3265
f 8416//8400 3329//3281 8417//8401 8418//8402
f 8416//8400 8418//8402 3316//3264 3315//3263
f 8418//8402 8417//8401 8419//8403 8420//8404
f 8418//8402 8420//8404 8421//8405 3316//3264
f 8421//8405 3166//3085 3165//3084 3316//3264
f 8421//8405 8420//8404 8422//8406 8423//8407
f 8421//8405 8423//8407 3167//3086 3166//3085
f 8423//8407 8422//8406 3203//3131 8424//8408
f 8423//8407 8424//8408 3024//2918 3167//3086
f 8424//8408 3203//3131 3097//3002 3096//3001
f 8424//8408 3096//3001 3017//2911 3024//2918
f 8422//8406 8420//8404 8419//8403 8425//8409
f 8422//8406 8425//8409 3204//3132 3203//3131
f 8425//8409 8419//8403 8426//8410 8427//8411
f 8425//8409 8427//8411 3206//3134 3204//3132
f 8427//8411 8426//8410 8428//8412 8429//8413
f 8427//8411 8429//8413 8430//8414 3206//3134
f 8430//8414 8431//8415 3205//3133 3206//3134
f 8430//8414 8429//8413 8432//8416 8433//8417
f 8430//8414 8433//8417 8434//8418 8431//8415
f 8434//8418 8435//8419 3099//3004 8431//8415
f 8434//8418 8433//8417 8436//8420 2928//2803
f 8434//8418 2928//2803 452//2797 8435//8419
f 8436//8420 8433//8417 8432//8416 8437//8421
f 8436//8420 8437//8421 8438//8422 8439//8423
f 8436//8420 8439//8423 2929//2804 2928//2803
f 8439//8423 8438//8422 8440//8424 8441//8425
f 8439//8423 8441//8425 8442//8426 2929//2804
f 8442//8426 8441//8425 2991//2877 8443//8427
f 8442//8426 8443//8427 7181//7165 7180//7164
f 8442//8426 7180//7164 2926//2801 2929//2804
f 8443//8427 2991//2877 2990//2876 7185//7169
f 8443//8427 7185//7169 7182//7166 7181//7165
f 8441//8425 8440//8424 2992//2878 2991//2877
f 8440//8424 8438//8422 8444//8428 8445//8429
f 8440//8424 8445//8429 2995//2881 2992//2878
f 8445//8429 8444//8428 8446//8430 8447//8431
f 8445//8429 8447//8431 8448//8432 2995//2881
f 8448//8432 8447//8431 8449//8433 8450//8434
f 8448//8432 8450//8434 8451//8435 8452//8436
f 8448//8432 8452//8436 2993//2879 2995//2881
f 8452//8436 8451//8435 8453//8437 8454//8438
f 8452//8436 8454//8438 2994//2880 2993//2879
f 8454//8438 8453//8437 7189//7173 7187//7171
f 8454//8438 7187//7171 7186//7170 2994//2880
f 8453//8437 8451//8435 8455//8439 8456//8440
f 8453//8437 8456//8440 7191//7175 7189//7173
f 8456//8440 8455//8439 3027//2922 3026//2921
f 8456//8440 3026//2921 7193//7177 7191//7175
f 8455//8439 8451//8435 8450//8434 8457//8441
f 8455//8439 8457//8441 3032//2927 3027//2922
f 8457//8441 8450//8434 8449//8433 8458//8442
f 8457//8441 8458//8442 8459//8443 3032//2927
f 8459//8443 8458//8442 8460//8444 8461//8445
f 8459//8443 8461//8445 8462//8446 8463//8447
f 8459//8443 8463//8447 3033//2928 3032//2927
f 8463//8447 8462//8446 8464//8448 8465//8449
f 8463//8447 8465//8449 3034//2929 3033//2928
f 8465//8449 8464//8448 8466//8450 8467//8451
f 8465//8449 8467//8451 8468//8452 3034//2929
f 8468//8452 8467//8451 8469//8453 8470//8454
f 8468//8452 8470//8454 3155//3070 3154//3069
f 8468//8452 3154//3069 3030//2925 3034//2929
f 8470//8454 8469//8453 8471//8455 8472//8456
f 8470//8454 8472//8456 8473//8457 3155//3070
f 8473//8457 8472//8456 8350//8334 8347//8331
f 8473//8457 8347//8331 8346//8330 3258//3196
f 8473//8457 3258//3196 515//3071 3155//3070
f 8472//8456 8471//8455 8474//8458 8350//8334
f 8474//8458 8471//8455 8475//8459 8476//8460
f 8474//8458 8476//8460 8477//8461 8353//8337
f 8474//8458 8353//8337 8351//8335 8350//8334
f 8477//8461 8476//8460 8478//8462 8479//8463
f 8477//8461 8479//8463 8480//8464 8356//8340
f 8477//8461 8356//8340 8354//8338 8353//8337
f 8480//8464 8479//8463 8481//8465 8482//8466
f 8480//8464 8482//8466 8483//8467 8359//8343
f 8480//8464 8359//8343 8357//8341 8356//8340
f 8483//8467 8482//8466 8484//8468 8485//8469
f 8483//8467 8485//8469 8486//8470 8362//8346
f 8483//8467 8362//8346 8360//8344 8359//8343
f 8486//8470 8485//8469 3400//3365 3396//3361
f 8486//8470 3396//3361 3394//3358 3404//3369
f 8486//8470 3404//3369 8363//8347 8362//8346
f 8485//8469 8484//8468 8487//8471 3400//3365
f 8487//8471 8488//8472 8489//8473 8490//8474
f 8487//8471 8490//8474 3397//3362 3400//3365
f 8487//8471 8484//8468 8491//8475 8488//8472
f 8491//8475 8492//8476 8493//8477 8488//8472
f 8491//8475 8484//8468 8482//8466 8481//8465
f 8491//8475 8481//8465 8494//8478 8492//8476
f 8494//8478 8495//8479 8496//8480 8492//8476
f 8494//8478 8481//8465 8479//8463 8478//8462
f 8494//8478 8478//8462 8497//8481 8495//8479
f 8497//8481 8498//8482 8499//8483 8495//8479
f 8497//8481 8478//8462 8476//8460 8475//8459
f 8497//8481 8475//8459 8500//8484 8498//8482
f 8500//8484 8466//8450 8501//8485 8498//8482
f 8500//8484 8475//8459 8471//8455 8469//8453
f 8500//8484 8469//8453 8467//8451 8466//8450
f 8501//8485 8502//8486 8503//8487 8504//8488
f 8501//8485 8504//8488 8499//8483 8498//8482
f 8501//8485 8466//8450 8464//8448 8502//8486
f 8504//8488 8503//8487 8505//8489 8506//8490
f 8504//8488 8506//8490 8507//8491 8499//8483
f 8507//8491 8506//8490 8508//8492 8509//8493
f 8507//8491 8509//8493 8510//8494 8496//8480
f 8507//8491 8496//8480 8495//8479 8499//8483
f 8510//8494 8509//8493 8511//8495 8512//8496
f 8510//8494 8512//8496 8513//8497 8493//8477
f 8510//8494 8493//8477 8492//8476 8496//8480
f 8513//8497 8512//8496 8514//8498 8515//8499
f 8513//8497 8515//8499 8516//8500 8489//8473
f 8513//8497 8489//8473 8488//8472 8493//8477
f 8516//8500 8515//8499 8517//8501 8518//8502
f 8516//8500 8518//8502 8519//8503 8520//8504
f 8516//8500 8520//8504 8490//8474 8489//8473
f 8520//8504 8519//8503 8521//8505 3398//3363
f 8520//8504 3398//3363 3397//3362 8490//8474
f 8521//8505 8519//8503 8522//8506 8523//8507
f 8521//8505 8523//8507 8524//8508 8525//8509
f 8521//8505 8525//8509 3399//3364 3398//3363
f 8525//8509 8524//8508 8526//8510 8527//8511
f 8525//8509 8527//8511 3401//3366 3399//3364
f 8527//8511 8526//8510 8373//8357 8528//8512
f 8527//8511 8528//8512 3405//3370 3401//3366
f 8528//8512 8373//8357 8370//8354 8368//8352
f 8528//8512 8368//8352 8366//8350 3405//3370
f 8526//8510 8524//8508 8529//8513 8376//8360
f 8526//8510 8376//8360 8374//8358 8373//8357
f 8529//8513 8524//8508 8523//8507 8530//8514
f 8529//8513 8530//8514 8531//8515 8379//8363
f 8529//8513 8379//8363 8377//8361 8376//8360
f 8531//8515 8530//8514 8532//8516 8533//8517
f 8531//8515 8533//8517 8534//8518 8382//8366
f 8531//8515 8382//8366 8380//8364 8379//8363
f 8534//8518 8533//8517 8535//8519 8536//8520
f 8534//8518 8536//8520 8537//8521 8538//8522
f 8534//8518 8538//8522 8383//8367 8382//8366
f 8538//8522 8537//8521 8539//8523 8540//8524
f 8538//8522 8540//8524 8384//8368 8383//8367
f 8540//8524 8539//8523 8391//8375 8389//8373
f 8540//8524 8389//8373 8386//8370 8384//8368
f 8539//8523 8537//8521 8541//8525 8542//8526
f 8539//8523 8542//8526 8393//8377 8391//8375
f 8542//8526 8541//8525 8543//8527 8544//8528
f 8542//8526 8544//8528 8395//8379 8393//8377
f 8544//8528 8543//8527 8545//8529 8400//8384
f 8544//8528 8400//8384 8397//8381 8395//8379
f 8545//8529 8546//8530 8547//8531 8403//8387
f 8545//8529 8403//8387 8401//8385 8400//8384
f 8545//8529 8543//8527 8548//8532 8546//8530
f 8548//8532 8549//8533 8550//8534 8546//8530
f 8548//8532 8543//8527 8541//8525 8551//8535
f 8548//8532 8551//8535 8552//8536 8549//8533
f 8552//8536 8553//8537 8554//8538 8549//8533
f 8552//8536 8551//8535 8536//8520 8535//8519
f 8552//8536 8535//8519 8555//8539 8553//8537
f 8555//8539 8556//8540 8557//8541 8553//8537
f 8555//8539 8535//8519 8533//8517 8532//8516
f 8555//8539 8532//8516 8522//8506 8556//8540
f 8557//8541 8517//8501 8558//8542 8559//8543
f 8557//8541 8559//8543 8554//8538 8553//8537
f 8557//8541 8556//8540 8518//8502 8517//8501
f 8559//8543 8558//8542 8560//8544 8561//8545
f 8559//8543 8561//8545 8562//8546 8554//8538
f 8562//8546 8561//8545 8563//8547 8564//8548
f 8562//8546 8564//8548 8565//8549 8550//8534
f 8562//8546 8550//8534 8549//8533 8554//8538
f 8565//8549 8564//8548 8566//8550 8567//8551
f 8565//8549 8567//8551 8406//8390 8547//8531
f 8565//8549 8547//8531 8546//8530 8550//8534
f 8567//8551 8566//8550 8411//8395 8409//8393
f 8567//8551 8409//8393 8407//8391 8406//8390
f 8566//8550 8564//8548 8563//8547 8568//8552
f 8566//8550 8568//8552 8413//8397 8411//8395
f 8568//8552 8563//8547 8569//8553 8570//8554
f 8568//8552 8570//8554 8571//8555 8413//8397
f 8571//8555 8570//8554 3408//3373 3393//3355
f 8571//8555 3393//3355 540//3286 3333//3285
f 8571//8555 3333//3285 8414//8398 8413//8397
f 8570//8554 8569//8553 8572//8556 3408//3373
f 8572//8556 8569//8553 8560//8544 8573//8557
f 8572//8556 8573//8557 8511//8495 8574//8558
f 8572//8556 8574//8558 3406//3371 3408//3373
f 8574//8558 8511//8495 8509//8493 8508//8492
f 8574//8558 8508//8492 3407//3372 3406//3371
f 8573//8557 8560//8544 8558//8542 8514//8498
f 8573//8557 8514//8498 8512//8496 8511//8495
f 8569//8553 8563//8547 8561//8545 8560//8544
f 8558//8542 8517//8501 8515//8499 8514//8498
f 8556//8540 8522//8506 8519//8503 8518//8502
f 8551//8535 8541//8525 8537//8521 8536//8520
f 8547//8531 8406//8390 8404//8388 8403//8387
f 8532//8516 8530//8514 8523//8507 8522//8506
f 8508//8492 8506//8490 8505//8489 3407//3372
f 8505//8489 8575//8559 3395//3359 3407//3372
f 8505//8489 8503//8487 8576//8560 8575//8559
f 8576//8560 8577//8561 3332//3284 8575//8559
f 8576//8560 8503//8487 8502//8486 8578//8562
f 8576//8560 8578//8562 8579//8563 8577//8561
f 8579//8563 8580//8564 8581//8565 8577//8561
f 8579//8563 8578//8562 8462//8446 8461//8445
f 8579//8563 8461//8445 8460//8444 8580//8564
f 8581//8565 8582//8566 3327//3279 3326//3278
f 8581//8565 3326//3278 3332//3284 8577//8561
f 8581//8565 8580//8564 8583//8567 8582//8566
f 8583//8567 8584//8568 8585//8569 8582//8566
f 8583//8567 8580//8564 8460//8444 8586//8570
f 8583//8567 8586//8570 8446//8430 8584//8568
f 8586//8570 8460//8444 8458//8442 8449//8433
f 8586//8570 8449//8433 8447//8431 8446//8430
f 8585//8569 8587//8571 8428//8412 8588//8572
f 8585//8569 8588//8572 3327//3279 8582//8566
f 8585//8569 8584//8568 8589//8573 8587//8571
f 8589//8573 8437//8421 8432//8416 8587//8571
f 8589//8573 8584//8568 8446//8430 8444//8428
f 8589//8573 8444//8428 8438//8422 8437//8421
f 8588//8572 8428//8412 8426//8410 8590//8574
f 8588//8572 8590//8574 3328//3280 3327//3279
f 8590//8574 8426//8410 8419//8403 8417//8401
f 8590//8574 8417//8401 3329//3281 3328//3280
f 8587//8571 8432//8416 8429//8413 8428//8412
f 8578//8562 8502//8486 8464//8448 8462//8446
f 8575//8559 3332//3284 3331//3283 3395//3359
f 8435//8419 3019//2910 3018//2909 3099//3004
f 8435//8419 452//2797 2925//2800 3019//2910
f 8431//8415 3099//3004 3098//3003 3205//3133
f 8366//8350 8364//8348 3403//3368 3405//3370
f 8364//8348 8363//8347 3404//3369 3403//3368
f 8342//8326 8341//8325 7710//7695 7708//7693
f 8341//8325 8337//8321 7812//7797 7810//7795
f 8341//8325 7810//7795 7712//7697 7710//7695
f 8333//8317 7815//7800 7813//7798 7812//7797
f 8317//8301 7826//7810 7823//7807 7821//7806
f 8313//8297 7829//7813 7827//7811 7826//7810
f 8309//8293 7832//7816 7830//7814 7829//7813
f 8305//8289 7835//7819 7833//7817 7832//7816
f 8295//8279 8287//8271 7839//7823 7837//7821
f 8287//8271 8284//8268 7841//7825 7839//7823
f 8284//8268 8283//8267 7843//7827 7841//7825
f 8278//8262 8033//8017 8031//8015 8030//8014
f 8045//8029 8042//8026 8040//8024 8039//8023
f 8027//8011 8025//8009 3441//3412 3440//3411
f 8025//8009 8023//8007 8591//8575 3441//3412
f 8591//8575 8592//8576 3437//3408 3441//3412
f 8591//8575 8023//8007 8021//8005 8593//8577
f 8591//8575 8593//8577 7851//7835 8592//8576
f 8593//8577 8021//8005 8020//8004 7854//7838
f 8593//8577 7854//7838 7852//7836 7851//7835
f 8592//8576 7848//7832 3438//3409 3437//3408
f 8592//8576 7851//7835 7849//7833 7848//7832
f 8020//8004 7857//7841 7855//7839 7854//7838
f 8011//7995 7860//7844 7858//7842 7857//7841
f 8007//7991 3418//3386 3417//3385 8002//7986
f 7995//7979 3412//3379 3410//3376 3411//3378
f 7992//7976 7990//7974 3354//3310 3353//3309
f 7990//7974 7988//7972 3392//3354 3354//3310
f 7978//7962 7967//7951 3375//3335 3374//3334
f 7942//7926 3176//3097 3175//3096 7939//7923
f 7932//7916 7904//7888 3277//3218 3276//3217
f 7930//7914 7938//7922 7927//7911 7926//7910
f 7904//7888 7902//7886 7901//7885 3277//3218
f 7887//7871 7885//7869 3351//3307 3350//3306
f 7885//7869 7884//7868 3352//3308 3351//3307
f 7871//7855 7868//7852 7866//7850 7865//7849
f 7848//7832 7846//7830 7845//7829 3438//3409
f 7724//7709 7722//7707 3429//3398 3428//3397
f 7719//7704 7718//7703 3426//3395 3425//3394
f 7702//7687 8594//8578 3260//3198 3259//3197
f 7702//7687 7700//7685 7699//7684 8594//8578
f 8594//8578 8595//8579 3263//3201 3260//3198
f 8594//8578 7699//7684 8596//8580 8595//8579
f 8596//8580 8597//8581 8598//8582 8595//8579
f 8596//8580 7699//7684 7697//7682 8599//8583
f 8596//8580 8599//8583 7261//7245 8597//8581
f 8599//8583 7697//7682 3117//3025 3113//3021
f 8599//8583 3113//3021 3112//3020 7261//7245
f 8598//8582 8600//8584 3233//3166 8601//8585
f 8598//8582 8601//8585 3263//3201 8595//8579
f 8598//8582 8597//8581 7258//7242 8600//8584
f 8601//8585 3233//3166 3160//3078 3234//3167
f 8601//8585 3234//3167 3261//3199 3263//3201
f 8600//8584 7255//7239 3162//3081 3233//3166
f 8600//8584 7258//7242 7256//7240 7255//7239
f 8597//8581 7261//7245 7259//7243 7258//7242
f 7695//7680 7493//7479 3115//3023 3114//3022
f 7688//7673 7680//7665 8602//8586 7499//7485
f 7688//7673 7499//7485 7497//7483 7496//7482
f 8602//8586 7680//7665 7676//7661 7675//7660
f 8602//8586 7675//7660 8603//8587 7502//7488
f 8602//8586 7502//7488 7500//7486 7499//7485
f 8603//8587 7675//7660 7671//7656 7670//7655
f 8603//8587 7670//7655 8604//8588 7505//7491
f 8603//8587 7505//7491 7503//7489 7502//7488
f 8604//8588 7670//7655 7666//7651 7665//7650
f 8604//8588 7665//7650 8605//8589 7508//7494
f 8604//8588 7508//7494 7506//7492 7505//7491
f 8605//8589 7665//7650 7661//7646 7660//7645
f 8605//8589 7660//7645 8606//8590 8607//8591
f 8605//8589 8607//8591 7509//7495 7508//7494
f 8607//8591 8606//8590 8608//8592 8609//8593
f 8607//8591 8609//8593 7510//7496 7509//7495
f 8609//8593 8608//8592 8610//8594 8611//8595
f 8609//8593 8611//8595 7512//7498 7510//7496
f 8611//8595 8610//8594 7631//7617 8612//8596
f 8611//8595 8612//8596 7514//7500 7512//7498
f 8612//8596 7631//7617 7627//7613 7626//7612
f 8612//8596 7626//7612 8613//8597 7514//7500
f 8613//8597 7626//7612 7622//7608 7621//7607
f 8613//8597 7621//7607 8614//8598 7517//7503
f 8613//8597 7517//7503 7515//7501 7514//7500
f 8614//8598 7621//7607 7617//7603 7616//7602
f 8614//8598 7616//7602 8615//8599 7520//7506
f 8614//8598 7520//7506 7518//7504 7517//7503
f 8615//8599 7616//7602 7613//7599 7612//7598
f 8615//8599 7612//7598 8616//8600 7523//7509
f 8615//8599 7523//7509 7521//7507 7520//7506
f 8616//8600 7612//7598 7610//7596 7609//7595
f 8616//8600 7609//7595 7528//7514 7526//7512
f 8616//8600 7526//7512 7524//7510 7523//7509
f 8610//8594 7636//7622 7632//7618 7631//7617
f 8610//8594 8608//8592 8617//8601 7636//7622
f 8617//8601 7655//7640 7651//7636 7641//7626
f 8617//8601 7641//7626 7637//7617 7636//7622
f 8617//8601 8608//8592 8606//8590 7655//7640
f 8606//8590 7660//7645 7656//7641 7655//7640
f 7620//7606 3346//3301 3348//3303 7615//7601
f 7609//7595 7607//7593 7530//7516 7528//7514
f 7607//7593 7605//7591 7532//7518 7530//7516
f 7605//7591 7603//7589 7534//7520 7532//7518
f 7603//7589 7599//7585 7536//7522 7534//7520
f 7602//7588 7601//7587 3301//3247 3300//3246
f 7601//7587 3320//3271 3302//3248 3301//3247
f 7595//7581 7539//7525 7537//7523 7536//7522
f 7573//7559 7561//7547 7559//7545 7552//7538
f 7559//7545 7555//7541 7553//7539 7552//7538
f 7477//7463 7467//7453 7434//7419 7433//7418
f 7467//7453 7463//7449 7436//7421 7434//7419
f 7380//7365 3170//3090 3169//3089 7375//7360
f 7371//7356 7370//7355 3169//3089 3168//3088
f 7357//7342 7353//7338 7303//7287 7301//7285
f 7356//7341 3012//2903 3011//2902 7352//7337
f 7348//7333 7346//7331 8618//8602 8619//8603
f 7348//7333 8619//8603 7309//7293 7308//7292
f 8619//8603 8618//8602 2804//2660 8620//8604
f 8619//8603 8620//8604 7310//7294 7309//7293
f 8620//8604 2804//2660 2803//2659 8621//8605
f 8620//8604 8621//8605 7312//7296 7310//7294
f 8621//8605 2803//2659 2808//2664 8622//8606
f 8621//8605 8622//8606 8623//8607 7312//7296
f 8623//8607 8622//8606 8624//8608 8625//8609
f 8623//8607 8625//8609 7326//7310 7315//7299
f 8623//8607 7315//7299 7313//7297 7312//7296
f 8625//8609 7331//7315 7327//7311 7326//7310
f 8625//8609 8624//8608 8626//8610 7331//7315
f 8626//8610 7335//7319 7332//7316 7331//7315
f 8626//8610 8624//8608 2844//2705 2843//2704
f 8626//8610 2843//2704 7337//7321 7335//7319
f 8624//8608 8622//8606 2808//2664 2844//2705
f 8618//8602 7346//7331 7344//7329 8627//8611
f 8618//8602 8627//8611 2805//2661 2804//2660
f 8627//8611 7344//7329 7342//7327 8628//8612
f 8627//8611 8628//8612 2806//2662 2805//2661
f 8628//8612 7342//7327 7340//7325 8629//8613
f 8628//8612 8629//8613 2842//2703 2806//2662
f 8629//8613 7340//7325 7338//7322 7337//7321
f 8629//8613 7337//7321 2843//2704 2842//2703
f 7334//7318 3044//2942 3043//2941 3120//3029
f 7326//7310 7319//7303 7316//7300 7315//7299
f 7322//7306 2967//2849 2793//2647 2792//2646
f 7272//7256 7271//7255 3184//3108 3183//3107
f 7255//7239 7253//7237 3158//3075 3162//3081
f 7253//7237 7250//7234 3159//3076 3158//3075
f 7248//7232 7247//7231 3157//3074 3159//3076
f 7247//7231 3060//2960 3059//2959 3157//3074
f 7247//7231 7245//7229 7244//7228 3060//2960
f 7244//7228 8630//8614 3056//2956 3060//2960
f 7244//7228 7240//7224 7239//7223 8630//8614
f 8630//8614 3156//3072 3057//2957 3056//2956
f 8630//8614 7239//7223 7238//7222 3156//3072
f 7238//7222 3028//2923 3031//2926 3156//3072
f 7238//7222 7236//7220 3029//2924 3028//2923
f 7197//7181 7195//7179 3025//2920 3029//2924
f 7195//7179 7193//7177 3026//2921 3025//2920
f 7186//7170 7185//7169 2990//2876 2994//2880
f 7180//7164 7178//7162 2927//2802 2926//2801
f 7163//7147 7162//7146 2812//2669 2814//2671
f 7144//7128 7143//7127 2715//2557 2714//2556
f 7143//7127 7139//7123 7138//7122 5201//5175
f 7143//7127 5201//5175 5199//5173 2715//2557
f 7138//7122 7134//7118 2604//2431 2603//2430
f 7138//7122 2603//2430 5202//5176 5201//5175
f 5409//5383 2768//2618 2700//2540 2697//2537
f 5408//5382 5407//5381 2681//2520 2686//2525
f 5384//5358 5362//5336 5358//5332 5357//5331
f 5382//5356 5367//5341 5363//5337 5362//5336
f 5379//5353 2955//2836 2957//2838 5375//5349
f 5371//5345 5370//5344 2957//2838 2956//2837
f 5346//5320 2755//2603 2754//2602 5341//5315
f 5342//5316 5339//5313 2600//2425 2598//2423
f 5338//5312 2754//2602 2693//2533 2692//2532
f 5330//5304 5326//5300 2479//2287 2464//2271
f 5329//5303 5328//5302 2796//2650 2795//2649
f 5322//5296 5321//5295 2480//2288 2479//2287
f 5295//5269 2492//2302 2491//2301 5290//5264
f 5276//5250 5076//5050 5072//5046 5071//5045
f 5272//5246 5071//5045 5067//5041 5066//5040
f 5268//5242 5066//5040 5063//5037 5062//5036
f 5264//5238 5061//5035 5060//5034 8631//8615
f 5264//5238 8631//8615 5250//5224 5259//5233
f 5264//5238 5263//5237 5062//5036 5061//5035
f 8631//8615 5060//5034 8632//8616 5245//5219
f 8631//8615 5245//5219 5244//5218 5250//5224
f 8632//8616 5060//5034 5058//5032 5057//5031
f 8632//8616 5057//5031 8633//8617 5240//5214
f 8632//8616 5240//5214 5239//5213 5245//5219
f 8633//8617 5057//5031 5053//5027 5052//5026
f 8633//8617 5052//5026 8634//8618 5235//5209
f 8633//8617 5235//5209 5234//5208 5240//5214
f 8634//8618 5052//5026 5048//5022 2434//2231
f 8634//8618 2434//2231 2426//2222 5230//5204
f 8634//8618 5230//5204 5229//5203 5235//5209
f 5230//5204 2426//2222 2425//2221 5225//5199
f 5215//5189 8635//8619 8636//8620 2525//2339
f 5215//5189 2525//2339 2524//2338 5210//5184
f 5215//5189 5214//5188 8637//8621 8635//8619
f 8637//8621 5021//4995 8638//8622 8635//8619
f 8637//8621 5214//5188 2432//2229 2431//2228
f 8637//8621 2431//2228 2430//2227 5021//4995
f 8638//8622 5018//4992 8639//8623 8640//8624
f 8638//8622 8640//8624 8636//8620 8635//8619
f 8638//8622 5021//4995 5019//4993 5018//4992
f 8640//8624 8639//8623 2581//2404 8641//8625
f 8640//8624 8641//8625 8642//8626 8636//8620
f 8642//8626 5034//5008 5039//5013 2526//2340
f 8642//8626 2526//2340 2525//2339 8636//8620
f 8642//8626 8641//8625 5035//5009 5034//5008
f 8641//8625 2581//2404 2580//2403 5035//5009
f 8639//8623 2590//2414 2582//2405 2581//2404
f 8639//8623 5018//4992 2591//2415 2590//2414
f 5199//5173 5197//5171 2707//2549 2715//2557
f 5077//5051 5076//5050 2511//2322 2510//2321
f 5044//5018 2549//2367 2548//2366 5041//5015
f 5039//5013 2553//2371 391//2337 2526//2340
f 5025//4999 5023//4997 2433//2230 2437//2234
f 5012//4986 5011//4985 4422//4396 8643//8627
f 5012//4986 8643//8627 402//2410 2589//2413
f 8643//8627 4422//4396 4418//4392 4417//4391
f 8643//8627 4417//4391 2592//2416 402//2410
f 5011//4985 4427//4401 4423//4397 4422//4396
f 5011//4985 5009//4983 5008//4982 4427//4401
f 5008//4982 4432//4406 4428//4402 4427//4401
f 5008//4982 5006//4980 5005//4979 4432//4406
f 5005//4979 4437//4411 4433//4407 4432//4406
f 5005//4979 5003//4977 5002//4976 4437//4411
f 5002//4976 4442//4416 4438//4412 4437//4411
f 5002//4976 4998//4972 4996//4970 4442//4416
f 4996//4970 4447//4421 4443//4417 4442//4416
f 4992//4966 4462//4436 4458//4432 4457//4431
f 4992//4966 4990//4964 8644//8628 4462//4436
f 8644//8628 4467//4441 4463//4437 4462//4436
f 8644//8628 4990//4964 4989//4963 8645//8629
f 8644//8628 8645//8629 8646//8630 4467//4441
f 8646//8630 4471//4445 4468//4442 4467//4441
f 8646//8630 8645//8629 8647//8631 8648//8632
f 8646//8630 8648//8632 8649//8633 4471//4445
f 8649//8633 4476//4450 4472//4446 4471//4445
f 8649//8633 8648//8632 8650//8634 8651//8635
f 8649//8633 8651//8635 8652//8636 4476//4450
f 8652//8636 4481//4455 4477//4451 4476//4450
f 8652//8636 8651//8635 8653//8637 8654//8638
f 8652//8636 8654//8638 8655//8639 4481//4455
f 8655//8639 4486//4460 4482//4456 4481//4455
f 8655//8639 8654//8638 8656//8640 8657//8641
f 8655//8639 8657//8641 8658//8642 4486//4460
f 8658//8642 4491//4465 4487//4461 4486//4460
f 8658//8642 8657//8641 8659//8643 8660//8644
f 8658//8642 8660//8644 8661//8645 4491//4465
f 8661//8645 4495//4469 4492//4466 4491//4465
f 8661//8645 8660//8644 8662//8646 8663//8647
f 8661//8645 8663//8647 4497//4471 4495//4469
f 8663//8647 8662//8646 4967//4941 8664//8648
f 8663//8647 8664//8648 4499//4473 4497//4471
f 8664//8648 4967//4941 4965//4939 4964//4938
f 8664//8648 4964//4938 8665//8649 4499//4473
f 8665//8649 4503//4477 4500//4474 4499//4473
f 8665//8649 4964//4938 4962//4936 4961//4935
f 8665//8649 4961//4935 8666//8650 4503//4477
f 8666//8650 4506//4480 4504//4478 4503//4477
f 8666//8650 4961//4935 4959//4933 4958//4932
f 8666//8650 4958//4932 8667//8651 4506//4480
f 8667//8651 8668//8652 4507//4481 4506//4480
f 8667//8651 4958//4932 4956//4930 4955//4929
f 8667//8651 4955//4929 3386//3348 8668//8652
f 8668//8652 8669//8653 4508//4482 4507//4481
f 8668//8652 3386//3348 3385//3347 8669//8653
f 8669//8653 4949//4923 8670//8654 4508//4482
f 8669//8653 3385//3347 3387//3349 4949//4923
f 8670//8654 4946//4920 8671//8655 4511//4485
f 8670//8654 4511//4485 4509//4483 4508//4482
f 8670//8654 4949//4923 4947//4921 4946//4920
f 8671//8655 4515//4489 4512//4486 4511//4485
f 8671//8655 4946//4920 4943//4917 8672//8656
f 8671//8655 8672//8656 4541//4515 4515//4489
f 8672//8656 4943//4917 4942//4916 4544//4518
f 8672//8656 4544//4518 4542//4516 4541//4515
f 8662//8646 8660//8644 8659//8643 4970//4944
f 8662//8646 4970//4944 4968//4942 4967//4941
f 8659//8643 8657//8641 8656//8640 4973//4947
f 8659//8643 4973//4947 4971//4945 4970//4944
f 8656//8640 8654//8638 8653//8637 4976//4950
f 8656//8640 4976//4950 4974//4948 4973//4947
f 8653//8637 8651//8635 8650//8634 4979//4953
f 8653//8637 4979//4953 4977//4951 4976//4950
f 8650//8634 8648//8632 8647//8631 4982//4956
f 8650//8634 4982//4956 4980//4954 4979//4953
f 8647//8631 8645//8629 4989//4963 4985//4959
f 8647//8631 4985//4959 4983//4957 4982//4956
f 4955//4929 4953//4927 3382//3344 3386//3348
f 4886//4860 4882//4856 4687//4661 4685//4659
f 4878//4852 4690//4664 4688//4662 4687//4661
f 4874//4848 4873//4847 4691//4665 4690//4664
f 4842//4816 2785//2637 2718//2561 4837//4811
f 4831//4805 4829//4803 386//2292 2486//2295
f 4829//4803 2537//2353 2489//2298 386//2292
f 4797//4771 2535//2349 2534//2350 8673//8657
f 4797//4771 8673//8657 8674//8658 4789//4763
f 8674//8658 8673//8657 4390//4364 8675//8659
f 8674//8658 8675//8659 8676//8660 8677//8661
f 8674//8658 8677//8661 4790//4764 4789//4763
f 8677//8661 8676//8660 8678//8662 8679//8663
f 8677//8661 8679//8663 4781//4755 4790//4764
f 8679//8663 8678//8662 8680//8664 8681//8665
f 8679//8663 8681//8665 4782//4756 4781//4755
f 8681//8665 8680//8664 4238//4212 8682//8666
f 8681//8665 8682//8666 4773//4747 4782//4756
f 8682//8666 4238//4212 4237//4211 4241//4215
f 8682//8666 4241//4215 4774//4748 4773//4747
f 8680//8664 8678//8662 8683//8667 8684//8668
f 8680//8664 8684//8668 4239//4213 4238//4212
f 8684//8668 8683//8667 8685//8669 8686//8670
f 8684//8668 8686//8670 4232//4206 4239//4213
f 8686//8670 8685//8669 4377//4351 4227//4201
f 8686//8670 4227//4201 4226//4200 4232//4206
f 8685//8669 8683//8667 8687//8671 4381//4355
f 8685//8669 4381//4355 4378//4352 4377//4351
f 8687//8671 8676//8660 8675//8659 4385//4359
f 8687//8671 4385//4359 4382//4356 4381//4355
f 8687//8671 8683//8667 8678//8662 8676//8660
f 8675//8659 4390//4364 4386//4360 4385//4359
f 8673//8657 2534//2350 4391//4365 4390//4364
f 4796//4770 2504//2315 2507//2318 2535//2349
f 4774//4748 4241//4215 2738//2584 2737//2583
f 4750//4724 4749//4723 2704//2545 2706//2547
f 4728//4702 4725//4699 4723//4697 4722//4696
f 4640//4614 2979//2862 2981//2864 4637//4611
f 4635//4609 2978//2861 2874//2739 2869//2734
f 4635//4609 2869//2734 2827//2686 4632//4606
f 4635//4609 4634//4608 2981//2864 2978//2861
f 4575//4549 4569//4543 4567//4541 4566//4540
f 4566//4540 4564//4538 3142//3054 3141//3053
f 4541//4515 4518//4492 4516//4490 4515//4489
f 4539//4513 4523//4497 4520//4494 4519//4493
f 4538//4512 3342//3297 3341//3296 4534//4508
f 4535//4509 4526//4500 4524//4498 4523//4497
f 4532//4506 3341//3296 3179//3101 3178//3100
f 4514//4488 4494//4468 3364//3321 3363//3320
f 4475//4449 3102//3008 3101//3007 4470//4444
f 4466//4440 4465//4439 3101//3007 3100//3006
f 4417//4391 4413//4387 4412//4386 2592//2416
f 4412//4386 4408//4382 2585//2408 401//2402
f 4412//4386 401//2402 2582//2405 2592//2416
f 4389//4363 2566//2386 2565//2385 4384//4358
f 4380//4354 2565//2385 397//2377 2562//2382
f 4377//4351 4373//4347 4228//4202 4227//4201
f 4376//4350 4375//4349 2562//2382 2561//2381
f 4354//4328 2890//2760 2889//2759 4210//4184
f 4344//4318 4201//4175 4200//4174 2892//2762
f 4340//4314 4339//4313 4202//4176 4201//4175
f 4339//4313 4335//4309 4334//4308 8688//8672
f 4339//4313 8688//8672 4193//4167 4202//4176
f 8688//8672 4334//4308 8689//8673 8690//8674
f 8688//8672 8690//8674 4194//4168 4193//4167
f 8690//8674 8689//8673 8691//8675 8692//8676
f 8690//8674 8692//8676 4186//4160 4194//4168
f 8692//8676 8691//8675 8693//8677 4182//4156
f 8692//8676 4182//4156 4181//4155 4186//4160
f 8693//8677 8691//8675 8694//8678 8695//8679
f 8693//8677 8695//8679 8696//8680 8697//8681
f 8693//8677 8697//8681 4183//4157 4182//4156
f 8697//8681 8696//8680 8698//8682 8699//8683
f 8697//8681 8699//8683 4174//4148 4183//4157
f 8699//8683 8698//8682 8700//8684 8701//8685
f 8699//8683 8701//8685 4175//4149 4174//4148
f 8701//8685 8700//8684 8702//8686 8703//8687
f 8701//8685 8703//8687 4166//4140 4175//4149
f 8703//8687 8702//8686 8704//8688 8705//4132
f 8703//8687 8705//4132 4167//4141 4166//4140
f 8705//4132 8704//8688 8706//8689 8707//8690
f 8705//4132 8707//8690 4159//4133 4167//4141
f 8707//8690 8706//8689 3304//3251 3303//3250
f 8707//8690 3303//3250 3309//3256 4159//4133
f 8706//8689 8704//8688 8708//8691 8709//8692
f 8706//8689 8709//8692 3231//3164 3304//3251
f 8709//8692 8708//8691 8710//8693 8711//8694
f 8709//8692 8711//8694 3227//3160 3231//3164
f 8711//8694 8710//8693 8712//8695 8713//8696
f 8711//8694 8713//8696 3228//3161 3227//3160
f 8713//8696 8712//8695 8714//8697 8715//8698
f 8713//8696 8715//8698 8716//8699 3228//3161
f 8716//8699 8715//8698 8717//8700 8718//8701
f 8716//8699 8718//8701 8719//8702 8720//8703
f 8716//8699 8720//8703 3229//3162 3228//3161
f 8720//8703 8719//8702 8721//8704 8722//8705
f 8720//8703 8722//8705 3232//3165 3229//3162
f 8722//8705 8721//8704 8723//8706 8724//8707
f 8722//8705 8724//8707 3306//3253 3232//3165
f 8724//8707 8723//8706 4154//4128 4153//4127
f 8724//8707 4153//4127 3307//3254 3306//3253
f 8723//8706 8721//8704 8725//8708 8726//8709
f 8723//8706 8726//8709 8727//8710 4154//4128
f 8727//8710 8726//8709 8728//8711 8729//8712
f 8727//8710 8729//8712 8730//8713 4149//4123
f 8727//8710 4149//4123 4148//4122 4154//4128
f 8730//8713 8729//8712 8731//8714 8732//8715
f 8730//8713 8732//8715 8733//8716 4144//4118
f 8730//8713 4144//4118 4143//4117 4149//4123
f 8733//8716 8732//8715 8734//8717 8735//8718
f 8733//8716 8735//8718 8736//8719 4139//4113
f 8733//8716 4139//4113 4138//4112 4144//4118
f 8736//8719 8735//8718 8737//8720 8738//8721
f 8736//8719 8738//8721 8739//8722 4134//4108
f 8736//8719 4134//4108 4133//4107 4139//4113
f 8739//8722 8738//8721 8740//8723 8741//8724
f 8739//8722 8741//8724 8742//8725 4129//4103
f 8739//8722 4129//4103 4128//4102 4134//4108
f 8742//8725 8741//8724 8743//8726 8744//8727
f 8742//8725 8744//8727 8745//8728 4124//4098
f 8742//8725 4124//4098 4123//4097 4129//4103
f 8745//8728 8746//8729 8747//8730 4119//4093
f 8745//8728 4119//4093 4118//4092 4124//4098
f 8745//8728 8744//8727 8748//8731 8746//8729
f 8748//8731 8749//8732 4054//4028 8746//8729
f 8748//8731 8744//8727 8743//8726 8750//8733
f 8748//8731 8750//8733 8751//8734 8749//8732
f 8751//8734 4059//4033 4057//4031 8749//8732
f 8751//8734 8750//8733 8752//8735 4064//4038
f 8751//8734 4064//4038 4061//4035 4059//4033
f 8752//8735 8750//8733 8743//8726 8753//8736
f 8752//8735 8753//8736 8754//8737 4067//4041
f 8752//8735 4067//4041 4065//4039 4064//4038
f 8754//8737 8753//8736 8740//8723 8755//8738
f 8754//8737 8755//8738 8756//8739 4070//4044
f 8754//8737 4070//4044 4068//4042 4067//4041
f 8756//8739 8757//8740 4071//4045 4070//4044
f 8756//8739 8755//8738 8737//8720 8758//8741
f 8756//8739 8758//8741 8759//8742 8757//8740
f 8759//8742 8760//8743 8761//8744 8757//8740
f 8759//8742 8758//8741 8734//8717 8762//8745
f 8759//8742 8762//8745 8763//8746 8760//8743
f 8763//8746 8764//8747 8765//8748 8760//8743
f 8763//8746 8762//8745 8731//8714 8766//8749
f 8763//8746 8766//8749 8767//8750 8764//8747
f 8767//8750 8768//8751 8769//8752 8764//8747
f 8767//8750 8766//8749 8728//8711 8770//8753
f 8767//8750 8770//8753 8771//8754 8768//8751
f 8771//8754 8772//8755 8773//8756 8768//8751
f 8771//8754 8770//8753 8725//8708 8774//8757
f 8771//8754 8774//8757 8775//8758 8772//8755
f 8775//8758 8776//8759 8777//8760 8772//8755
f 8775//8758 8774//8757 8719//8702 8718//8701
f 8775//8758 8718//8701 8717//8700 8776//8759
f 8777//8760 8778//8761 8779//8762 8780//8763
f 8777//8760 8780//8763 8773//8756 8772//8755
f 8777//8760 8776//8759 8781//8764 8778//8761
f 8781//8764 8782//8765 8783//8766 8778//8761
f 8781//8764 8776//8759 8717//8700 8784//8767
f 8781//8764 8784//8767 4305//4279 8782//8765
f 8784//8767 8717//8700 8715//8698 8714//8697
f 8784//8767 8714//8697 4306//4280 4305//4279
f 8783//8766 8785//8768 8779//8762 8778//8761
f 8783//8766 8782//8765 4302//4276 8786//8769
f 8783//8766 8786//8769 8787//8770 8785//8768
f 8787//8770 8788//8771 8789//8772 8785//8768
f 8787//8770 8786//8769 4297//4271 4296//4270
f 8787//8770 4296//4270 8790//8773 8788//8771
f 8790//8773 8791//8774 8792//8775 8788//8771
f 8790//8773 4296//4270 4294//4268 4293//4267
f 8790//8773 4293//4267 8793//8776 8791//8774
f 8793//8776 8794//8777 8795//8778 8791//8774
f 8793//8776 4293//4267 4291//4265 4290//4264
f 8793//8776 4290//4264 8796//8779 8794//8777
f 8796//8779 4103//4077 4102//4076 8794//8777
f 8796//8779 4290//4264 4288//4262 4287//4261
f 8796//8779 4287//4261 4105//4079 4103//4077
f 8795//8778 4098//4072 4094//4068 4093//4067
f 8795//8778 4093//4067 8792//8775 8791//8774
f 8795//8778 8794//8777 4102//4076 4098//4072
f 8792//8775 4093//4067 4090//4064 4089//4063
f 8792//8775 4089//4063 8789//8772 8788//8771
f 8789//8772 4089//4063 4088//4062 8797//8780
f 8789//8772 8797//8780 8779//8762 8785//8768
f 8797//8780 4088//4062 4087//4061 8798//8781
f 8797//8780 8798//8781 8780//8763 8779//8762
f 8798//8781 4087//4061 8799//8782 8800//8783
f 8798//8781 8800//8783 8773//8756 8780//8763
f 8800//8783 8799//8782 8801//8784 8769//8752
f 8800//8783 8769//8752 8768//8751 8773//8756
f 8801//8784 8799//8782 4084//4058 8802//8785
f 8801//8784 8802//8785 8803//8786 8765//8748
f 8801//8784 8765//8748 8764//8747 8769//8752
f 8803//8786 8802//8785 4076//4050 4074//4048
f 8803//8786 4074//4048 4072//4046 8761//8744
f 8803//8786 8761//8744 8760//8743 8765//8748
f 8802//8785 4084//4058 4078//4052 4076//4050
f 8799//8782 4087//4061 4085//4059 4084//4058
f 8786//8769 4302//4276 4298//4272 4297//4271
f 8782//8765 4305//4279 4303//4277 4302//4276
f 8774//8757 8725//8708 8721//8704 8719//8702
f 8770//8753 8728//8711 8726//8709 8725//8708
f 8766//8749 8731//8714 8729//8712 8728//8711
f 8762//8745 8734//8717 8732//8715 8731//8714
f 8761//8744 4072//4046 4071//4045 8757//8740
f 8758//8741 8737//8720 8735//8718 8734//8717
f 8755//8738 8740//8723 8738//8721 8737//8720
f 8753//8736 8743//8726 8741//8724 8740//8723
f 8749//8732 4057//4031 4055//4029 4054//4028
f 8747//8730 4052//4026 4050//4024 4114//4088
f 8747//8730 4114//4088 4113//4087 4119//4093
f 8747//8730 8746//8729 4054//4028 4052//4026
f 8714//8697 8712//8695 4307//4281 4306//4280
f 8712//8695 8710//8693 4309//4283 4307//4281
f 8710//8693 8708//8691 8804//8787 4309//4283
f 8804//8787 8708//8691 8704//8688 8702//8686
f 8804//8787 8702//8686 8700//8684 4312//4286
f 8804//8787 4312//4286 4310//4284 4309//4283
f 8700//8684 8698//8682 4313//4287 4312//4286
f 8698//8682 8696//8680 4314//4288 4313//4287
f 8696//8680 8695//8679 4316//4290 4314//4288
f 8695//8679 8694//8678 4318//4292 4316//4290
f 8694//8678 4329//4303 4325//4299 4318//4292
f 8694//8678 8691//8675 8689//8673 4329//4303
f 8689//8673 4334//4308 4330//4304 4329//4303
f 4287//4261 4285//4259 4107//4081 4105//4079
f 4285//4259 4115//4089 4109//4083 4107//4081
f 4261//4235 4257//4231 2922//2796 2921//2795
f 4233//4207 4223//4197 8805//8788 2859//2723
f 8805//8788 4223//4197 4219//4193 4218//4192
f 8805//8788 4218//4192 8806//8789 8807//8790
f 8805//8788 8807//8790 2860//2724 2859//2723
f 8807//8790 8806//8789 4196//4170 4189//4163
f 8807//8790 4189//4163 2861//2725 2860//2724
f 8806//8789 4218//4192 4214//4188 4205//4179
f 8806//8789 4205//4179 4197//4171 4196//4170
f 4187//4161 4178//4152 2865//2729 2862//2726
f 4114//4088 4050//4024 4048//4022 4111//4085
f 4097//4071 4031//4005 4029//4003 4028//4002
f 4097//4071 4028//4002 4083//4057 4092//4066
f 4097//4071 4096//4070 4033//4007 4031//4005
f 4083//4057 4028//4002 4026//4000 4080//4054
f 3976//3951 3972//3947 3970//3945 3969//3944
f 3944//3919 3943//3918 3431//3401 3436//3406
f 3942//3917 3917//3892 3916//3891 3921//3896
f 3938//3913 3921//3896 3269//3208 3266//3205
f 3926//3901 3924//3899 3145//3058 3149//3062
f 3924//3899 3922//3897 3146//3059 3145//3058
f 3922//3897 3919//3894 3918//3893 3146//3059
f 3409//3374 3369//3327 3388//3350 3391//3353
f 3389//3351 3388//3350 3369//3327 3368//3326
f 3381//3342 500//3112 3190//3115 3379//3340
f 3344//3299 3343//3298 3324//3275 3323//3274
f 3318//3267 3255//3193 3254//3192 3181//3103
f 3306//3253 3305//3252 3230//3163 3232//3165
f 3305//3252 3304//3251 3231//3164 3230//3163
f 3299//7440 3242//3176 3240//3174 3297//3244
f 3298//3245 3297//3244 3240//3174 3239//3173
f 3285//3227 3284//3226 3210//3139 3214//3145
f 3285//3227 3214//3145 3211//3140 3283//3225
f 3284//3226 3283//3225 3211//3140 3210//3139
f 3273//3213 3272//3212 3224//3156 3226//3158
f 3272//3212 3271//3211 3225//3157 3224//3156
f 3262//3200 3058//2958 3057//2957 493//3068
f 3262//3200 3261//3199 3234//3167 3161//3080
f 3262//3200 3161//3080 3061//2961 3058//2958
f 3254//3192 3106//3013 3104//3011 3181//3103
f 3245//3180 3222//3154 3095//2999 3094//2998
f 3245//3180 3094//2998 3093//2997 3191//3116
f 3212//3142 3076//2977 3075//2976 3207//3136
f 3208//3137 3207//3136 3075//2976 3077//2978
f 3174//3095 3080//2982 3079//2981 2970//2852
f 7927//7911 7938//7922 3175//3096 497//3094
f 3167//3086 3024//2918 471//2915 3023//2917
f 3153//3067 3123//3032 3122//3031 3151//3065
f 3151//3065 3122//3031 3128//3037 3132//3042
f 3121//3030 3120//3029 3043//2941 3047//2945
f 3067//2968 3013//2904 3009//2900 3063//2964
f 3064//2965 3063//2964 3009//2900 3008//2899
f 3065//2966 3048//2946 475//2940 3068//7324
f 3040//2937 2948//2827 464//2826 2997//2883
f 3040//2937 3003//2891 2952//2832 2948//2827
f 3038//2935 2987//2871 2986//2870 3035//2931
f 3023//2917 3022//2916 3000//2887 495//2890
f 3003//2891 2988//2872 2953//2833 2952//2832
f 2988//2872 2983//2867 2954//2834 2953//2833
f 2985//2869 2958//2839 2888//2757 2982//2866
f 2983//2867 2932//2807 2931//2806 2954//2834
f 2982//2866 2888//2757 2887//2756 2932//2807
f 2975//2858 2974//2857 8808//8791 8809//8792
f 2975//2858 8809//8792 2870//2735 2874//2739
f 8809//8792 8808//8791 8810//8793 8811//8794
f 8809//8792 8811//8794 2871//2736 2870//2735
f 8811//8794 8810//8793 2914//2786 2917//2790
f 8811//8794 2917//2790 2938//2814 2871//2736
f 8810//8793 8808//8791 2851//2713 8812//8795
f 8810//8793 8812//8795 2915//2787 2914//2786
f 8812//8795 2851//2713 2847//2709 2820//2678
f 8812//8795 2820//2678 2817//2675 2915//2787
f 8808//8791 2974//2857 2849//2711 2851//2713
f 2974//2857 2973//2856 2850//2712 2849//2711
f 2967//2849 2966//2848 2797//2651 2793//2647
f 2954//2834 2931//2806 2930//2805 2949//2829
f 2952//2832 2951//2831 2946//2824 2948//2827
f 2951//2831 2950//2830 2947//2825 2946//2824
f 2950//2830 2949//2829 2930//2805 8813//8796
f 2950//2830 8813//8796 8814//8797 2947//2825
f 8814//8797 8813//8796 2885//2753 2879//2746
f 8814//8797 2879//2746 2876//2743 2908//2779
f 8814//8797 2908//2779 2942//2819 2947//2825
f 8813//8796 2930//2805 2886//2754 2885//2753
f 2940//2816 2841//2701 439//2696 2937//2813
f 2938//2814 2937//2813 439//2696 2839//2699
f 2938//2814 2839//2699 2872//2737 2871//2736
f 2915//2787 2817//2675 2816//2674 2909//2781
f 2885//2753 2884//2752 2877//2744 2879//2746
f 2884//2752 2883//2751 2878//2745 2877//2744
f 2873//2738 2872//2737 2839//2699 2838//2698
f 2847//2709 2846//2708 2821//2679 2820//2678
f 2840//2700 2819//2677 2818//2676 2837//2697
f 2838//2698 2837//2697 2818//2676 2822//2680
f 2835//2694 2834//2693 2734//2579 2736//2581
f 2835//2694 2736//2581 2699//2539 8815//8798
f 2835//2694 8815//8798 2749//2596 2790//2643
f 8815//8798 2699//2539 2698//2538 2772//2622
f 8815//8798 2772//2622 2750//2597 2749//2596
f 2834//2693 2833//2692 2735//2580 2734//2579
f 2825//2684 2824//2683 2677//2515 2646//2478
f 2796//2650 2688//2528 2687//2527 432//2644
f 2791//2645 432//2644 2687//2527 2691//2531
f 2790//2643 2749//2596 2747//2594 2788//2640
f 2788//2640 2747//2594 2676//2514 2722//2566
f 2781//2632 2655//2490 2654//2489 2775//2626
f 2776//2627 2775//2626 2654//2489 2667//2503
f 2773//2623 2751//2598 426//2593 2750//2597
f 2767//2616 2662//2498 2661//2497 2761//2610
f 2762//2611 2761//2610 2661//2497 2660//2496
f 2736//2581 2724//2568 2669//2507 2699//2539
f 2731//2576 2619//2447 2622//2450 423//2569
f 2724//2568 2723//2567 2670//2508 2669//2507
f 2723//2567 2722//2566 2676//2514 2670//2508
f 2702//2543 2701//2542 2649//2482 2639//2470
f 2663//2499 2657//2492 2616//2444 2615//2443
f 2648//2481 2608//2436 2614//2442 2640//2472
f 2576//2398 2496//2306 2493//2303 2573//2395
f 2574//2396 2573//2395 2493//2303 2492//2302
f 2522//2335 2457//2263 2439//2237 2517//2330
f 2518//2331 2517//2330 2439//2237 2438//2236
f 2558//2376 6762//6746 2523//2336 398//2329
f 2516//2328 396//2363 2558//2376 398//2329
f 2488//2297 2422//2217 2421//2216 2484//2293
f 2472//2280 2452//2256 2451//2255 383//2274
f 2461//2268 2460//2267 2409//2202 2408//2201
f 2448//2252 2447//2251 2394//2185 2393//2184
f 2446//2247 2445//2246 2404//2196 2403//2195
f 2364//2152 2324//2106 2283//2052 2286//2056
f 2361//2148 2284//2054 355//2053 2325//2107
f 2359//2145 2333//2116 2332//2115 364//2102
f 5847//5823 5846//5822 2382//2172 2352//2137
f 362//2133 2355//2140 5847//5823 2352//2137
f 2340//2123 349//2064 2297//2070 2302//2076
f 2311//2090 2310//2089 2071//1813 6426//6402
f 2308//2086 2268//2035 336//1985 2231//1990
f 2302//2076 2297//2070 8816//8799 2300//2074
f 8816//8799 2297//2070 2296//2069 2257//2019
f 8816//8799 2257//2019 321//1883 329//1886
f 8816//8799 329//1886 2193//1950 2300//2074
f 2292//2063 2176//1931 2175//1930 2290//2061
f 2291//2062 2238//1999 2235//1996 2287//2058
f 2291//2062 2290//2061 2175//1930 2174//1929
f 2288//2059 2287//2058 2235//1996 2234//1995
f 2276//2044 2148//1902 2145//1899 2261//2027
f 2275//2043 2214//1973 2211//1970 2270//2038
f 2275//2043 2274//2042 8817//8800 8818//8801
f 2275//2043 8818//8801 8819//8802 2214//1973
f 8819//8802 8820//8803 2212//1971 2214//1973
f 8819//8802 8818//8801 2172//1926 8821//8804
f 8819//8802 8821//8804 8822//8805 8820//8803
f 8822//8805 8823//8806 8824//8807 8820//8803
f 8822//8805 8821//8804 8825//8808 8826//8809
f 8822//8805 8826//8809 2005//1736 8823//8806
f 8826//8809 8825//8808 8827//8810 1982//1714
f 8826//8809 1982//1714 1979//1711 2005//1736
f 8827//8810 8825//8808 2169//1923 2168//1922
f 8827//8810 2168//1922 2098//1843 2104//1849
f 8827//8810 2104//1849 1983//1715 1982//1714
f 8825//8808 8821//8804 2172//1926 2169//1923
f 8824//8807 8828//8811 8829//8812 2213//1972
f 8824//8807 2213//1972 2212//1971 8820//8803
f 8824//8807 8823//8806 8830//8813 8828//8811
f 8830//8813 8831//8814 8832//8815 8828//8811
f 8830//8813 8823//8806 2005//1736 2004//1735
f 8830//8813 2004//1735 1887//1598 8831//8814
f 8832//8815 8833//8816 2116//1863 8834//8817
f 8832//8815 8834//8817 8829//8812 8828//8811
f 8832//8815 8831//8814 8835//8818 8833//8816
f 8835//8818 8836//8819 8837//8820 8833//8816
f 8835//8818 8831//8814 1887//1598 1883//1594
f 8835//8818 1883//1594 1882//1593 8836//8819
f 8837//8820 8838//8821 2118//1865 2117//1864
f 8837//8820 2117//1864 2116//1863 8833//8816
f 8837//8820 8836//8819 8839//8822 8838//8821
f 8839//8822 8840//8823 8841//8824 8838//8821
f 8839//8822 8836//8819 1882//1593 8842//8825
f 8839//8822 8842//8825 8843//8826 8840//8823
f 8843//8826 2054//1792 2053//1791 8840//8823
f 8843//8826 8842//8825 1815//1514 1814//1513
f 8843//8826 1814//1513 279//1586 2054//1792
f 8842//8825 1882//1593 1816//1515 1815//1514
f 8841//8824 2052//1790 8844//8827 8845//8828
f 8841//8824 8845//8828 2118//1865 8838//8821
f 8841//8824 8840//8823 2053//1791 2052//1790
f 8845//8828 8844//8827 2152//1904 2156//1908
f 8845//8828 2156//1908 2119//1866 2118//1865
f 8844//8827 8846//8829 2153//1905 2152//1904
f 8844//8827 2052//1790 2051//1789 8846//8829
f 8846//8829 2051//1789 2050//1788 8847//8830
f 8846//8829 8847//8830 8848//8831 2153//1905
f 8848//8831 8847//8830 8849//8832 2273//2041
f 8848//8831 2273//2041 2272//2040 8850//8833
f 8848//8831 8850//8833 2154//1906 2153//1905
f 8850//8833 2272//2040 2271//2039 8851//8834
f 8850//8833 8851//8834 2157//1909 2154//1906
f 8851//8834 2271//2039 2210//1969 8852//8835
f 8851//8834 8852//8835 8853//8836 2157//1909
f 8853//8836 8852//8835 8854//8837 8855//8838
f 8853//8836 8855//8838 2115//1862 2120//1867
f 8853//8836 2120//1867 2155//1907 2157//1909
f 8855//8838 8854//8837 8829//8812 8834//8817
f 8855//8838 8834//8817 2116//1863 2115//1862
f 8854//8837 8852//8835 2210//1969 2209//1968
f 8854//8837 2209//1968 2213//1972 8829//8812
f 8849//8832 2165//1919 2164//1918 8817//8800
f 8849//8832 8817//8800 2274//2042 2273//2041
f 8849//8832 8847//8830 2050//1788 2165//1919
f 8818//8801 8817//8800 2164//1918 2172//1926
f 2271//2039 2270//2038 2211//1970 2210//1969
f 2267//2034 2264//2031 8856//8839 8857//8840
f 2267//2034 8857//8840 8858//8841 2163//1916
f 2267//2034 2163//1916 2160//1913 2265//2032
f 8858//8841 8857//8840 2124//1872 2058//1797
f 8858//8841 2058//1797 2057//1796 8859//8842
f 8858//8841 8859//8842 2161//1914 2163//1916
f 8859//8842 2057//1796 2056//1795 8860//8843
f 8859//8842 8860//8843 2162//1915 2161//1914
f 8860//8843 2056//1795 8861//8844 8862//8845
f 8860//8843 8862//8845 8863//8846 2162//1915
f 8863//8846 8864//8847 2158//1911 2162//1915
f 8863//8846 8862//8845 8865//8848 8866//8849
f 8863//8846 8866//8849 8867//8850 8864//8847
f 8867//8850 8868//8851 8869//8852 8864//8847
f 8867//8850 8866//8849 8870//8853 8871//8854
f 8867//8850 8871//8854 8872//8855 8868//8851
f 8872//8855 8873//8856 8874//8857 8868//8851
f 8872//8855 8871//8854 1959//1687 1958//1686
f 8872//8855 1958//1686 8875//8858 8873//8856
f 8875//8858 2088//1833 2096//1841 8873//8856
f 8875//8858 1958//1686 304//1685 2028//1762
f 8875//8858 2028//1762 2089//1834 2088//1833
f 8874//8857 8876//8859 8877//8860 8878//8861
f 8874//8857 8878//8861 8869//8852 8868//8851
f 8874//8857 8873//8856 2096//1841 8876//8859
f 8878//8861 8877//8860 2262//2029 2266//2033
f 8878//8861 2266//2033 2159//1912 8869//8852
f 8877//8860 8879//8862 2263//2030 2262//2029
f 8877//8860 8876//8859 8880//8863 8879//8862
f 8880//8863 2095//1840 2097//1842 8881//8864
f 8880//8863 8881//8864 8882//8865 8879//8862
f 8880//8863 8876//8859 2096//1841 2095//1840
f 8882//8865 8881//8864 1969//1698 8883//8866
f 8882//8865 8883//8866 2126//1874 8884//8867
f 8882//8865 8884//8867 2263//2030 8879//8862
f 8884//8867 2126//1874 2125//1873 8856//8839
f 8884//8867 8856//8839 2264//2031 2263//2030
f 8883//8866 1969//1698 1968//1697 8885//8868
f 8883//8866 8885//8868 2121//1869 2126//1874
f 8885//8868 1968//1697 1967//1696 8886//8869
f 8885//8868 8886//8869 2122//1870 2121//1869
f 8886//8869 8887//8870 2060//1799 2122//1870
f 8886//8869 1967//1696 8888//8871 8887//8870
f 8888//8871 8889//8872 8890//8873 8887//8870
f 8888//8871 1967//1696 1966//1695 8891//8874
f 8888//8871 8891//8874 1833//1535 8889//8872
f 8891//8874 1966//1695 1965//1694 8892//8875
f 8891//8874 8892//8875 1691//1376 1833//1535
f 8892//8875 1965//1694 261//1453 1763//1456
f 8892//8875 1763//1456 1692//1377 1691//1376
f 8890//8873 8861//8844 2056//1795 2055//1794
f 8890//8873 2055//1794 2060//1799 8887//8870
f 8890//8873 8889//8872 8893//8876 8861//8844
f 8893//8876 8865//8848 8862//8845 8861//8844
f 8893//8876 8889//8872 1833//1535 1832//1534
f 8893//8876 1832//1534 1831//1533 8865//8848
f 8881//8864 2097//1842 1970//1699 1969//1698
f 8871//8854 8870//8853 1963//1691 1959//1687
f 8870//8853 8866//8849 8865//8848 1831//1533
f 8870//8853 1831//1533 1830//1532 1963//1691
f 8869//8852 2159//1912 2158//1911 8864//8847
f 8857//8840 8856//8839 2125//1873 2124//1872
f 2266//2033 2265//2032 2160//1913 2159//1912
f 2261//2027 2145//1899 2144//1898 2259//2024
f 2255//2017 2185//1941 2182//1938 2253//2015
f 2254//2016 2253//2015 2182//1938 2181//1937
f 2254//2016 2181//1937 1984//1716 2103//1848
f 2254//2016 2103//1848 2102//1847 2250//2012
f 2251//2013 2250//2012 2102//1847 2105//1850
f 2249//2010 2248//2009 2087//1831 2084//1828
f 2199//1957 2038//1775 2037//1774 2194//1952
f 2190//1947 2188//1945 2109//1854 2111//1856
f 2188//1945 2187//1944 2110//1855 2109//1854
f 2184//1940 1986//1718 1985//1717 2180//1936
f 2181//1937 2180//1936 1985//1717 1984//1716
f 2170//1924 2166//1920 2049//1787 2048//1786
f 2168//1922 2167//1921 2099//1844 2098//1843
f 2166//1920 2165//1919 2050//1788 2049//1787
f 2156//1908 2155//1907 2120//1867 2119//1866
f 2143//1897 312//1817 2081//1824 2139//1893
f 2124//1872 2123//1871 2059//1798 2058//1797
f 2123//1871 2122//1870 2060//1799 2059//1798
f 2104//1849 2103//1848 1984//1716 1983//1715
f 2097//1842 2094//1839 1973//1702 1970//1699
f 2086//1830 2019//1753 2018//1752 2082//1826
f 2083//1827 2082//1826 2018//1752 2023//1757
f 2069//1810 6426//6402 2071//1813 311//1807
f 2066//1806 2065//1805 1991//1724 1990//1723
f 2065//1805 2064//1804 1992//1725 1991//1724
f 2054//1792 279//1586 1880//1590 2045//1783
f 2043//1780 1954//1679 8894//8877 8895//8878
f 2043//1780 8895//8878 8896//8879 1912//1627
f 2043//1780 1912//1627 1911//1626 1950//1674
f 8896//8879 8895//8878 8897//8880 8898//8881
f 8896//8879 8898//8881 8899//8882 8900//8883
f 8896//8879 8900//8883 1910//1625 1912//1627
f 8900//8883 8899//8882 8901//8884 1716//1403
f 8900//8883 1716//1403 1715//1402 1910//1625
f 8901//8884 8899//8882 8902//8885 8903//8886
f 8901//8884 8903//8886 8904//8887 1614//1284
f 8901//8884 1614//1284 1613//1283 1716//1403
f 8904//8887 8903//8886 8905//8888 8906//8889
f 8904//8887 8906//8889 8907//8890 8908//8891
f 8904//8887 8908//8891 1611//1281 1614//1284
f 8908//8891 8907//8890 8909//8892 8910//8893
f 8908//8891 8910//8893 1612//1282 1611//1281
f 8910//8893 8909//8892 8911//8894 8912//8895
f 8910//8893 8912//8895 8913//8896 1612//1282
f 8913//8896 1632//1306 1609//1279 1612//1282
f 8913//8896 8912//8895 8914//8897 8915//8898
f 8913//8896 8915//8898 1633//1307 1632//1306
f 8915//8898 8914//8897 8916//8899 8917//8900
f 8915//8898 8917//8900 8918//8901 1633//1307
f 8918//8901 1685//1367 1634//1308 1633//1307
f 8918//8901 8917//8900 8919//8902 8920//8903
f 8918//8901 8920//8903 1604//1273 1685//1367
f 8920//8903 8919//8902 8921//8904 8922//8905
f 8920//8903 8922//8905 1605//1274 1604//1273
f 8922//8905 8923//8906 1587//1255 1605//1274
f 8922//8905 8921//8904 8924//8907 8923//8906
f 8924//8907 8925//8908 8926//8909 8923//8906
f 8924//8907 8921//8904 8927//8910 8928//8911
f 8924//8907 8928//8911 8929//8912 8925//8908
f 8929//8912 8930//8913 8931//8914 8925//8908
f 8929//8912 8928//8911 8932//8915 8933//8916
f 8929//8912 8933//8916 8934//8917 8930//8913
f 8934//8917 8935//8918 8936//8919 8930//8913
f 8934//8917 8933//8916 8937//8920 8938//8921
f 8934//8917 8938//8921 8939//8922 8935//8918
f 8939//8922 8940//8923 8941//8924 8935//8918
f 8939//8922 8938//8921 8942//8925 8943//8926
f 8939//8922 8943//8926 8944//8927 8940//8923
f 8944//8927 8945//8928 8946//8929 8940//8923
f 8944//8927 8943//8926 8947//8930 8948//8931
f 8944//8927 8948//8931 8949//8932 8945//8928
f 8949//8932 8950//8933 8951//8934 8945//8928
f 8949//8932 8948//8931 8952//8935 8953//8936
f 8949//8932 8953//8936 8954//8937 8950//8933
f 8954//8937 8955//8938 8956//8939 8950//8933
f 8954//8937 8953//8936 8957//8940 8958//8941
f 8954//8937 8958//8941 8959//8942 8955//8938
f 8959//8942 8960//8943 8961//8944 8955//8938
f 8959//8942 8958//8941 8962//8945 8963//8946
f 8959//8942 8963//8946 8964//8947 8960//8943
f 8964//8947 8965//8948 8966//8949 8960//8943
f 8964//8947 8963//8946 8967//8950 8968//8951
f 8964//8947 8968//8951 8969//8952 8965//8948
f 8969//8952 8970//8953 8971//8954 8965//8948
f 8969//8952 8968//8951 8972//8955 1568//1234
f 8969//8952 1568//1234 1567//1233 8970//8953
f 8972//8955 8968//8951 8967//8950 8973//8956
f 8972//8955 8973//8956 8974//8957 8975//8958
f 8972//8955 8975//8958 1564//1230 1568//1234
f 8975//8958 8974//8957 8976//8959 8977//8960
f 8975//8958 8977//8960 1565//1231 1564//1230
f 8977//8960 8976//8959 8978//8961 8979//8962
f 8977//8960 8979//8962 8980//8963 1565//1231
f 8980//8963 8981//8964 1566//1232 1565//1231
f 8980//8963 8979//8962 1571//1238 1570//1237
f 8980//8963 1570//1237 1575//1242 8981//8964
f 8981//8964 1575//1242 8982//8965 8983//8966
f 8981//8964 8983//8966 1569//1235 1566//1232
f 8983//8966 8982//8965 8984//8967 8985//8968
f 8983//8966 8985//8968 8986//8969 1569//1235
f 8986//8969 8985//8968 8987//8970 8988//8971
f 8986//8969 8988//8971 8971//8954 8970//8953
f 8986//8969 8970//8953 1567//1233 1569//1235
f 8988//8971 8987//8970 8989//8972 8990//8973
f 8988//8971 8990//8973 8991//8974 8971//8954
f 8991//8974 8990//8973 8992//8975 8993//8976
f 8991//8974 8993//8976 8994//8977 8966//8949
f 8991//8974 8966//8949 8965//8948 8971//8954
f 8994//8977 8993//8976 8995//8978 8996//8979
f 8994//8977 8996//8979 8997//8980 8961//8944
f 8994//8977 8961//8944 8960//8943 8966//8949
f 8997//8980 8996//8979 8998//8981 8999//8982
f 8997//8980 8999//8982 9000//8983 8956//8939
f 8997//8980 8956//8939 8955//8938 8961//8944
f 9000//8983 8999//8982 9001//8984 9002//8985
f 9000//8983 9002//8985 9003//8986 8951//8934
f 9000//8983 8951//8934 8950//8933 8956//8939
f 9003//8986 9002//8985 9004//8987 9005//8988
f 9003//8986 9005//8988 9006//8989 8946//8929
f 9003//8986 8946//8929 8945//8928 8951//8934
f 9006//8989 9005//8988 9007//8990 9008//8991
f 9006//8989 9008//8991 9009//8992 8941//8924
f 9006//8989 8941//8924 8940//8923 8946//8929
f 9009//8992 9008//8991 9010//8993 9011//8994
f 9009//8992 9011//8994 9012//8995 8936//8919
f 9009//8992 8936//8919 8935//8918 8941//8924
f 9012//8995 9011//8994 9013//8996 9014//8997
f 9012//8995 9014//8997 9015//8998 8931//8914
f 9012//8995 8931//8914 8930//8913 8936//8919
f 9015//8998 9014//8997 9016//8999 9017//9000
f 9015//8998 9017//9000 1588//1256 8926//8909
f 9015//8998 8926//8909 8925//8908 8931//8914
f 9017//9000 9016//8999 1593//1262 1592//1261
f 9017//9000 1592//1261 1583//1252 1588//1256
f 9016//8999 1626//1299 1625//1298 1593//1262
f 9016//8999 9014//8997 9013//8996 1626//1299
f 9013//8996 1735//1424 1627//1300 1626//1299
f 9013//8996 9011//8994 9010//8993 1735//1424
f 9010//8993 9018//9001 1695//1381 1735//1424
f 9010//8993 9008//8991 9007//8990 9018//9001
f 9018//9001 1645//1321 1644//1320 1695//1381
f 9018//9001 9007//8990 9019//9002 1645//1321
f 9019//9002 9020//9003 1642//1318 1645//1321
f 9019//9002 9007//8990 9005//8988 9004//8987
f 9019//9002 9004//8987 9021//9004 9020//9003
f 9021//9004 9022//9005 9023//9006 9020//9003
f 9021//9004 9004//8987 9002//8985 9001//8984
f 9021//9004 9001//8984 9024//9007 9022//9005
f 9024//9007 9025//9008 9026//9009 9022//9005
f 9024//9007 9001//8984 8999//8982 8998//8981
f 9024//9007 8998//8981 9027//9010 9025//9008
f 9027//9010 9028//9011 9029//9012 9025//9008
f 9027//9010 8998//8981 8996//8979 8995//8978
f 9027//9010 8995//8978 9030//9013 9028//9011
f 9030//9013 9031//9014 9032//9015 9028//9011
f 9030//9013 8995//8978 8993//8976 8992//8975
f 9030//9013 8992//8975 9033//9016 9031//9014
f 9033//9016 9034//9017 9035//9018 9031//9014
f 9033//9016 8992//8975 8990//8973 8989//8972
f 9033//9016 8989//8972 9036//9019 9034//9017
f 9036//9019 9037//9020 9038//9021 9034//9017
f 9036//9019 8989//8972 8987//8970 9039//9022
f 9036//9019 9039//9022 9040//9023 9037//9020
f 9040//9023 9041//9024 9042//9025 9037//9020
f 9040//9023 9039//9022 8984//8967 9043//9026
f 9040//9023 9043//9026 9044//9027 9041//9024
f 9044//9027 1578//1246 1582//1250 9041//9024
f 9044//9027 9043//9026 9045//9028 9046//9029
f 9044//9027 9046//9029 1579//1247 1578//1246
f 9046//9029 9045//9028 1574//1241 1573//1240
f 9046//9029 1573//1240 9047//9030 1579//1247
f 9047//9030 1573//1240 1572//1239 9048//9031
f 9047//9030 9048//9031 9049//9032 9050//9033
f 9047//9030 9050//9033 1576//1244 1579//1247
f 9050//9033 9049//9032 9051//9034 9052//9035
f 9050//9033 9052//9035 1577//1245 1576//1244
f 9052//9035 9051//9034 1505//1162 1507//1164
f 9052//9035 1507//1164 1517//1175 1577//1245
f 9051//9034 9049//9032 9053//9036 1466//1117
f 9051//9034 1466//1117 1464//1115 1505//1162
f 9053//9036 9054//9037 8978//8961 9055//9038
f 9053//9036 9055//9038 1465//1116 1466//1117
f 9053//9036 9049//9032 9048//9031 9054//9037
f 9055//9038 8978//8961 8976//8959 9056//9039
f 9055//9038 9056//9039 1396//1035 1465//1116
f 9056//9039 8976//8959 8974//8957 9057//9040
f 9056//9039 9057//9040 1394//1033 1396//1035
f 9057//9040 8974//8957 8973//8956 9058//9041
f 9057//9040 9058//9041 1395//1034 1394//1033
f 9058//9041 8973//8956 8967//8950 9059//9042
f 9058//9041 9059//9042 1442//1090 1395//1034
f 9059//9042 8967//8950 8963//8946 8962//8945
f 9059//9042 8962//8945 1443//1091 1442//1090
f 9054//9037 1571//1238 8979//8962 8978//8961
f 9054//9037 9048//9031 1572//1239 1571//1238
f 9045//9028 9043//9026 8984//8967 8982//8965
f 9045//9028 8982//8965 1575//1242 1574//1241
f 9042//9025 9060//9043 9061//9044 9062//9045
f 9042//9025 9062//9045 9038//9021 9037//9020
f 9042//9025 9041//9024 1582//1250 9060//9043
f 9062//9045 9061//9044 9063//9046 9064//9047
f 9062//9045 9064//9047 9065//9048 9038//9021
f 9065//9048 9064//9047 9066//9049 9067//9050
f 9065//9048 9067//9050 9068//9051 9035//9018
f 9065//9048 9035//9018 9034//9017 9038//9021
f 9068//9051 9067//9050 9069//9052 9070//9053
f 9068//9051 9070//9053 9071//9054 9032//9015
f 9068//9051 9032//9015 9031//9014 9035//9018
f 9071//9054 9070//9053 9072//9055 9073//9056
f 9071//9054 9073//9056 9074//9057 9029//9012
f 9071//9054 9029//9012 9028//9011 9032//9015
f 9074//9057 9073//9056 9075//9058 9076//9059
f 9074//9057 9076//9059 9077//9060 9026//9009
f 9074//9057 9026//9009 9025//9008 9029//9012
f 9077//9060 9076//9059 1689//1373 1672//1351
f 9077//9060 1672//1351 1643//1319 9023//9006
f 9077//9060 9023//9006 9022//9005 9026//9009
f 9076//9059 9075//9058 1690//1374 1689//1373
f 9075//9058 9078//9061 1829//1531 1690//1374
f 9075//9058 9073//9056 9072//9055 9078//9061
f 9078//9061 1961//1689 1960//1688 1829//1531
f 9078//9061 9072//9055 9079//9062 1961//1689
f 9079//9062 9080//9063 1962//1690 1961//1689
f 9079//9062 9072//9055 9070//9053 9069//9052
f 9079//9062 9069//9052 9081//9064 9080//9063
f 9081//9064 9082//9065 9083//9066 9080//9063
f 9081//9064 9069//9052 9067//9050 9066//9049
f 9081//9064 9066//9049 9084//9067 9082//9065
f 9084//9067 9085//9068 9086//9069 9082//9065
f 9084//9067 9066//9049 9064//9047 9063//9046
f 9084//9067 9063//9046 9087//9070 9085//9068
f 9087//9070 9088//9071 9089//9072 9085//9068
f 9087//9070 9063//9046 9061//9044 9090//9073
f 9087//9070 9090//9073 9091//9074 9088//9071
f 9091//9074 9092//9075 9093//9076 9088//9071
f 9091//9074 9090//9073 9094//9077 9095//9078
f 9091//9074 9095//9078 9096//9079 9092//9075
f 9096//9079 9095//9078 1580//1248 9097//9080
f 9096//9079 9097//9080 9098//9081 9099//9082
f 9096//9079 9099//9082 9100//9083 9092//9075
f 9100//9083 9101//9084 9093//9076 9092//9075
f 9100//9083 9099//9082 9102//9085 9103//9086
f 9100//9083 9103//9086 9104//9087 9101//9084
f 9104//9087 9105//9088 9106//9089 9101//9084
f 9104//9087 9103//9086 9107//9090 9108//9091
f 9104//9087 9108//9091 9109//9092 9105//9088
f 9109//9092 9110//9093 9111//9094 9105//9088
f 9109//9092 9108//9091 9112//9095 9113//9096
f 9109//9092 9113//9096 9114//9097 9110//9093
f 9114//9097 9115//9098 9116//9099 9110//9093
f 9114//9097 9113//9096 9117//9100 9118//9101
f 9114//9097 9118//9101 9119//9102 9115//9098
f 9119//9102 9120//9103 9121//9104 9115//9098
f 9119//9102 9118//9101 9122//9105 9123//9106
f 9119//9102 9123//9106 9124//9107 9120//9103
f 9124//9107 9125//9108 9126//9109 9120//9103
f 9124//9107 9123//9106 9127//9110 9128//9111
f 9124//9107 9128//9111 8897//8880 9125//9108
f 9128//9111 9127//9110 9129//9112 9130//9113
f 9128//9111 9130//9113 8898//8881 8897//8880
f 9130//9113 9129//9112 9131//9114 8902//8885
f 9130//9113 8902//8885 8899//8882 8898//8881
f 9131//9114 9129//9112 9132//9115 9133//9116
f 9131//9114 9133//9116 9134//9117 8905//8888
f 9131//9114 8905//8888 8903//8886 8902//8885
f 9134//9117 9133//9116 9135//9118 9136//9119
f 9134//9117 9136//9119 9137//9120 9138//9121
f 9134//9117 9138//9121 8906//8889 8905//8888
f 9138//9121 9137//9120 9139//9122 9140//9123
f 9138//9121 9140//9123 8907//8890 8906//8889
f 9140//9123 9139//9122 9141//9124 9142//9125
f 9140//9123 9142//9125 8909//8892 8907//8890
f 9142//9125 9141//9124 9143//9126 9144//9127
f 9142//9125 9144//9127 8911//8894 8909//8892
f 9144//9127 9143//9126 9145//9128 9146//9129
f 9144//9127 9146//9129 9147//9130 8911//8894
f 9147//9130 8914//8897 8912//8895 8911//8894
f 9147//9130 9146//9129 9148//9131 9149//9132
f 9147//9130 9149//9132 8916//8899 8914//8897
f 9149//9132 9148//9131 9150//9133 9151//9134
f 9149//9132 9151//9134 9152//9135 8916//8899
f 9152//9135 8919//8902 8917//8900 8916//8899
f 9152//9135 9151//9134 9153//9136 8927//8910
f 9152//9135 8927//8910 8921//8904 8919//8902
f 9153//9136 8932//8915 8928//8911 8927//8910
f 9153//9136 9151//9134 9150//9133 9154//9137
f 9153//9136 9154//9137 9155//9138 8932//8915
f 9155//9138 8937//8920 8933//8916 8932//8915
f 9155//9138 9154//9137 9156//9139 9157//9140
f 9155//9138 9157//9140 9158//9141 8937//8920
f 9158//9141 8942//8925 8938//8921 8937//8920
f 9158//9141 9157//9140 9159//9142 9160//9143
f 9158//9141 9160//9143 9161//9144 8942//8925
f 9161//9144 8947//8930 8943//8926 8942//8925
f 9161//9144 9160//9143 9162//9145 9163//9146
f 9161//9144 9163//9146 9164//9147 8947//8930
f 9164//9147 8952//8935 8948//8931 8947//8930
f 9164//9147 9163//9146 9165//9148 9166//9149
f 9164//9147 9166//9149 9167//9150 8952//8935
f 9167//9150 8957//8940 8953//8936 8952//8935
f 9167//9150 9166//9149 1441//1089 1440//1088
f 9167//9150 1440//1088 1443//1091 8957//8940
f 9166//9149 9165//9148 9168//9151 1441//1089
f 9168//9151 9165//9148 9169//9152 9170//9153
f 9168//9151 9170//9153 1361//997 1364//1000
f 9168//9151 1364//1000 1438//1086 1441//1089
f 9170//9153 9169//9152 9171//9154 1459//1109
f 9170//9153 1459//1109 1362//998 1361//997
f 9171//9154 9169//9152 9162//9145 9172//9155
f 9171//9154 9172//9155 1522//1181 1521//1180
f 9171//9154 1521//1180 1457//1107 1459//1109
f 9172//9155 9162//9145 9160//9143 9159//9142
f 9172//9155 9159//9142 1525//1184 1522//1181
f 9169//9152 9165//9148 9163//9146 9162//9145
f 9159//9142 9157//9140 9156//9139 1525//1184
f 9156//9139 9154//9137 9150//9133 9173//9156
f 9156//9139 9173//9156 1523//1182 1525//1184
f 9173//9156 9150//9133 9148//9131 9174//9157
f 9173//9156 9174//9157 1524//1183 1523//1182
f 9174//9157 9148//9131 9146//9129 9145//9128
f 9174//9157 9145//9128 9175//9158 1524//1183
f 9175//9158 9145//9128 9143//9126 9176//9159
f 9175//9158 9176//9159 1455//1105 1458//1108
f 9175//9158 1458//1108 1520//1179 1524//1183
f 9176//9159 9143//9126 9141//9124 9177//9160
f 9176//9159 9177//9160 1456//1106 1455//1105
f 9177//9160 9141//9124 9139//9122 9178//9161
f 9177//9160 9178//9161 9179//9162 1456//1106
f 9179//9162 9178//9161 9180//9163 9181//9164
f 9179//9162 9181//9164 9182//9165 9183//9166
f 9179//9162 9183//9166 1454//1104 1456//1106
f 9183//9166 9182//9165 9184//9167 9185//9168
f 9183//9166 9185//9168 1429//1075 1454//1104
f 9185//9168 9184//9167 9186//9169 9187//9170
f 9185//9168 9187//9170 1427//1073 1429//1075
f 9187//9170 9186//9169 9188//9171 1351//986
f 9187//9170 1351//986 1350//985 1427//1073
f 9188//9171 9186//9169 1474//1127 1473//1126
f 9188//9171 1473//1126 1434//1081 1430//1077
f 9188//9171 1430//1077 1352//987 1351//986
f 9186//9169 9184//9167 9189//9172 1474//1127
f 9189//9172 9190//9173 9191//9174 9192//9175
f 9189//9172 9192//9175 1475//1128 1474//1127
f 9189//9172 9184//9167 9182//9165 9190//9173
f 9192//9175 9191//9174 9193//9176 1485//1139
f 9192//9175 1485//1139 1477//1130 1475//1128
f 9193//9176 9194//9177 9195//9178 9196//9179
f 9193//9176 9196//9179 1481//1135 1485//1139
f 9193//9176 9191//9174 9197//9180 9194//9177
f 9197//9180 9198//9181 9199//9182 9194//9177
f 9197//9180 9191//9174 9190//9173 9200//9183
f 9197//9180 9200//9183 9201//9184 9198//9181
f 9201//9184 9136//9119 9135//9118 9198//9181
f 9201//9184 9200//9183 9181//9164 9180//9163
f 9201//9184 9180//9163 9137//9120 9136//9119
f 9200//9183 9190//9173 9182//9165 9181//9164
f 9199//9182 9202//9185 9203//9186 9204//9187
f 9199//9182 9204//9187 9195//9178 9194//9177
f 9199//9182 9198//9181 9135//9118 9202//9185
f 9204//9187 9203//9186 9205//4248 9206//9188
f 9204//9187 9206//9188 9207//9189 9195//9178
f 9207//9189 9206//9188 9208//9190 9209//9191
f 9207//9189 9209//9191 9210//9192 9211//9193
f 9207//9189 9211//9193 9196//9179 9195//9178
f 9211//9193 9210//9192 9212//9194 1482//1136
f 9211//9193 1482//1136 1481//1135 9196//9179
f 9212//9194 9210//9192 9213//9195 9214//9196
f 9212//9194 9214//9196 9215//9197 9216//9198
f 9212//9194 9216//9198 1483//1137 1482//1136
f 9216//9198 9215//9197 9217//9199 9218//9200
f 9216//9198 9218//9200 1484//1138 1483//1137
f 9218//9200 9217//9199 9219//9201 9220//9202
f 9218//9200 9220//9202 9221//9203 1484//1138
f 9221//9203 9220//9202 9222//9204 9223//9205
f 9221//9203 9223//9205 9224//9206 9225//9207
f 9221//9203 9225//9207 1479//1133 1484//1138
f 9225//9207 9224//9206 1504//1160 1498//1154
f 9225//9207 1498//1154 1480//1134 1479//1133
f 9224//9206 9223//9205 9226//9208 9227//9209
f 9224//9206 9227//9209 9228//9210 1504//1160
f 9228//9210 9227//9209 9229//9211 9230//9212
f 9228//9210 9230//9212 9231//9213 9232//9214
f 9228//9210 9232//9214 1502//1158 1504//1160
f 9232//9214 9231//9213 1407//1049 1489//1143
f 9232//9214 1489//1143 1503//1159 1502//1158
f 9231//9213 9230//9212 9233//9215 9234//9216
f 9231//9213 9234//9216 1408//1050 1407//1049
f 9234//9216 9233//9215 1490//1145 1494//1149
f 9234//9216 1494//1149 1411//1053 1408//1050
f 9233//9215 9230//9212 9229//9211 9235//9217
f 9233//9215 9235//9217 1491//1146 1490//1145
f 9235//9217 9229//9211 9236//9218 9237//9219
f 9235//9217 9237//9219 9238//9220 1491//1146
f 9238//9220 9237//9219 9239//9221 9240//9222
f 9238//9220 9240//9222 9241//9223 9242//9224
f 9238//9220 9242//9224 1492//1147 1491//1146
f 9242//9224 9243//9225 1495//1150 1492//1147
f 9242//9224 9241//9223 9244//9226 9243//9225
f 9244//9226 9245//9227 9246//9228 9243//9225
f 9244//9226 9241//9223 9247//9229 9248//9230
f 9244//9226 9248//9230 9249//9231 9245//9227
f 9249//9231 9250//9232 9251//9233 9245//9227
f 9249//9231 9248//9230 9252//9234 9253//9235
f 9249//9231 9253//9235 9254//9236 9250//9232
f 9254//9236 1534//1195 1533//1194 9250//9232
f 9254//9236 9253//9235 1563//1228 1549//1213
f 9254//9236 1549//1213 1547//1210 1534//1195
f 9253//9235 9252//9234 9255//9237 1563//1228
f 9255//9237 9252//9234 9256//9238 9257//9239
f 9255//9237 9257//9239 9258//9240 9259//9241
f 9255//9237 9259//9241 1561//1226 1563//1228
f 9259//9241 9258//9240 9260//9242 9261//9243
f 9259//9241 9261//9243 1562//1227 1561//1226
f 9261//9243 9260//9242 9262//9244 9263//9245
f 9261//9243 9263//9245 9264//9246 1562//1227
f 9264//9246 9263//9245 9265//9247 9266//9248
f 9264//9246 9266//9248 1542//1205 1550//1214
f 9264//9246 1550//1214 1559//1224 1562//1227
f 9266//9248 9265//9247 9267//9249 9268//9250
f 9266//9248 9268//9250 1539//1201 1542//1205
f 9268//9250 9267//9249 9269//9251 9270//9252
f 9268//9250 9270//9252 1540//1202 1539//1201
f 9270//9252 9269//9251 9271//9253 9272//9254
f 9270//9252 9272//9254 9273//9255 1540//1202
f 9273//9255 9272//9254 9274//9256 9275//9257
f 9273//9255 9275//9257 9276//9258 9277//9259
f 9273//9255 9277//9259 1541//1203 1540//1202
f 9277//9259 1560//1225 1543//1206 1541//1203
f 9277//9259 9276//9258 1548//1212 1560//1225
f 9276//9258 9275//9257 9278//9260 9279//9261
f 9276//9258 9279//9261 1545//1208 1548//1212
f 9279//9261 9278//9260 9280//9262 9281//9263
f 9279//9261 9281//9263 1546//1209 1545//1208
f 9281//9263 9280//9262 9282//9264 1530//1190
f 9281//9263 1530//1190 1529//1189 1546//1209
f 9282//9264 9280//9262 9283//9265 9284//9266
f 9282//9264 9284//9266 9285//9267 9286//9268
f 9282//9264 9286//9268 1526//1186 1530//1190
f 9286//9268 9285//9267 9287//9269 9288//9270
f 9286//9268 9288//9270 1527//1187 1526//1186
f 9288//9270 9287//9269 9289//9271 9290//9272
f 9288//9270 9290//9272 9291//9273 1527//1187
f 9291//9273 1535//1196 1528//1188 1527//1187
f 9291//9273 9290//9272 9292//9274 9293//9275
f 9291//9273 9293//9275 9294//9276 1535//1196
f 9294//9276 1544//9277 1536//1197 1535//1196
f 9294//9276 9293//9275 9295//9278 1538//1199
f 9294//9276 1538//1199 1537//1198 1544//9277
f 9295//9278 9293//9275 9292//9274 9296//9279
f 9295//9278 9296//9279 9251//9233 1532//1193
f 9295//9278 1532//1193 1531//1192 1538//1199
f 9296//9279 9292//9274 9297//9280 9246//9228
f 9296//9279 9246//9228 9245//9227 9251//9233
f 9297//9280 9292//9274 9290//9272 9289//9271
f 9297//9280 9289//9271 1496//1151 1495//1150
f 9297//9280 1495//1150 9243//9225 9246//9228
f 9289//9271 9287//9269 1497//1152 1496//1151
f 9287//9269 9285//9267 9298//9281 1497//1152
f 9298//9281 9285//9267 9284//9266 9299//9282
f 9298//9281 9299//9282 9300//9283 9301//9284
f 9298//9281 9301//9284 1493//1148 1497//1152
f 9301//9284 9300//9283 1409//1051 1411//1053
f 9301//9284 1411//1053 1494//1149 1493//1148
f 9300//9283 9299//9282 9302//9285 9303//9286
f 9300//9283 9303//9286 1410//1052 1409//1051
f 9303//9286 9302//9285 9304//9287 9305//9288
f 9303//9286 9305//9288 9306//9289 1410//1052
f 9306//9289 9307//9290 1405//1047 1410//1052
f 9306//9289 9305//9288 9308//9291 1413//1056
f 9306//9289 1413//1056 1412//1055 9307//9290
f 9308//9291 9305//9288 9304//9287 9309//9292
f 9308//9291 9309//9292 9271//9253 9310//9293
f 9308//9291 9310//9293 1414//1057 1413//1056
f 9310//9293 9271//9253 9269//9251 9311//9294
f 9310//9293 9311//9294 1417//1060 1414//1057
f 9311//9294 9269//9251 9267//9249 9312//9295
f 9311//9294 9312//9295 9313//9296 1417//1060
f 9313//9296 9314//9297 1418//1061 1417//1060
f 9313//9296 9312//9295 9315//9298 9316//9299
f 9313//9296 9316//9299 9317//9300 9314//9297
f 9317//9300 9318//9301 9319//9302 9314//9297
f 9317//9300 9316//9299 9320//9303 9321//9304
f 9317//9300 9321//9304 9322//9305 9318//9301
f 9322//9305 9323//9306 9324//9307 9318//9301
f 9322//9305 9321//9304 9325//9308 9326//9309
f 9322//9305 9326//9309 9327//9310 9323//9306
f 9327//9310 9328//9311 1514//1172 9323//9306
f 9327//9310 9326//9309 9329//9312 9330//9313
f 9327//9310 9330//9313 9331//9314 9328//9311
f 9331//9314 1552//1217 1551//1216 9328//9311
f 9331//9314 9330//9313 9332//9315 9333//9316
f 9331//9314 9333//9316 9334//9317 1552//1217
f 9334//9317 9335//9318 1553//1218 1552//1217
f 9334//9317 9333//9316 9336//9319 9337//9320
f 9334//9317 9337//9320 9338//9321 9335//9318
f 9338//9321 9339//9322 9340//9323 9335//9318
f 9338//9321 9337//9320 9219//9201 9217//9199
f 9338//9321 9217//9199 9215//9197 9339//9322
f 9340//9323 9341//9324 9098//9081 1554//1219
f 9340//9323 1554//1219 1553//1218 9335//9318
f 9340//9323 9339//9322 9342//9325 9341//9324
f 9342//9325 9343//9326 9102//9085 9341//9324
f 9342//9325 9339//9322 9215//9197 9214//9196
f 9342//9325 9214//9196 9213//9195 9343//9326
f 9343//9326 9107//9090 9103//9086 9102//9085
f 9343//9326 9213//9195 9344//9327 9107//9090
f 9344//9327 9112//9095 9108//9091 9107//9090
f 9344//9327 9213//9195 9210//9192 9209//9191
f 9344//9327 9209//9191 9208//9190 9112//9095
f 9341//9324 9102//9085 9099//9082 9098//9081
f 9337//9320 9336//9319 9345//9328 9219//9201
f 9345//9328 9336//9319 9346//9329 9347//9330
f 9345//9328 9347//9330 9348//9331 9222//9204
f 9345//9328 9222//9204 9220//9202 9219//9201
f 9348//9331 9347//9330 9349//9332 9350//9333
f 9348//9331 9350//9333 9236//9218 9226//9208
f 9348//9331 9226//9208 9223//9205 9222//9204
f 9350//9333 9349//9332 9351//9334 9239//9221
f 9350//9333 9239//9221 9237//9219 9236//9218
f 9351//9334 9349//9332 9352//9335 9353//9336
f 9351//9334 9353//9336 9354//9337 9355//9338
f 9351//9334 9355//9338 9240//9222 9239//9221
f 9355//9338 9354//9337 9256//9238 9247//9229
f 9355//9338 9247//9229 9241//9223 9240//9222
f 9354//9337 9353//9336 9356//9339 9357//9340
f 9354//9337 9357//9340 9257//9239 9256//9238
f 9357//9340 9356//9339 9358//9341 9359//9342
f 9357//9340 9359//9342 9258//9240 9257//9239
f 9359//9342 9358//9341 9325//9308 9360//9343
f 9359//9342 9360//9343 9260//9242 9258//9240
f 9360//9343 9325//9308 9321//9304 9320//9303
f 9360//9343 9320//9303 9262//9244 9260//9242
f 9358//9341 9329//9312 9326//9309 9325//9308
f 9358//9341 9356//9339 9361//9344 9329//9312
f 9361//9344 9332//9315 9330//9313 9329//9312
f 9361//9344 9356//9339 9353//9336 9352//9335
f 9361//9344 9352//9335 9346//9329 9332//9315
f 9352//9335 9349//9332 9347//9330 9346//9329
f 9346//9329 9336//9319 9333//9316 9332//9315
f 9328//9311 1551//1216 1515//1173 1514//1172
f 9324//9307 1513//1171 1519//1177 9362//9345
f 9324//9307 9362//9345 9319//9302 9318//9301
f 9324//9307 9323//9306 1514//1172 1513//1171
f 9362//9345 1519//1177 9363//9346 1452//1101
f 9362//9345 1452//1101 1420//1064 9319//9302
f 9363//9346 9364//9347 9365//9348 9366//9349
f 9363//9346 9366//9349 1453//1102 1452//1101
f 9363//9346 1519//1177 1518//1176 9364//9347
f 9366//9349 9365//9348 9367//9350 9368//9351
f 9366//9349 9368//9351 1488//1142 1453//1102
f 9368//9351 9367//9350 1500//1156 1503//1159
f 9368//9351 1503//1159 1489//1143 1488//1142
f 9367//9350 9365//9348 9369//9352 9370//9353
f 9367//9350 9370//9353 1501//1157 1500//1156
f 9370//9353 9369//9352 9371//9354 9372//9355
f 9370//9353 9372//9355 9373//9356 1501//1157
f 9373//9356 9372//9355 9374//9357 9375//9358
f 9373//9356 9375//9358 9376//9359 9377//9360
f 9373//9356 9377//9360 1499//1155 1501//1157
f 9377//9360 9376//9359 9378//9361 1435//1082
f 9377//9360 1435//1082 1433//1080 1499//1155
f 9378//9361 9376//9359 9379//9362 9380//9363
f 9378//9361 9380//9363 9381//9364 9382//9365
f 9378//9361 9382//9365 1436//1083 1435//1082
f 9382//9365 9381//9364 9383//9366 9384//9367
f 9382//9365 9384//9367 1368//1004 1436//1083
f 9384//9367 9383//9366 9385//9368 9386//9369
f 9384//9367 9386//9369 1366//1002 1368//1004
f 9386//9369 9385//9368 9387//9370 9388//9371
f 9386//9369 9388//9371 1367//1003 1366//1002
f 9388//9371 9387//9370 9389//9372 9390//9373
f 9388//9371 9390//9373 9391//9374 1367//1003
f 9391//9374 9390//9373 9392//9375 9393//9376
f 9391//9374 9393//9376 9394//9377 9395//9378
f 9391//9374 9395//9378 1346//981 1367//1003
f 9395//9378 9394//9377 9396//9379 9397//9380
f 9395//9378 9397//9380 1347//982 1346//981
f 9397//9380 9396//9379 9398//9381 9399//9382
f 9397//9380 9399//9382 1348//983 1347//982
f 9399//9382 9398//9381 9400//9383 9401//9384
f 9399//9382 9401//9384 9402//9385 1348//983
f 9402//9385 9403//9386 1343//977 1348//983
f 9402//9385 9401//9384 9404//9387 9405//9388
f 9402//9385 9405//9388 9406//9389 9403//9386
f 9406//9389 9407//9390 9408//9391 9403//9386
f 9406//9389 9405//9388 9409//9392 9410//9393
f 9406//9389 9410//9393 9411//9394 9407//9390
f 9411//9394 9412//9395 9413//9396 9407//9390
f 9411//9394 9410//9393 9414//9397 9415//9398
f 9411//9394 9415//9398 9416//9399 9412//9395
f 9416//9399 9417//9400 9418//9401 9412//9395
f 9416//9399 9415//9398 9419//9402 9420//9403
f 9416//9399 9420//9403 9421//9404 9417//9400
f 9421//9404 9422//9405 9423//9406 9417//9400
f 9421//9404 9420//9403 9424//9407 1319//948
f 9421//9404 1319//948 1318//947 9422//9405
f 9424//9407 9420//9403 9419//9402 9425//9408
f 9424//9407 9425//9408 9426//9409 9427//9410
f 9424//9407 9427//9410 1317//946 1319//948
f 9427//9410 9426//9409 1299//926 1309//936
f 9427//9410 1309//936 1312//939 1317//946
f 9426//9409 9425//9408 9428//9411 9429//9412
f 9426//9409 9429//9412 1295//918 1299//926
f 9429//9412 9428//9411 9430//9413 9431//9414
f 9429//9412 9431//9414 1296//919 1295//918
f 9431//9414 9430//9413 9432//9415 9433//9416
f 9431//9414 9433//9416 1313//940 1296//919
f 9433//9416 9432//9415 9434//9417 9435//9418
f 9433//9416 9435//9418 1315//943 1313//940
f 9435//9418 9434//9417 9436//9419 9437//9420
f 9435//9418 9437//9420 1316//944 1315//943
f 9437//9420 9436//9419 9438//9421 9439//9422
f 9437//9420 9439//9422 9440//9423 1316//944
f 9440//9423 9439//9422 9441//9424 9442//9425
f 9440//9423 9442//9425 1323//952 1322//951
f 9440//9423 1322//951 1314//942 1316//944
f 9442//9425 9441//9424 9443//9426 9444//9427
f 9442//9425 9444//9427 9445//9428 1323//952
f 9445//9428 9444//9427 1333//964 1332//963
f 9445//9428 1332//963 1331//962 9446//9429
f 9445//9428 9446//9429 1320//949 1323//952
f 9446//9429 1331//962 9447//9430 9448//9431
f 9446//9429 9448//9431 1321//950 1320//949
f 9448//9431 9447//9430 9449//9432 9450//9433
f 9448//9431 9450//9433 9451//9434 1321//950
f 9451//9434 9450//9433 9452//9435 9453//9436
f 9451//9434 9453//9436 9423//9406 9422//9405
f 9451//9434 9422//9405 1318//947 1321//950
f 9453//9436 9452//9435 9454//9437 9455//9438
f 9453//9436 9455//9438 9456//9439 9423//9406
f 9456//9439 9455//9438 9457//9440 9458//9441
f 9456//9439 9458//9441 9459//9442 9418//9401
f 9456//9439 9418//9401 9417//9400 9423//9406
f 9459//9442 9458//9441 9460//9443 9461//9444
f 9459//9442 9461//9444 9462//9445 9413//9396
f 9459//9442 9413//9396 9412//9395 9418//9401
f 9462//9445 9461//9444 1365//1001 1359//995
f 9462//9445 1359//995 1344//978 9408//9391
f 9462//9445 9408//9391 9407//9390 9413//9396
f 9461//9444 9460//9443 9463//9446 1365//1001
f 9463//9446 9464//9447 1437//1085 1439//1087
f 9463//9446 1439//1087 1363//999 1365//1001
f 9463//9446 9460//9443 9465//9448 9464//9447
f 9465//9448 9466//9449 9467//9450 9464//9447
f 9465//9448 9460//9443 9458//9441 9457//9440
f 9465//9448 9457//9440 9468//9451 9466//9449
f 9468//9451 9469//9452 1374//1011 9466//9449
f 9468//9451 9457//9440 9455//9438 9454//9437
f 9468//9451 9454//9437 9470//9453 9469//9452
f 9470//9453 9471//9454 1387//1025 9469//9452
f 9470//9453 9454//9437 9452//9435 9472//9455
f 9470//9453 9472//9455 9473//9456 9471//9454
f 9473//9456 9474//9457 9475//9458 9471//9454
f 9473//9456 9472//9455 9449//9432 9476//9459
f 9473//9456 9476//9459 9477//9460 9474//9457
f 9477//9460 9478//9461 9479//9462 9474//9457
f 9477//9460 9476//9459 9480//9463 1327//957
f 9477//9460 1327//957 1326//956 9478//9461
f 9480//9463 9476//9459 9449//9432 9447//9430
f 9480//9463 9447//9430 1331//962 1330//961
f 9480//9463 1330//961 1328//958 1327//957
f 9479//9462 9481//9464 9482//9465 9483//9466
f 9479//9462 9483//9466 9475//9458 9474//9457
f 9479//9462 9478//9461 9484//9467 9481//9464
f 9484//9467 9485//9468 9486//9469 9481//9464
f 9484//9467 9478//9461 1326//956 1325//955
f 9484//9467 1325//955 9487//9470 9485//9468
f 9487//9470 9488//9471 9489//9472 9485//9468
f 9487//9470 1325//955 1324//954 9490//9473
f 9487//9470 9490//9473 9443//9426 9488//9471
f 9490//9473 1324//954 1329//959 1333//964
f 9490//9473 1333//964 9444//9427 9443//9426
f 9489//9472 9491//9474 9492//9475 9493//9476
f 9489//9472 9493//9476 9486//9469 9485//9468
f 9489//9472 9488//9471 9494//9477 9491//9474
f 9494//9477 9438//9421 9495//9478 9491//9474
f 9494//9477 9488//9471 9443//9426 9441//9424
f 9494//9477 9441//9424 9439//9422 9438//9421
f 9495//9478 9496//9479 1337//969 1342//975
f 9495//9478 1342//975 9492//9475 9491//9474
f 9495//9478 9438//9421 9436//9419 9496//9479
f 9496//9479 9497//9480 1338//970 1337//969
f 9496//9479 9436//9419 9434//9417 9497//9480
f 9497//9480 9498//9481 9499//9482 1338//970
f 9497//9480 9434//9417 9432//9415 9498//9481
f 9499//9482 9500//9483 9409//9392 9501//9484
f 9499//9482 9501//9484 1334//966 1338//970
f 9499//9482 9498//9481 9502//9485 9500//9483
f 9502//9485 9503//9486 9414//9397 9500//9483
f 9502//9485 9498//9481 9432//9415 9430//9413
f 9502//9485 9430//9413 9428//9411 9503//9486
f 9503//9486 9419//9402 9415//9398 9414//9397
f 9503//9486 9428//9411 9425//9408 9419//9402
f 9501//9484 9409//9392 9405//9388 9404//9387
f 9501//9484 9404//9387 1335//967 1334//966
f 9500//9483 9414//9397 9410//9393 9409//9392
f 9493//9476 9492//9475 9504//9487 9505//9488
f 9493//9476 9505//9488 9506//9489 9486//9469
f 9506//9489 9505//9488 9507//9490 9508//9491
f 9506//9489 9508//9491 9509//9492 9482//9465
f 9506//9489 9482//9465 9481//9464 9486//9469
f 9509//9492 9508//9491 9510//9493 9511//9494
f 9509//9492 9511//9494 1384//1022 1383//1021
f 9509//9492 1383//1021 9483//9466 9482//9465
f 9511//9494 9510//9493 9512//9495 9513//9496
f 9511//9494 9513//9496 1385//1023 1384//1022
f 9513//9496 9512//9495 9514//9497 9515//9498
f 9513//9496 9515//9498 9516//9499 1385//1023
f 9516//9499 9515//9498 9517//9500 9518//9501
f 9516//9499 9518//9501 9519//9502 9520//9503
f 9516//9499 9520//9503 1386//1024 1385//1023
f 9520//9503 9519//9502 9521//9504 9522//9505
f 9520//9503 9522//9505 1388//1026 1386//1024
f 9522//9505 9521//9504 9523//9506 9524//9507
f 9522//9505 9524//9507 9525//9508 1388//1026
f 9525//9508 1377//1014 1376//1013 1388//1026
f 9525//9508 9524//9507 1510//1167 9526//9509
f 9525//9508 9526//9509 9527//9510 1377//1014
f 9527//9510 9528//9511 1378//1015 1377//1014
f 9527//9510 9526//9509 1462//1113 1461//1112
f 9527//9510 1461//1112 9529//9512 9528//9511
f 9529//9512 9530//9513 9531//9514 9528//9511
f 9529//9512 1461//1112 1460//1111 9532//9515
f 9529//9512 9532//9515 9392//9375 9530//9513
f 9532//9515 1460//1111 1390//1029 9533//9516
f 9532//9515 9533//9516 9393//9376 9392//9375
f 9533//9516 1390//1029 1389//1028 9534//9517
f 9533//9516 9534//9517 9394//9377 9393//9376
f 9534//9517 1389//1028 1371//1008 1370//1007
f 9534//9517 1370//1007 9396//9379 9394//9377
f 9531//9514 9535//9518 1358//993 1381//1019
f 9531//9514 1381//1019 1378//1015 9528//9511
f 9531//9514 9530//9513 9389//9372 9535//9518
f 9535//9518 9536//9519 1356//991 1358//993
f 9535//9518 9389//9372 9387//9370 9536//9519
f 9536//9519 9537//9520 1357//992 1356//991
f 9536//9519 9387//9370 9385//9368 9537//9520
f 9537//9520 9538//9521 9539//9522 1357//992
f 9537//9520 9385//9368 9383//9366 9538//9521
f 9539//9522 9538//9521 9540//9523 9541//9524
f 9539//9522 9541//9524 9542//9525 9543//9526
f 9539//9522 9543//9526 1354//989 1357//992
f 9543//9526 9542//9525 9544//9527 9545//9528
f 9543//9526 9545//9528 1355//990 1354//989
f 9545//9528 9544//9527 9546//9529 9547//9530
f 9545//9528 9547//9530 9548//9531 1355//990
f 9548//9531 9547//9530 9549//9532 9550//9533
f 9548//9531 9550//9533 9507//9490 9551//9534
f 9548//9531 9551//9534 1340//973 1355//990
f 9551//9534 9507//9490 9505//9488 9504//9487
f 9551//9534 9504//9487 1341//974 1340//973
f 9550//9533 9549//9532 9512//9495 9510//9493
f 9550//9533 9510//9493 9508//9491 9507//9490
f 9549//9532 9547//9530 9546//9529 9552//9535
f 9549//9532 9552//9535 9514//9497 9512//9495
f 9552//9535 9546//9529 9553//9536 9554//9537
f 9552//9535 9554//9537 9555//9538 9514//9497
f 9555//9538 9554//9537 9556//9539 9557//9540
f 9555//9538 9557//9540 9558//9541 9517//9500
f 9555//9538 9517//9500 9515//9498 9514//9497
f 9558//9541 9557//9540 1416//1059 1415//1058
f 9558//9541 1415//1058 1419//1063 9559//9542
f 9558//9541 9559//9542 9518//9501 9517//9500
f 9559//9542 1419//1063 1451//1100 9560//9543
f 9559//9542 9560//9543 9519//9502 9518//9501
f 9560//9543 1451//1100 9561//9544 9562//9545
f 9560//9543 9562//9545 9521//9504 9519//9502
f 9562//9545 9561//9544 9563//9546 9564//9547
f 9562//9545 9564//9547 9523//9506 9521//9504
f 9564//9547 9563//9546 9565//9548 1512//1169
f 9564//9547 1512//1169 1511//1168 9523//9506
f 9565//9548 9563//9546 9566//9549 9567//9550
f 9565//9548 9567//9550 9371//9354 9568//9551
f 9565//9548 9568//9551 1508//1165 1512//1169
f 9568//9551 9371//9354 9369//9352 9569//9552
f 9568//9551 9569//9552 1509//1166 1508//1165
f 9569//9552 9369//9352 9365//9348 9364//9347
f 9569//9552 9364//9347 1518//1176 1509//1166
f 9567//9550 9566//9549 9570//9553 9374//9357
f 9567//9550 9374//9357 9372//9355 9371//9354
f 9570//9553 9566//9549 9571//9554 9572//9555
f 9570//9553 9572//9555 9573//9556 9574//9557
f 9570//9553 9574//9557 9375//9358 9374//9357
f 9574//9557 9573//9556 9575//9558 9379//9362
f 9574//9557 9379//9362 9376//9359 9375//9358
f 9575//9558 9573//9556 1486//1140 9576//9559
f 9575//9558 9576//9559 9577//9560 9578//9561
f 9575//9558 9578//9561 9380//9363 9379//9362
f 9578//9561 9577//9560 9541//9524 9540//9523
f 9578//9561 9540//9523 9381//9364 9380//9363
f 9577//9560 9576//9559 9579//9562 9580//9563
f 9577//9560 9580//9563 9542//9525 9541//9524
f 9580//9563 9579//9562 9581//9564 9582//9565
f 9580//9563 9582//9565 9544//9527 9542//9525
f 9582//9565 9581//9564 9583//9566 9553//9536
f 9582//9565 9553//9536 9546//9529 9544//9527
f 9583//9566 9581//9564 1403//1044 1406//1048
f 9583//9566 1406//1048 9584//9567 9556//9539
f 9583//9566 9556//9539 9554//9537 9553//9536
f 9584//9567 1406//1048 1405//1047 9307//9290
f 9584//9567 9307//9290 1412//1055 1416//1059
f 9584//9567 1416//1059 9557//9540 9556//9539
f 9581//9564 9579//9562 1404//1045 1403//1044
f 9579//9562 9576//9559 1486//1140 1404//1045
f 9573//9556 9572//9555 1487//1141 1486//1140
f 9572//9555 9571//9554 1450//1099 1487//1141
f 9571//9554 9561//9544 1451//1100 1450//1099
f 9571//9554 9566//9549 9563//9546 9561//9544
f 9540//9523 9538//9521 9383//9366 9381//9364
f 9530//9513 9392//9375 9390//9373 9389//9372
f 9526//9509 1510//1167 1463//1114 1462//1113
f 9524//9507 9523//9506 1511//1168 1510//1167
f 9504//9487 9492//9475 1342//975 1341//974
f 9483//9466 1383//1021 1382//1020 9475//9458
f 9475//9458 1382//1020 1387//1025 9471//9454
f 9472//9455 9452//9435 9450//9433 9449//9432
f 9469//9452 1387//1025 1375//1012 1374//1011
f 9467//9450 1373//1010 1372//1009 1393//1032
f 9467//9450 1393//1032 1437//1085 9464//9447
f 9467//9450 9466//9449 1374//1011 1373//1010
f 9408//9391 1344//978 1343//977 9403//9386
f 9404//9387 9401//9384 9400//9383 1335//967
f 9400//9383 9398//9381 1369//1006 1380//1018
f 9400//9383 1380//1018 1336//968 1335//967
f 9398//9381 9396//9379 1370//1007 1369//1006
f 9320//9303 9316//9299 9315//9298 9262//9244
f 9319//9302 1420//1064 1418//1061 9314//9297
f 9315//9298 9312//9295 9267//9249 9265//9247
f 9315//9298 9265//9247 9263//9245 9262//9244
f 9309//9292 9304//9287 9585//9568 9274//9256
f 9309//9292 9274//9256 9272//9254 9271//9253
f 9585//9568 9278//9260 9275//9257 9274//9256
f 9585//9568 9304//9287 9302//9285 9283//9265
f 9585//9568 9283//9265 9280//9262 9278//9260
f 9302//9285 9299//9282 9284//9266 9283//9265
f 9256//9238 9252//9234 9248//9230 9247//9229
f 9251//9233 9250//9232 1533//1194 1532//1193
f 9236//9218 9229//9211 9227//9209 9226//9208
f 9208//9190 9117//9100 9113//9096 9112//9095
f 9208//9190 9206//9188 9205//4248 9117//9100
f 9205//4248 9122//9105 9118//9101 9117//9100
f 9205//4248 9203//9186 9586//9569 9122//9105
f 9586//9569 9127//9110 9123//9106 9122//9105
f 9586//9569 9203//9186 9202//9185 9132//9115
f 9586//9569 9132//9115 9129//9112 9127//9110
f 9202//9185 9135//9118 9133//9116 9132//9115
f 9180//9163 9178//9161 9139//9122 9137//9120
f 9126//9109 9587//9570 9588//9571 9589//9572
f 9126//9109 9589//9572 9121//9104 9120//9103
f 9126//9109 9125//9108 8894//8877 9587//9570
f 9589//9572 9588//9571 9590//9573 9591//9574
f 9589//9572 9591//9574 9592//9575 9121//9104
f 9592//9575 9591//9574 1886//1597 9593//9576
f 9592//9575 9593//9576 9594//9577 9116//9099
f 9592//9575 9116//9099 9115//9098 9121//9104
f 9594//9577 9593//9576 9595//9578 9596//9579
f 9594//9577 9596//9579 9597//9580 9111//9094
f 9594//9577 9111//9094 9110//9093 9116//9099
f 9597//9580 9596//9579 9598//9581 9599//9582
f 9597//9580 9599//9582 9600//9583 9106//9089
f 9597//9580 9106//9089 9105//9088 9111//9094
f 9600//9583 9599//9582 9601//9584 9089//9072
f 9600//9583 9089//9072 9088//9071 9093//9076
f 9600//9583 9093//9076 9101//9084 9106//9089
f 9601//9584 9599//9582 9598//9581 9602//9585
f 9601//9584 9602//9585 9603//9586 9086//9069
f 9601//9584 9086//9069 9085//9068 9089//9072
f 9603//9586 9602//9585 9604//9587 9605//9588
f 9603//9586 9605//9588 9606//9589 9083//9066
f 9603//9586 9083//9066 9082//9065 9086//9069
f 9606//9589 9605//9588 9607//9590 2029//1763
f 9606//9589 2029//1763 293//1684 1962//1690
f 9606//9589 1962//1690 9080//9063 9083//9066
f 9607//9590 9608//9591 1978//1709 1981//1713
f 9607//9590 1981//1713 2024//1758 2029//1763
f 9607//9590 9605//9588 9604//9587 9608//9591
f 9608//9591 2003//1734 300//1710 1978//1709
f 9608//9591 9604//9587 9609//9592 2003//1734
f 9609//9592 9595//9578 1885//1596 2003//1734
f 9609//9592 9604//9587 9602//9585 9598//9581
f 9609//9592 9598//9581 9596//9579 9595//9578
f 9595//9578 9593//9576 1886//1597 1885//1596
f 9591//9574 9590//9573 280//1592 1886//1597
f 9590//9573 1807//1506 1816//1515 280//1592
f 9590//9573 9588//9571 1808//1507 1807//1506
f 9588//9571 9587//9570 1952//1677 1808//1507
f 9587//9570 8894//8877 1954//1679 1952//1677
f 9125//9108 8897//8880 8895//8878 8894//8877
f 9098//9081 9097//9080 1555//1220 1554//1219
f 9097//9080 1580//1248 1556//1221 1555//1220
f 9095//9078 9094//9077 1581//1249 1580//1248
f 9094//9077 9090//9073 9061//9044 9060//9043
f 9094//9077 9060//9043 1582//1250 1581//1249
f 9039//9022 8987//8970 8985//8968 8984//8967
f 9023//9006 1643//1319 1642//1318 9020//9003
f 8962//8945 8958//8941 8957//8940 1443//1091
f 8926//8909 1588//1256 1587//1255 8923//8906
f 2025//1759 2024//1758 1981//1713 1980//1712
f 1995//1728 1828//1530 1825//1527 1864//1571
f 1965//1694 1964//1693 1764//1457 261//1453
f 1963//1691 1830//1532 1829//1531 1960//1688
f 1927//1646 1852//1557 1849//1554 1922//1641
f 1923//1642 1922//1641 1849//1554 1848//1553
f 1920//1638 1834//1537 1839//1542 1916//1634
f 1917//1635 1916//1634 1839//1542 1895//1608
f 1909//1624 1717//1404 1714//1401 1827//1529
f 1905//1619 1819//1519 1818//1518 1900//1614
f 1897//1610 1896//1609 1838//1541 1837//1540
f 1896//1609 1895//1608 1839//1542 1838//1541
f 1869//1577 1749//1440 1748//1439 1865//1573
f 1866//1574 1865//1573 1748//1439 1752//1443
f 1842//1546 1736//1425 1697//1383 1772//1466
f 1805//1503 1713//1400 1712//1399 1800//1498
f 1800//1498 1712//1399 1711//1398 1723//1411
f 1793//1489 1678//1358 1677//1357 1791//1487
f 1792//1488 1791//1487 1677//1357 1676//1356
f 1784//1479 1651//1329 1650//1328 1781//1476
f 1782//1477 1781//1476 1650//1328 1649//1327
f 1772//1466 1697//1383 1696//1382 1768//1462
f 1769//1463 1768//1462 1696//1382 1700//1386
f 1763//1456 1762//1455 1693//1378 1692//1377
f 1746//1436 1702//1389 1686//1369 258//1368
f 1741//1431 1740//1430 1684//1365 1683//1364
f 1694//1379 1669//1348 1668//1347 250//1372
f 1687//1370 249//1366 1603//1272 1602//1271
f 1662//1341 1619//1291 1618//1290 1658//1337
f 1662//1341 1661//1340 1600//1269 1599//1268
f 1662//1341 1599//1268 1590//1258 1619//1291
f 1659//1338 1658//1337 1618//1290 1621//1293
f 1631//1304 238//1259 1593//1262 1625//1298
f 1619//1291 1590//1258 1589//1257 1615//1287
f 1605//1274 1587//1255 1586//1251 1598//1267
f 1599//1268 1598//1267 1586//1251 1590//1258
f 1592//1261 1591//1260 1584//1253 1583//1252
f 1577//1245 1517//1175 1516//1174 1558//1223
f 1560//1225 1559//1224 1550//1214 1543//1206
f 1547//1210 1546//1209 1529//1189 1534//1195
f 1521//1180 1520//1179 1458//1108 1457//1107
f 1480//1134 1432//1079 1431//1078 1478//1132
f 1478//1132 1431//1078 1434//1081 1476//1129
f 1469//1121 1468//1120 1423//1068 1422//1067
f 1439//1087 1438//1086 1364//1000 1363//999
f 1381//1019 1358//993 1339//971 1379//1017
f 1380//1018 1379//1017 1339//971 1336//968
f 1289//909 1288//908 9610//9593 9611//9594
f 9610//9593 1288//908 1287//907 9612//9595
f 1285//904 1248//9596 1247//857 1256//866
f 1285//904 187//901 1280//897 1279//896
f 1285//904 1279//896 1249//9597 1248//9596
f 187//901 1283//900 1281//898 1280//897
f 1279//896 1255//865 1254//864 1249//9597
f 1276//889 1278//894 1217//825 1272//885
f 1273//886 1272//885 1217//825 1216//824
f 1262//872 1261//871 9613//9598 9614//9599
f 9614//9599 9613//9598 9615//9600 9616//9601
f 9615//9600 9613//9598 9617//9602 9618//9603
f 9619//9604 9618//9603 9617//9602 9620//9605
f 9619//9604 9620//9605 9621//9606 9622//9607
f 9623//9608 9622//9607 9621//9606 9624//9609
f 9623//9608 9624//9609 9625//9610 9626//9611
f 9627//9612 9626//9611 9625//9610 9628//9613
f 9627//9612 9628//9613 9629//9614 9630//9615
f 9631//9616 9630//9615 9629//9614 9632//9617
f 9631//9616 9632//9617 9633//9618 9634//9619
f 9635//9620 9636//9621 9637//9622 9638//9623
f 9637//9622 9639//9624 9640//9625 9638//9623
f 9639//9624 9637//9622 9636//9621 9641//9626
f 9639//9624 9641//9626 9642//9627 1259//873
f 9642//9627 9643//9628 180//863 1259//873
f 9643//9628 9644//9629 1252//861 180//863
f 9644//9629 9645//9630 1253//862 1252//861
f 9633//9618 9632//9617 9629//9614 9646//9631
f 9629//9614 9628//9613 9647//9632 9646//9631
f 9647//9632 9628//9613 9625//9610 9648//9633
f 9625//9610 9624//9609 9649//9634 9648//9633
f 9649//9634 9624//9609 1211//818 1210//817
f 1244//854 1257//868 1212//819 1211//818
f 9624//9609 9621//9606 1244//854 1211//818
f 9621//9606 9620//9605 1245//855 1244//854
f 9620//9605 9617//9602 1260//870 1245//855
f 9617//9602 9613//9598 1261//871 1260//870
f 1260//870 1251//860 1246//856 1245//855
f 1182//777 1206//812 1212//819 1258//869
f 1257//868 1244//854 1249//9597 1254//864
f 1284//902 9843//816 1217//825 1278//894
f 9650//9635 1161//753 1160//752 9651//9636
f 9650//9635 1203//808 168//807 1161//753
f 9652//9637 1159//751 9653//9638 9654//9639
f 9652//9637 9654//9639 1173//768 1172//767
f 9652//9637 1160//752 156//745 1159//751
f 9654//9639 9653//9638 9655//9640 9656//9641
f 9654//9639 9656//9641 1177//772 1173//768
f 9656//9641 9655//9640 9657//9642 9658//9643
f 9656//9641 9658//9643 1099//673 1177//772
f 9658//9643 9657//9642 1028//595 1027//594
f 9658//9643 1027//594 1026//593 1099//673
f 9657//9642 855//386 850//381 1028//595
f 9657//9642 9655//9640 9659//9644 855//386
f 9659//9644 9660//9645 853//384 855//386
f 9659//9644 9655//9640 9653//9638 1123//704
f 9659//9644 1123//704 1122//703 9660//9645
f 9660//9645 9661//9646 854//385 853//384
f 9660//9645 1122//703 1125//706 9661//9646
f 9661//9646 9662//9647 9663//9648 854//385
f 9661//9646 1125//706 9664//9649 9662//9647
f 9664//9649 9665//9650 9666//9651 9662//9647
f 9667//9652 1130//712 9668//9653 1121//702
f 9667//9652 1121//702 1120//701 9669//9654
f 9667//9652 9670//9655 1131//713 1130//712
f 9671//9656 9669//9654 1061//629 1060//628
f 9671//9656 1060//628 9672//9657 877//419
f 9672//9657 1060//628 1059//627 9673//9658
f 9672//9657 9673//9658 870//410 9674//9659
f 9672//9657 9674//9659 873//415 877//419
f 9674//9659 870//410 869//409 998//558
f 9674//9659 998//558 872//413 873//415
f 9673//9658 1059//627 1062//631 9675//9660
f 9673//9658 9675//9660 867//406 870//410
f 9675//9660 1062//631 879//421 9676//9661
f 9675//9660 9676//9661 868//407 867//406
f 9676//9661 879//421 690//173 689//172
f 9676//9661 689//172 878//420 868//407
f 9669//9654 1120//701 1064//633 1061//629
f 9666//9651 9677//9662 9678//9663 9679//9664
f 9666//9651 9679//9664 9663//9648 9662//9647
f 9666//9651 9665//9650 9680//9665 9677//9662
f 9680//9665 9681//9666 9682//9667 9677//9662
f 9682//9667 9683//9668 9684//9669 9685//9670
f 9682//9667 9685//9670 9678//9663 9677//9662
f 9682//9667 9681//9666 9686//9671 9683//9668
f 9686//9671 9687//9672 9688//9673 9683//9668
f 9688//9673 9689//9674 820//343 1004//563
f 9688//9673 1004//563 9684//9669 9683//9668
f 9688//9673 9687//9672 9690//9675 9689//9674
f 9690//9675 1001//9676 1000//561 9689//9674
f 9689//9674 1000//561 807//326 820//343
f 9685//9670 9684//9669 9691//9677 9692//9678
f 9685//9670 9692//9678 9693//9679 9678//9663
f 9693//9679 9692//9678 9694//9680 9695//9681
f 9693//9679 9695//9681 9696//9682 9697//9683
f 9693//9679 9697//9683 9679//9664 9678//9663
f 9697//9683 9696//9682 9698//9684 9699//9685
f 9697//9683 9699//9685 9663//9648 9679//9664
f 9699//9685 9698//9684 852//383 851//382
f 9699//9685 851//382 854//385 9663//9648
f 9698//9684 9696//9682 9700//9686 9701//9687
f 9698//9684 9701//9687 9702//9688 852//383
f 9702//9688 9701//9687 722//219 721//218
f 9702//9688 721//218 679//161 9703//9689
f 9702//9688 9703//9689 847//378 852//383
f 9703//9689 679//161 678//160 741//242
f 9703//9689 741//242 743//244 847//378
f 9701//9687 9700//9686 723//220 722//219
f 9700//9686 9704//9690 9705//9691 723//220
f 9700//9686 9696//9682 9695//9681 9704//9690
f 9705//9691 9706//9692 9707//9693 9708//9694
f 9705//9691 9708//9694 724//221 723//220
f 9705//9691 9704//9690 9709//9695 9706//9692
f 9709//9695 936//487 9710//9696 9706//9692
f 9709//9695 9704//9690 9695//9681 9694//9680
f 9709//9695 9694//9680 937//488 936//487
f 9710//9696 9711//9697 9712//9698 9713//9699
f 9710//9696 9713//9699 9707//9693 9706//9692
f 9710//9696 936//487 935//486 9711//9697
f 9713//9699 9712//9698 633//105 632//104
f 9713//9699 632//104 9714//9700 9707//9693
f 9714//9700 632//104 631//103 9715//9701
f 9714//9700 9715//9701 9716//9702 9717//9703
f 9714//9700 9717//9703 9708//9694 9707//9693
f 9717//9703 9716//9702 676//157 725//222
f 9717//9703 725//222 724//221 9708//9694
f 9716//9702 9715//9701 597//59 9718//9704
f 9716//9702 9718//9704 672//153 676//157
f 9718//9704 597//59 596//58 9719//9705
f 9718//9704 9719//9705 673//154 672//153
f 9719//9705 596//58 591//53 9720//9706
f 9719//9705 9720//9706 716//210 673//154
f 9720//9706 591//53 588//49 590//52
f 9720//9706 590//52 621//88 716//210
f 9715//9701 631//103 594//56 597//59
f 9712//9698 9711//9697 821//344 736//239
f 9712//9698 736//239 694//179 633//105
f 9711//9697 935//486 944//496 821//344
f 9694//9680 9692//9678 9691//9677 937//488
f 9691//9677 1003//562 938//489 937//488
f 9691//9677 9684//9669 1004//563 1003//562
f 9653//9638 1159//751 1124//705 1123//704
f 1239//849 1215//822 9721//9707 9722//9708
f 9723//9709 1174//769 1179//774 9724//9710
f 9723//9709 9721//9707 1175//770 1174//769
f 9724//9710 1179//774 1101//675 9725//9711
f 9724//9710 9725//9711 1188//785 1191//789
f 9725//9711 1101//675 1100//674 9726//9712
f 9725//9711 9726//9712 1189//786 1188//785
f 9726//9712 1100//674 1138//721 9727//9713
f 9726//9712 9727//9713 1209//815 1189//786
f 9727//9713 1138//721 1175//770 9721//9707
f 9727//9713 9721//9707 1215//822 1209//815
f 1219//829 1141//725 1140//724 1197//799
f 168//807 1155//747 1154//746 1161//753
f 1186//781 1185//780 1157//749 1156//748
f 1186//781 1156//748 1155//747 1183//778
f 1179//774 1178//773 1098//672 1101//675
f 1178//773 1177//772 1099//673 1098//672
f 1176//771 1175//770 1138//721 1134//716
f 1176//771 1134//716 1133//715 1147//736
f 1164//757 1092//663 1033//603 1106//682
f 1158//750 1153//744 963//518 962//517
f 1158//750 962//517 909//457 9728//9714
f 1158//750 9728//9714 1127//708 1126//707
f 9728//9714 909//457 905//453 9729//9715
f 9728//9714 9729//9715 1128//709 1127//708
f 9729//9715 905//453 904//452 1063//632
f 9729//9715 1063//632 1064//633 1128//709
f 1152//743 1019//582 1014//577 9730//9716
f 1152//743 9730//9716 964//519 963//518
f 9730//9716 1014//577 961//516 960//515
f 9730//9716 960//515 967//522 964//519
f 1137//720 1132//714 1032//601 1031//599
f 1128//709 1064//633 1120//701 1119//700
f 1116//695 136//566 1005//564 1007//567
f 1115//694 1103//677 9731//9717 1075//647
f 9731//9717 1103//677 1102//676 941//492
f 9731//9717 941//492 940//491 952//504
f 9731//9717 952//504 951//503 1075//647
f 1112//690 9732//9718 9733//9719 816//337
f 9733//9719 1068//640 1081//653 9734//9720
f 9733//9719 9734//9720 817//338 816//337
f 9733//9719 9732//9718 1069//641 1068//640
f 9734//9720 1081//653 990//549 989//548
f 9734//9720 989//548 819//341 817//338
f 9732//9718 900//448 1070//729 1069//641
f 1109//686 1108//685 902//450 901//449
f 1108//685 862//396 861//395 902//450
f 1108//685 1107//684 9735//9721 862//396
f 9735//9721 718//212 863//398 862//396
f 9735//9721 1107//684 1054//621 916//466
f 9735//9721 916//466 719//213 718//212
f 1102//676 1097//671 1036//607 1035//606
f 1102//676 1035//606 942//493 941//492
f 1097//671 1025//592 1030//598 1036//607
f 9736//9722 1089//9723 933//485 932//484
f 9736//9722 932//484 9737//9724 9738//9725
f 9736//9722 9738//9725 9739//9726 9740//9727
f 9740//9727 9741//9728 9742//9729 9743//9730
f 9740//9727 9739//9726 9744//9731 9741//9728
f 9744//9731 9745//9732 9746//9733 9741//9728
f 9744//9731 9739//9726 667//147 666//146
f 9744//9731 666//146 670//150 9745//9732
f 9746//9733 9747//9734 9748//9735 9749//9736
f 9746//9733 9749//9736 9742//9729 9741//9728
f 9746//9733 9745//9732 9750//9737 9747//9734
f 9750//9737 9751//9738 9752//9739 9747//9734
f 9750//9737 9745//9732 670//150 9753//9740
f 9750//9737 9753//9740 806//325 9751//9738
f 9753//9740 670//150 663//143 786//303
f 9753//9740 786//303 785//302 806//325
f 9752//9739 930//482 929//481 9754//9741
f 9752//9739 9754//9741 9748//9735 9747//9734
f 9752//9739 9751//9738 9755//9742 930//482
f 9755//9742 9756//9743 931//483 930//482
f 9755//9742 9751//9738 806//325 805//324
f 9755//9742 805//324 804//323 9756//9743
f 9756//9743 9737//9724 932//484 931//483
f 9756//9743 804//323 9757//9744 9737//9724
f 9757//9744 9758//9745 9738//9725 9737//9724
f 9757//9744 804//323 803//322 903//451
f 9757//9744 903//451 908//456 9758//9745
f 9758//9745 667//147 9739//9726 9738//9725
f 9758//9745 908//456 668//148 667//147
f 9754//9741 929//481 928//480 9759//9746
f 9754//9741 9759//9746 9760//9747 9748//9735
f 9760//9747 9761//9748 9749//9736 9748//9735
f 9760//9747 9759//9746 734//234 9762//9749
f 9760//9747 9762//9749 764//270 9761//9748
f 9762//9749 734//234 647//121 688//171
f 9762//9749 688//171 758//264 764//270
f 9761//9748 9763//9750 9742//9729 9749//9736
f 9761//9748 764//270 763//269 9763//9750
f 9763//9750 763//269 762//268 9764//9751
f 9763//9750 9764//9751 9743//9730 9742//9729
f 9764//9751 762//268 9765//9752 9766//9753
f 9764//9751 9766//9753 9767//9754 9743//9730
f 9765//9752 762//268 761//267 999//560
f 9759//9746 928//480 735//235 734//234
f 1088//661 838//364 831//355 833//358
f 9768//9755 9769//9755 136//566
f 1085//657 9770//9756 773//284 772//283
f 1085//657 772//283 893//438 1006//565
f 9770//9756 894//439 774//285 773//284
f 1083//655 812//333 943//494 986//544
f 1083//655 1082//654 1067//639 1071//643
f 1083//655 1071//643 813//334 812//333
f 1082//654 1081//653 1068//640 1067//639
f 1076//648 823//347 822//346 896//443
f 1065//636 9771//9757 9772//9758 9773//9759
f 1065//636 9773//9759 9774//9760 1066//637
f 9775//9761 9773//9759 9772//9758
f 9772//9758 9771//9757 9776//9762 9777//9762
f 1062//631 934//630 880//422 879//421
f 1051//617 951//503 818//339 819//341
f 1051//617 819//341 989//548 988//547
f 1045//662 833//358 832//357 1015//578
f 1045//662 1015//578 1020//583 1043//3542
f 1042//610 967//522 960//515 959//514
f 1041//9763 993//553 1040//9764 1039//9765
f 1041//9763 1039//9765 1038//9766 996//556
f 1040//9764 993//553 754//261 753//260
f 1040//9764 753//260 752//259 1037//9767
f 1038//9766 1037//9767 752//259 9778//9768
f 1038//9766 9778//9768 995//555 996//556
f 9778//9768 752//259 751//258 795//312
f 9778//9768 795//312 794//311 995//555
f 1036//607 1030//598 790//307 789//306
f 1034//604 788//305 787//304 915//465
f 1030//598 1029//597 791//308 790//307
f 1021//584 849//380 848//379 911//459
f 970//525 966//521 926//609 924//476
f 970//525 924//476 923//475 907//455
f 955//509 895//442 768//278 828//352
f 946//499 945//498 939//490 938//489
f 9779//9769 9780//9769 9781//9769
f 928//480 927//479 9782//9770 735//235
f 9782//9770 927//479 874//416 878//420
f 9782//9770 878//420 689//172 650//128
f 9782//9770 650//128 43//122 735//235
f 923//475 922//474 9783//9771 9784//9772
f 923//475 9784//9772 906//454 907//455
f 9784//9772 9783//9771 9785//9773 9786//9774
f 9784//9772 9786//9774 882//424 906//454
f 9786//9774 9785//9773 755//9775 692//176
f 9786//9774 692//176 691//175 882//424
f 9785//9773 9783//9771 801//318 800//317
f 9785//9773 800//317 756//262 755//9775
f 9783//9771 922//474 802//319 801//318
f 919//469 912//461 856//387 858//389
f 911//459 848//379 743//244 742//243
f 908//456 841//368 669//149 668//148
f 895//442 776//287 769//279 768//278
f 893//438 772//283 712//204 711//203
f 892//436 9787//9776 9788//9777 9789//9778
f 892//436 9789//9778 9790//9779 890//434
f 892//436 887//430 886//429 9787//9776
f 9790//9779 9789//9778 9791//9780 9792//9781
f 9790//9779 9792//9781 9793//9782 9794//9783
f 9790//9779 9794//9783 891//435 890//434
f 9794//9783 9793//9782 9795//9784 9796//9785
f 9794//9783 9796//9785 9797//9786 891//435
f 9797//9786 889//432 888//431 891//435
f 9798//9787 9799//9788 798//315 9800//9789
f 9798//9787 9800//9789 9801//9790 9802//9791
f 9798//9787 612//78 649//127 9799//9788
f 9802//9791 9801//9790 9788//9777 9787//9776
f 9802//9791 9787//9776 886//429 9803//9792
f 9801//9790 9800//9789 783//299 9804//9793
f 9801//9790 9804//9793 9805//9794 9788//9777
f 9805//9794 9804//9793 780//294 779//293
f 9805//9794 779//293 778//292 9791//9780
f 9805//9794 9791//9780 9789//9778 9788//9777
f 9804//9793 783//299 702//193 780//294
f 9800//9789 798//315 784//300 783//299
f 9799//9788 757//263 799//316 798//315
f 9799//9788 649//127 648//126 757//263
f 9796//9785 9795//9784 9806//9795 615//81
f 9806//9795 9795//9784 589//50 586//47
f 9806//9795 586//47 585//46 9807//9796
f 9806//9795 9807//9796 616//82 615//81
f 9807//9796 9808//9797 617//83 616//82
f 9807//9796 585//46 587//48 9808//9797
f 9808//9797 9809//9798 9810//9799 617//83
f 9808//9797 587//48 9811//9800 9809//9798
f 9811//9800 9812//9801 9813//9802 9809//9798
f 9811//9800 587//48 583//43 660//140
f 9811//9800 660//140 659//139 9812//9801
f 9813//9802 9814//9803 9815//9804 9816//9805
f 9813//9802 9816//9805 9810//9799 9809//9798
f 9813//9802 9812//9801 9817//9806 9814//9803
f 9817//9806 9818//9807 9819//9808 9814//9803
f 9817//9806 9812//9801 659//139 664//144
f 9817//9806 664//144 9820//9809 9818//9807
f 9820//9809 9821//9810 9822//9811 9818//9807
f 9820//9809 664//144 658//137 627//95
f 9820//9809 627//95 626//94 9821//9810
f 9822//9811 581//41 9823//9812 9824//9813
f 9822//9811 9824//9813 9819//9808 9818//9807
f 9822//9811 9821//9810 578//38 581//41
f 9824//9813 9823//9812 606//70 635//107
f 9824//9813 635//107 9825//9814 9819//9808
f 9825//9814 635//107 634//106 9826//9815
f 9825//9814 9826//9815 9827//9816 9815//9804
f 9825//9814 9815//9804 9814//9803 9819//9808
f 9827//9816 9826//9815 696//182 9828//9817
f 9827//9816 9828//9817 686//169 9829//9818
f 9827//9816 9829//9818 9816//9805 9815//9804
f 9829//9818 686//169 685//168 9830//9819
f 9829//9818 9830//9819 9810//9799 9816//9805
f 9830//9819 685//168 614//80 613//79
f 9830//9819 613//79 617//83 9810//9799
f 9828//9817 696//182 695//181 759//265
f 9828//9817 759//265 687//170 686//169
f 9826//9815 634//106 693//178 696//182
f 9823//9812 566//19 565//18 606//70
f 9823//9812 581//41 577//37 566//19
f 9821//9810 626//94 579//39 578//38
f 9795//9784 9793//9782 624//91 589//50
f 9793//9782 9792//9781 9831//9820 624//91
f 9831//9820 9792//9781 9791//9780 778//292
f 9831//9820 778//292 777//291 830//354
f 9831//9820 830//354 622//89 624//91
f 863//398 9832//9821 837//363 836//362
f 863//398 718//212 717//211 9832//9821
f 9832//9821 620//87 623//90 837//363
f 9832//9821 717//211 621//88 620//87
f 846//376 9833//9822 9834//9823 844//374
f 9834//9823 9835//9824 9836//9825 9837//9826
f 9834//9823 9837//9826 845//375 844//374
f 9834//9823 9833//9822 782//298 9835//9824
f 9837//9826 9836//9825 738//9827 737//9828
f 9837//9826 737//9828 740//9829 845//375
f 9836//9825 655//134 654//133 738//9827
f 9836//9825 9835//9824 671//151 655//134
f 9835//9824 782//298 704//196 671//151
f 845//375 740//9829 9838//9830 843//373
f 9838//9830 657//136 656//135 665//145
f 9838//9830 665//145 669//149 843//373
f 9838//9830 740//9829 739//9831 657//136
f 958//513 781//296 782//298 9833//9822
f 830//354 829//353 623//90 622//89
f 800//317 799//316 757//263 756//262
f 797//314 713//205 39//158 680//162
f 795//312 751//258 750//257 792//309
f 793//310 792//309 750//257 9839//9832
f 793//310 9839//9832 643//115 681//164
f 793//310 681//164 683//166 728//228
f 9839//9832 750//257 726//224 730//230
f 9839//9832 730//230 640//112 643//115
f 786//303 663//143 662//142 703//195
f 776//287 775//286 770//280 769//279
f 771//282 708//200 698//186 710//202
f 767//275 749//256 748//255 765//273
f 766//274 73//254 749//256 767//275
f 766//274 51//272 765//273 748//255
f 759//265 758//264 688//171 687//170
f 739//9831 738//9827 654//133 657//136
f 730//230 729//229 641//113 640//112
f 729//229 728//228 683//166 641//113
f 725//222 676//157 675//156 720//217
f 721//218 720//217 675//156 679//161
f 703//195 662//142 630//101 629//100
f 694//179 693//178 634//106 633//105
f 683//166 682//165 638//110 641//113
f 682//165 572//29 639//111 638//110
f 662//142 661//141 582//42 630//101
f 661//141 660//140 583//43 582//42
f 649//127 612//78 611//77 646//120
f 645//118 644//117 598//60 601//64
f 645//118 601//64 600//63 614//80
f 644//117 611//77 599//61 598//60
f 639//111 572//29 570//26 593//55
f 639//111 593//55 574//31 603//66
f 630//101 582//42 580//40 628//99
f 628//99 580//40 579//39 625//93
f 601//64 598//60 569//24 568//23
f 584//45 563//15 9840//9833 575//35
f 9840//9833 554//3 558//8 9841//9834
f 9840//9833 9841//9834 576//36 575//35
f 9840//9833 563//15 555//4 554//3
f 9841//9834 558//8 559//12 561//11
f 9841//9834 561//11 560//10 576//36
f 577//37 576//36 560//10 566//19
f 569//24 562//14 567//20 568//23
f 556//6 559//12 558//8 557//7
f 22//116 43//122 23//123 646//120
f 34//184 652//130 651//129 700//191
f 737//9828 738//9827 739//9831 740//9829
f 71//215 860//392 920//471 90//390
f 77//174 880//422 934//630 883//425
f 92//473 924//476 926//609 124//608
f 96//340 948//501 950//506 808//328
f 110//412 871//411 111//414 997//557
f 112//559 1000//561 1001//9676 1002//635
f 1037//9767 1038//9766 1039//9765 1040//9764
f 993//553 1041//9763 996//556 994//554
f 137//658 1045//662 1043//3542 1044//3541
f 933//485 1089//9723 1090//9835 1091//9836
f 1192//791 1194//795 1243//3435 1193//792
f 1244//854 1247//857 1248//9596 1249//9597
f 181//874 1266//883 1271//891 1267//878
f 188//905 1282//899 1281//898 1283//900
f 1994//1727 1996//6448 1997//6447 1998//6454
f 2149//6527 2150//6516 2151//6518 2200//6520
f 342//2020 2221//2026 2222//6528 2243//2021
f 2321//2103 2342//2143 2343//5706 2322//2104
f 466//2873 474//2892 478//2932 2989//2874
f 894//439 9770//9756 1085//657 1084//656
f 49//125 692//176 755//9775 756//262
f 182//884 1274//887 186//903 1275//888
f 190//911 193//923 195//924 1290//912
f 513//3189 3251//3187 3250//3186 3252//3188
f 113//497 954//508 953//507 949//502
f 229//1191 1536//1197 1544//9277 1537//1198
f 320//1875 332//1882 2206//5612 2130//1879
f 699//188 38//190 697//185 34//184
f 104//247 121//538 87//460 744//245
f 949//502 953//507 97//505 947//500
f 151//722 1115//694 1075//647 134//616
f 958//513 834//359 66//297 781//296
f 9670//9655 9667//9652 9669//9654 9671//9656
f 1129//711 148//710 1131//713
f 9736//9722 9740//9727 9743//9730 9767//9754
f 1090//9835 1089//9723 9736//9722
f 875//417 93//478 933//485 1091//9836
f 9722//9708 9721//9707 9723//9709
f 1284//902 1256//866 178//851 1242//853
f 9797//9786 9796//9785 615//81 612//78
f 864//400 747//253 749//256
f 9640//9625 9639//9624 1259//873 1262//872
f 1002//635 131//634 1066//637 9774//9760
f 152//728 1074//646 133//642 132//638
f 9681//9666 9665//9650 9664//9649 9668//9653
f 9681//9666 9680//9665 9665//9650
f 9664//9649 1125//706 9668//9653
f 1118//698 146//697 1121//702
f 9765//9752 999//560 131//634 1002//635
f 3470//3443 1148//737 1184//779
f 3470//3443 1184//779 3900//3875
f 3470//3443 3900//3875 1229//839
f 3470//3443 1229//839 1187//782
f 1187//782 162//740 1165//758 1214//821
f 1165//758 171//806 1214//821
f 1190//788 165//784 169//787
f 1190//788 169//787 9843//816
f 1190//788 9843//816 1284//902
f 1078//650 3881//3856 3882//3857
f 1078//650 3882//3857 3885//3860
f 1078//650 3885//3860 3886//3861
f 1078//650 3886//3861 1079//651
f 900//448 9732//9718 3881//3856
f 9732//9718 1112//690 1111//689 3881//3856
f 9615//9600 9618//9603 9619//9604 9622//9607
f 9622//9607 9623//9608 9626//9611 9627//9612
f 9622//9607 9627//9612 9630//9615 9631//9616
f 9616//9601 9622//9607 9631//9616 9634//9619
f 9616//9601 9615//9600 9622//9607
f 9643//9628 9642//9627 9636//9621 9635//9620
f 9642//9627 9641//9626 9636//9621
f 9651//9636 1160//752 9652//9637 1172//767
f 1210//817 1204//809 9651//9636 1172//767
f 1210//817 1205//810 1204//809
f 112//559 1002//635 131//634 999//560
f 132//638 1069//641 1070//729 152//728
f 522//3240 3294//3241 3299//7440 3297//3244
f 533//3233 3302//3248 9845//3270 3365//3322
f 1203//808 9650//9635 9651//9636 1204//809
f 479//2963 3068//7324 3066//2967
f 479//2963 3065//2966 3068//7324
f 1118//698 1121//702 9668//9653 1125//706
